pl_name,hostname,default_flag,pl_rade,pl_radeerr1,pl_radeerr2,pl_orbper,pl_orbpererr1,pl_orbpererr2,pl_eqt,pl_eqterr1,pl_eqterr2,st_teff,st_tefferr1,st_tefferr2,st_rad,st_raderr1,st_raderr2,st_mass,st_masserr1,st_masserr2,pl_rade_unc,pl_orbper_unc,pl_eqt_unc,st_teff_unc,st_rad_unc,st_mass_unc,proxy_habitable
AU Mic b,AU Mic,1,4.79,0.29,-0.29,8.463446,5e-06,-5e-06,554.8,31.6,-32.0,3540.0,120.0,-110.0,0.862,0.052,-0.052,0.635,0.04,-0.07,0.29,5e-06,31.8,0.052,0.052,0.05500000000000001,0
AU Mic c,AU Mic,1,2.79,0.18,-0.17,18.859023,2.2e-05,-2.4e-05,424.7,24.2,-24.5,3540.0,120.0,-110.0,0.862,0.052,-0.052,0.635,0.04,-0.07,0.175,2.3e-05,24.35,0.052,0.052,0.05500000000000001,0
BD-14 3065 b,BD-14 3065 A,1,21.59,1.05,-1.05,4.2889731,5.2e-06,-5.2e-06,2001.0,31.0,-31.0,6935.0,90.0,-90.0,2.35,0.08,-0.08,1.41,0.05,-0.05,1.05,5.2e-06,31.0,0.08,0.08,0.05,0
CFHTWIR-Oph 98 b,CFHTWIR-Oph 98 A,1,20.8487041,0.56044903,-0.56044903,8040000.0,470000.0,-470000.0,1800.0,40.0,-40.0,2320.0,40.0,-40.0,0.245,0.007,-0.008,0.0147,0.0008,-0.0008,0.56044903,470000.0,40.0,0.0075,0.0075,0.0008,0
CoRoT-1 b,CoRoT-1,1,16.7,0.9,-0.9,1.5089557,6.4e-06,-6.4e-06,1898.0,50.0,-50.0,5950.0,150.0,-150.0,1.11,0.05,-0.05,0.95,0.15,-0.15,0.9,6.4e-06,50.0,0.05,0.05,0.15,0
CoRoT-10 b,CoRoT-10,1,10.87,0.78,-0.78,13.2406,0.0002,-0.0002,600.0,23.0,-23.0,5075.0,75.0,-75.0,0.79,0.05,-0.05,0.89,0.05,-0.05,0.78,0.0002,23.0,0.05,0.05,0.05,0
CoRoT-11 b,CoRoT-11,1,16.03,0.34,-0.34,2.99433,1.1e-05,-1.1e-05,1657.0,55.0,-55.0,6440.0,120.0,-120.0,1.37,0.03,-0.03,1.27,0.05,-0.05,0.34,1.1e-05,55.0,0.03,0.03,0.05,0
CoRoT-12 b,CoRoT-12,1,16.14,1.46,-1.46,2.828042,1.3e-05,-1.3e-05,1442.0,58.0,-58.0,5675.0,80.0,-80.0,1.116,0.096,-0.092,1.078,0.077,-0.072,1.46,1.3e-05,58.0,0.094,0.094,0.0745,0
CoRoT-13 b,CoRoT-13,1,9.92,0.157,-0.157,4.03519,3e-05,-3e-05,1700.0,,,5945.0,90.0,-90.0,1.01,0.03,-0.03,1.09,0.02,-0.02,0.157,3e-05,0.0,0.03,0.03,0.02,0
CoRoT-14 b,CoRoT-14,1,12.22,0.78,-0.78,1.51214,0.00013,-0.00013,1952.0,66.0,-66.0,6035.0,100.0,-100.0,1.21,0.08,-0.08,1.13,0.09,-0.09,0.78,0.00013,66.0,0.08,0.08,0.09,0
CoRoT-17 b,CoRoT-17,1,11.43,0.78,-0.78,3.7681,0.0003,-0.0003,1626.0,31.0,-31.0,5740.0,80.0,-80.0,1.59,0.07,-0.07,1.04,0.1,-0.1,0.78,0.0003,31.0,0.07,0.07,0.1,0
CoRoT-18 b,CoRoT-18,1,14.68,2.02,-2.02,1.9000693,2.8e-06,-2.8e-06,1550.0,90.0,-90.0,5440.0,100.0,-100.0,1.0,0.13,-0.13,0.95,0.15,-0.15,2.02,2.8e-06,90.0,0.13,0.13,0.15,0
CoRoT-19 b,CoRoT-19,1,14.46,0.34,-0.34,3.89713,2e-05,-2e-05,2000.0,150.0,-150.0,6090.0,70.0,-70.0,1.65,0.04,-0.04,1.21,0.05,-0.05,0.34,2e-05,150.0,0.04,0.04,0.05,0
CoRoT-22 b,CoRoT-22,1,4.88,0.17,-0.39,9.75598,0.00011,-0.00011,885.0,53.0,-280.0,5939.0,54.0,-120.0,1.136,0.038,-0.09,1.099,0.049,-0.049,0.28,0.00011,166.5,0.064,0.064,0.049,0
CoRoT-23 b,CoRoT-23,1,11.77,1.46,-1.46,3.6313,0.0001,-0.0001,1660.0,,,5900.0,100.0,-100.0,1.61,0.18,-0.18,1.14,0.08,-0.08,1.46,0.0001,0.0,0.18,0.18,0.08,0
CoRoT-24 b,CoRoT-24,1,3.7,0.4,-0.4,5.1134,0.0006,-0.0006,1070.0,140.0,-140.0,4950.0,150.0,-150.0,0.86,0.09,-0.09,0.91,0.09,-0.09,0.4,0.0006,140.0,0.09,0.09,0.09,0
CoRoT-24 c,CoRoT-24,1,5.0,0.5,-0.5,11.759,0.0063,-0.0063,850.0,80.0,-80.0,4950.0,150.0,-150.0,0.86,0.09,-0.09,0.91,0.09,-0.09,0.5,0.0063,80.0,0.09,0.09,0.09,0
CoRoT-25 b,CoRoT-25,1,12.11,3.4,-1.12,4.86069,6e-05,-6e-05,1330.0,80.0,-40.0,6040.0,90.0,-90.0,1.19,0.14,-0.03,1.09,0.11,-0.05,2.26,6e-05,60.0,0.085,0.085,0.08,0
CoRoT-26 b,CoRoT-26,1,14.12,1.46,-0.78,4.20474,5e-05,-5e-05,1600.0,80.0,-70.0,5590.0,100.0,-100.0,1.79,0.18,-0.09,1.09,0.06,-0.06,1.12,5e-05,75.0,0.135,0.135,0.06,0
CoRoT-27 b,CoRoT-27,1,11.287,0.493,-0.493,3.57532,6e-05,-6e-05,1500.0,130.0,-130.0,5900.0,120.0,-120.0,1.08,0.18,-0.06,1.05,0.11,-0.11,0.493,6e-05,130.0,0.12,0.12,0.11,0
CoRoT-32 b,CoRoT-32,1,6.38913,0.67254,-0.56045,6.71837,1e-05,-1e-05,938.0,65.0,-52.0,5970.0,100.0,-100.0,0.79,0.08,-0.09,1.08,0.08,-0.07,0.616495,1e-05,58.5,0.08499999999999999,0.08499999999999999,0.07500000000000001,0
CoRoT-35 b,CoRoT-35,1,18.83108758,1.23298788,-1.23298788,3.22748,8e-05,-8e-05,1747.0,62.0,-62.0,6390.0,130.0,-130.0,1.65,0.1,-0.11,1.01,0.07,-0.06,1.23298788,8e-05,62.0,0.10500000000000001,0.10500000000000001,0.065,0
CoRoT-36 b,CoRoT-36,1,15.80466279,1.5692573,-1.5692573,5.616531,2.3e-05,-2.3e-05,1567.0,35.0,-35.0,6730.0,140.0,-140.0,1.52,0.2,-0.1,1.32,0.09,-0.09,1.5692573,2.3e-05,35.0,0.15000000000000002,0.15000000000000002,0.09,0
CoRoT-4 b,CoRoT-4,1,13.34,0.67,-0.56,9.20205,0.00037,-0.00037,1074.0,19.0,-19.0,6190.0,60.0,-60.0,1.17,0.01,-0.03,1.16,0.03,-0.02,0.615,0.00037,19.0,0.02,0.02,0.025,0
CoRoT-5 b,CoRoT-5,1,15.558,0.516,-0.527,4.0378962,1.9e-06,-1.9e-06,1438.0,39.0,-39.0,6100.0,65.0,-65.0,1.186,0.04,-0.04,1.0,0.02,-0.02,0.5215000000000001,1.9e-06,39.0,0.04,0.04,0.02,0
CoRoT-6 b,CoRoT-6,1,13.068,0.392,-0.392,8.886593,4e-06,-4e-06,1017.0,19.0,-19.0,6090.0,70.0,-70.0,1.025,0.026,-0.026,1.05,0.05,-0.05,0.392,4e-06,19.0,0.026,0.026,0.05,0
CoRoT-9 b,CoRoT-9,1,11.948794,0.840675,-0.706167,95.272656,6.8e-05,-6.8e-05,420.0,16.0,-16.0,5625.0,80.0,-80.0,0.96,0.06,-0.06,0.96,0.04,-0.04,0.7734209999999999,6.8e-05,16.0,0.06,0.06,0.04,0
DS Tuc A b,DS Tuc A,1,5.7,0.17,-0.17,8.138268,1.1e-05,-1.1e-05,850.0,,,5428.0,80.0,-80.0,0.964,0.029,-0.029,1.01,0.06,-0.06,0.17,1.1e-05,0.0,0.029,0.029,0.06,0
EPIC 201595106 b,EPIC 201595106,1,1.565,0.079,-0.079,0.87724,4e-05,-4e-05,2038.0,39.0,-39.0,5679.0,60.0,-39.0,0.98,0.025,-0.025,0.958,0.048,-0.048,0.079,4e-05,39.0,0.025,0.025,0.048,0
EPIC 205950854 c,K2-168,1,1.31,0.144,-0.063,8.050722,7.5e-05,-3.8e-05,960.6,20.5,-10.2,5502.7,101.0,-50.5,0.83,0.087,-0.043,0.877,0.06,-0.029,0.1035,5.65e-05,15.35,0.065,0.065,0.0445,0
EPIC 211822797 b,EPIC 211822797,1,1.92,0.12,-0.07,21.1701963,6.62e-05,-6.42e-05,431.0,4.0,-17.0,4057.0,37.0,-39.0,0.58,0.01,-0.01,0.62,0.02,-0.02,0.095,6.52e-05,10.5,0.01,0.01,0.02,0
EPIC 211945201 b,EPIC 211945201,1,5.76,0.3,-0.3,19.49221,0.000666,-0.000653,817.0,15.0,-14.0,6069.0,90.0,-90.0,1.39,0.02,-0.02,1.17,0.04,-0.04,0.3,0.0006595,14.5,0.02,0.02,0.04,0
EPIC 212297394 b,EPIC 212297394,1,1.48,0.13,-0.11,2.289363,0.000232,-0.000251,1149.0,43.0,-44.0,5171.0,172.0,-130.0,0.8,0.03,-0.03,0.83,0.05,-0.04,0.12,0.0002415,43.5,0.03,0.03,0.045,0
EPIC 212297394 c,EPIC 212297394,1,2.27,0.19,-0.14,5.213965,0.000442,-0.000442,866.0,27.0,-37.0,5171.0,172.0,-130.0,0.8,0.03,-0.03,0.83,0.05,-0.04,0.165,0.000442,32.0,0.03,0.03,0.045,0
EPIC 212587672 b,EPIC 212587672,1,1.26,0.11,-0.09,15.28078,0.000121,-0.000116,756.0,14.0,-15.0,6004.0,77.0,-78.0,0.98,0.04,-0.03,0.99,0.03,-0.04,0.1,0.00011850000000000001,14.5,0.035,0.035,0.035,0
EPIC 212587672 c,EPIC 212587672,1,2.32,0.19,-0.12,23.228555,6.8e-05,-7.1e-05,658.0,13.0,-14.0,6004.0,77.0,-78.0,0.98,0.04,-0.03,0.99,0.03,-0.04,0.155,6.950000000000001e-05,13.5,0.035,0.035,0.035,0
EPIC 212737443 b,EPIC 212737443,1,2.586,0.126,-0.126,13.603,0.0013,-0.0013,536.0,18.0,-18.0,4684.0,79.0,-79.0,0.673,0.024,-0.024,0.69,0.038,-0.038,0.126,0.0013,18.0,0.024,0.024,0.038,0
EPIC 212737443 c,EPIC 212737443,1,2.69,0.146,-0.146,65.55,0.0089,-0.0089,316.0,10.0,-10.0,4684.0,79.0,-79.0,0.673,0.024,-0.024,0.69,0.038,-0.038,0.146,0.0089,10.0,0.024,0.024,0.038,0
EPIC 220674823 b,EPIC 220674823,1,1.676,0.037,-0.037,0.5713127,5.5e-06,-5.5e-06,2299.0,36.0,-35.0,5578.0,46.0,-46.0,0.99,0.012,-0.012,0.913,0.024,-0.024,0.037,5.5e-06,35.5,0.012,0.012,0.024,0
EPIC 220674823 c,EPIC 220674823,1,2.84,0.1,-0.08,13.33989,0.00068,-0.0007,804.0,13.0,-12.0,5578.0,46.0,-46.0,0.99,0.012,-0.012,0.913,0.024,-0.024,0.09,0.0006900000000000001,12.5,0.012,0.012,0.024,0
EPIC 229004835 b,EPIC 229004835,1,2.332,0.08,-0.094,16.141132,1.9e-05,-1.9e-05,804.0,10.0,-10.0,5868.0,60.0,-60.0,0.999,0.008,-0.008,0.97,0.04,-0.04,0.087,1.9e-05,10.0,0.008,0.008,0.04,0
EPIC 246851721 b,EPIC 246851721,1,11.780659,0.493196,-0.493196,6.180235,1.4e-05,-1.4e-05,1401.0,16.0,-16.0,6202.0,52.0,-50.0,1.586,0.034,-0.033,1.317,0.041,-0.04,0.493196,1.4e-05,16.0,0.0335,0.0335,0.0405,0
EPIC 248847494 b,EPIC 248847494,1,12.44199,0.78463,-0.78463,3650.0,1280.0,-1130.0,183.0,25.0,-18.0,4898.0,68.0,-68.0,2.7,0.12,-0.12,0.9,0.09,-0.09,0.78463,1205.0,21.5,0.12,0.12,0.09,0
EPIC 249893012 b,EPIC 249893012,1,1.95,0.09,-0.08,3.5951,0.0003,-0.0003,1616.0,149.0,-79.0,5430.0,85.0,-85.0,1.71,0.04,-0.04,1.05,0.05,-0.05,0.08499999999999999,0.0003,114.0,0.04,0.04,0.05,0
EPIC 249893012 c,EPIC 249893012,1,3.67,0.17,-0.14,15.624,0.001,-0.001,990.0,92.0,-49.0,5430.0,85.0,-85.0,1.71,0.04,-0.04,1.05,0.05,-0.05,0.15500000000000003,0.001,70.5,0.04,0.04,0.05,0
EPIC 249893012 d,EPIC 249893012,1,3.94,0.13,-0.12,35.747,0.005,-0.005,752.0,69.0,-37.0,5430.0,85.0,-85.0,1.71,0.04,-0.04,1.05,0.05,-0.05,0.125,0.005,53.0,0.04,0.04,0.05,0
G 9-40 b,G 9-40,1,1.9,0.065,-0.065,5.7459982,2e-06,-2e-06,440.6,7.6,-7.6,3395.0,51.0,-51.0,0.3026,0.0095,-0.0095,0.2952,0.0136,-0.0136,0.065,2e-06,7.6,0.0095,0.0095,0.0136,0
GJ 1132 b,GJ 1132,1,1.19151465,0.03811053,-0.04483592,1.62892911,2.9e-07,-3e-07,583.8,11.0,-8.5,3229.0,78.0,-62.0,0.2211,0.0069,-0.0081,0.1945,0.0048,-0.0046,0.041473225,2.95e-07,9.75,0.0075,0.0075,0.004699999999999999,0
GJ 1214 b,GJ 1214,1,2.733,0.033,-0.031,1.580404531,1.8e-08,-1.7e-08,567.0,7.6,-7.6,3101.0,43.0,-43.0,0.2162,0.0025,-0.0024,0.182,0.0042,-0.0041,0.032,1.7499999999999998e-08,7.6,0.00245,0.00245,0.00415,0
GJ 143 b,GJ 143,1,2.61,0.17,-0.16,35.61253,0.0006,-0.00062,422.0,15.0,-14.0,4640.0,100.0,-100.0,0.695,0.03,-0.03,0.73,0.07,-0.07,0.165,0.00061,14.5,0.03,0.03,0.07,0
GJ 238 b,GJ 238,1,0.566,0.014,-0.014,1.7446999,1.9e-06,-1.8e-06,758.0,16.0,-15.0,3485.0,140.0,-140.0,0.4314,0.0075,-0.0071,0.4193,0.0095,-0.0098,0.014,1.85e-06,15.5,0.0073,0.0073,0.009649999999999999,0
GJ 3090 b,GJ 3090,1,2.18,0.06,-0.06,2.85310198,8.2e-07,-8.2e-07,723.0,13.0,-13.0,3707.0,32.0,-32.0,0.516,0.016,-0.016,0.519,0.013,-0.013,0.06,8.2e-07,13.0,0.016,0.016,0.013,0
GJ 3470 b,GJ 3470,1,4.57,0.18,-0.18,3.3366496,3.9e-06,-3.3e-06,593.5,96.5,-96.5,3600.0,100.0,-100.0,0.547,0.018,-0.018,0.539,0.047,-0.043,0.18,3.6000000000000003e-06,96.5,0.018,0.018,0.045,0
GJ 3473 b,GJ 3473,1,1.264,0.05,-0.049,1.1980035,1.8e-06,-1.9e-06,773.0,16.0,-15.0,3347.0,54.0,-54.0,0.364,0.012,-0.012,0.36,0.016,-0.016,0.0495,1.85e-06,15.5,0.012,0.012,0.016,0
GJ 357 b,GJ 357,1,1.2,0.06,-0.06,3.9306,2e-06,-2e-06,518.0,44.0,-44.0,3505.0,51.0,-51.0,0.337,0.015,-0.015,0.342,0.011,-0.011,0.06,2e-06,44.0,0.015,0.015,0.011,0
GJ 367 b,GJ 367,1,0.699,0.024,-0.024,0.3219225,2e-07,-2e-07,1365.0,32.0,-32.0,3522.0,70.0,-70.0,0.458,0.013,-0.013,0.455,0.011,-0.011,0.024,2e-07,32.0,0.013,0.013,0.011,0
GJ 3929 b,GJ 3929,1,1.09,0.04,-0.04,2.616235,5e-06,-5e-06,568.0,6.0,-6.0,3384.0,88.0,-88.0,0.32,0.01,-0.01,0.313,0.027,-0.022,0.04,5e-06,6.0,0.01,0.01,0.0245,0
GJ 414 A b,GJ 414 A,1,2.63,1.22,-0.85,50.8,0.1,-0.26,308.6,33.5,-33.5,4120.0,109.0,-109.0,0.68,0.14,-0.14,0.65,0.08,-0.08,1.035,0.18,33.5,0.14,0.14,0.08,0
GJ 414 A c,GJ 414 A,1,8.4,3.6,-2.5,749.83,4.35,-3.63,124.7,13.5,-13.5,4120.0,109.0,-109.0,0.68,0.14,-0.14,0.65,0.08,-0.08,3.05,3.9899999999999998,13.5,0.14,0.14,0.08,0
GJ 486 b,GJ 486,1,1.289,0.019,-0.014,1.46712127,3.1e-07,-3.5e-07,696.3,7.2,-7.3,3317.0,36.0,-37.0,0.3243,0.0044,-0.0034,0.312,0.007,-0.0069,0.0165,3.3e-07,7.25,0.0039,0.0039,0.00695,0
GJ 806 b,GJ 806,1,1.331,0.023,-0.023,0.9263237,9e-07,-9e-07,940.0,10.0,-10.0,3600.0,16.0,-16.0,0.4144,0.0038,-0.0038,0.413,0.011,-0.011,0.023,9e-07,10.0,0.0038,0.0038,0.011,0
GJ 9827 b,GJ 9827,1,1.44,0.09,-0.07,1.208974,1e-06,-1e-06,1035.01,29.07,-29.07,4236.0,12.0,-12.0,0.58,0.03,-0.03,0.62,0.04,-0.04,0.08,1e-06,29.07,0.03,0.03,0.04,0
GJ 9827 c,GJ 9827,1,1.13,0.07,-0.05,3.648103,1.3e-05,-1e-05,715.94,20.33,-20.33,4236.0,12.0,-12.0,0.58,0.03,-0.03,0.62,0.04,-0.04,0.060000000000000005,1.15e-05,20.33,0.03,0.03,0.04,0
GJ 9827 d,GJ 9827,1,1.98,0.11,-0.1,6.20183,3e-06,-3e-06,675.0,14.0,-12.0,4236.0,12.0,-12.0,0.58,0.03,-0.03,0.62,0.04,-0.04,0.10500000000000001,3e-06,13.0,0.03,0.03,0.04,0
GPX-1 b,GPX-1,1,16.47720163,1.12089807,-1.12089807,1.744579,8e-06,-8e-06,2300.0,48.0,-48.0,7000.0,200.0,-200.0,1.56,0.1,-0.1,1.68,0.1,-0.1,1.12089807,8e-06,48.0,0.1,0.1,0.1,0
HAT-P-1 b,HAT-P-1,1,14.784671,0.212971,-0.212971,4.46529976,5.5e-07,-5.5e-07,1322.0,14.0,-15.0,5980.0,49.0,-49.0,1.174,0.026,-0.027,1.151,0.052,-0.051,0.212971,5.5e-07,14.5,0.0265,0.0265,0.0515,0
HAT-P-12 b,HAT-P-12,1,10.749,0.325,-0.235,3.2130598,2.1e-06,-2.1e-06,963.0,16.0,-16.0,4650.0,60.0,-60.0,0.701,0.017,-0.012,0.733,0.018,-0.018,0.28,2.1e-06,16.0,0.0145,0.0145,0.018,0
HAT-P-18 b,HAT-P-18,1,11.153,0.583,-0.583,5.508023,6e-06,-6e-06,852.0,28.0,-28.0,4803.0,80.0,-80.0,0.749,0.037,-0.037,0.77,0.031,-0.031,0.583,6e-06,28.0,0.037,0.037,0.031,0
HAT-P-19 b,HAT-P-19,1,11.29865255,0.15692573,-0.14571675,4.00878322,1.9e-07,-1.9e-07,981.2,7.7,-8.1,4962.0,39.0,-41.0,0.773,0.011,-0.01,0.807,0.034,-0.03,0.15132124000000002,1.9e-07,7.9,0.010499999999999999,0.010499999999999999,0.032,0
HAT-P-20 b,HAT-P-20,1,9.718,0.37,-0.37,2.875317,4e-06,-4e-06,970.0,23.0,-23.0,4595.0,80.0,-80.0,0.694,0.021,-0.021,0.756,0.028,-0.028,0.37,4e-06,23.0,0.021,0.021,0.028,0
HAT-P-23 b,HAT-P-23,1,15.334,1.009,-1.009,1.212884,2e-06,-2e-06,2056.0,66.0,-66.0,5905.0,80.0,-80.0,1.203,0.074,-0.074,1.13,0.035,-0.035,1.009,2e-06,66.0,0.074,0.074,0.035,0
HAT-P-25 b,HAT-P-25,1,12.722215,0.538032,-0.538032,3.65281514,7.6e-07,-7.5e-07,1182.0,25.0,-25.0,5519.0,78.0,-76.0,0.919,0.034,-0.034,1.012,0.053,-0.051,0.538032,7.55e-07,25.0,0.034,0.034,0.052,0
HAT-P-28 b,HAT-P-28,1,13.585,1.267,-0.919,3.257215,7e-06,-7e-06,1384.0,52.0,-52.0,5680.0,90.0,-90.0,1.103,0.091,-0.069,1.025,0.047,-0.047,1.093,7e-06,52.0,0.08,0.08,0.047,0
HAT-P-32 b,HAT-P-32,1,22.19382,0.504405,-0.504405,2.1500082,1.3e-07,-1.3e-07,1835.7,6.8,-6.9,6001.0,88.0,-88.0,1.367,0.031,-0.03,1.132,0.051,-0.05,0.504405,1.3e-07,6.85,0.0305,0.0305,0.0505,0
HAT-P-36 b,HAT-P-36,1,14.313893,0.22418,-0.22418,1.32734683,4.8e-07,-4.8e-07,1780.97,18.8,-18.8,5620.0,40.0,-40.0,1.041,0.013,-0.013,1.03,0.03,-0.03,0.22418,4.8e-07,18.8,0.013,0.013,0.03,0
HAT-P-37 b,HAT-P-37,1,13.204,0.863,-0.863,2.797436,7e-06,-7e-06,1271.0,47.0,-47.0,5500.0,100.0,-100.0,0.877,0.059,-0.044,0.929,0.043,-0.043,0.863,7e-06,47.0,0.0515,0.0515,0.043,0
HAT-P-38 b,HAT-P-38,1,9.247,1.031,-0.706,4.640382,3.2e-05,-3.2e-05,1082.0,55.0,-55.0,5330.0,100.0,-100.0,0.923,0.096,-0.067,0.886,0.044,-0.044,0.8684999999999999,3.2e-05,55.0,0.0815,0.0815,0.044,0
HAT-P-39 b,HAT-P-39,1,17.609,1.211,-0.908,3.54387,5e-06,-5e-06,1752.0,43.0,-43.0,6430.0,100.0,-100.0,1.625,0.081,-0.62,1.404,0.051,-0.51,1.0595,5e-06,43.0,0.3505,0.3505,0.2805,0
HAT-P-4 b,HAT-P-4,1,14.28,0.549,-0.673,3.056536,,,1686.0,30.0,-26.0,5860.0,80.0,-80.0,1.596,0.06,-0.075,1.248,0.07,-0.12,0.611,0.0,28.0,0.0675,0.0675,0.095,0
HAT-P-42 b,HAT-P-42,1,14.348,1.715,-1.715,4.641878,3.2e-05,-3.2e-05,1428.0,60.0,-60.0,5743.0,50.0,-50.0,1.53,0.14,-0.14,1.178,0.068,-0.068,1.715,3.2e-05,60.0,0.14,0.14,0.068,0
HAT-P-43 b,HAT-P-43,1,13.63,0.64,-0.63,3.3326414,1.51e-05,-1.53e-05,1353.0,16.0,-16.0,5693.0,62.0,-63.0,1.08,0.05,-0.05,1.03,0.04,-0.04,0.635,1.52e-05,16.0,0.05,0.05,0.04,0
HAT-P-44 b,HAT-P-44,1,13.922,1.188,-0.572,4.301219,1.9e-05,-1.9e-05,1108.0,51.0,-32.0,5295.0,100.0,-100.0,0.949,0.08,-0.037,0.942,0.041,-0.041,0.8799999999999999,1.9e-05,41.5,0.058499999999999996,0.058499999999999996,0.041,0
HAT-P-45 b,HAT-P-45,1,15.984,1.962,-0.975,3.128992,2.1e-05,-2.1e-05,1652.0,90.0,-52.0,6330.0,100.0,-100.0,1.319,0.155,-0.072,1.259,0.058,-0.058,1.4685,2.1e-05,71.0,0.11349999999999999,0.11349999999999999,0.058,0
HAT-P-46 b,HAT-P-46,1,14.392,3.038,-1.491,4.463129,4.8e-05,-4.8e-05,1458.0,140.0,-75.0,6120.0,100.0,-100.0,1.396,0.293,-0.136,1.284,0.095,-0.06,2.2645,4.8e-05,107.5,0.2145,0.2145,0.0775,0
HAT-P-50 b,HAT-P-50,1,14.437192,0.717376,-0.717376,3.1220109,6.5e-06,-6.5e-06,1862.0,34.0,-34.0,6280.0,49.0,-49.0,1.698,0.071,-0.071,1.273,0.049,-0.115,0.717376,6.5e-06,34.0,0.071,0.071,0.082,0
HAT-P-51 b,HAT-P-51,1,13.50682174,0.19055267,-0.17934369,4.21802091,6.6e-07,-6.6e-07,1168.2,6.9,-7.0,5453.0,31.0,-32.0,0.995,0.013,-0.013,0.961,0.04,-0.036,0.18494818000000002,6.6e-07,6.95,0.013,0.013,0.038,0
HAT-P-52 b,HAT-P-52,1,11.309881,0.807048,-0.807048,2.7535953,9.4e-06,-9.4e-06,1218.0,37.0,-37.0,5131.0,50.0,-50.0,0.893,0.047,-0.047,0.887,0.027,-0.027,0.807048,9.4e-06,37.0,0.047,0.047,0.027,0
HAT-P-53 b,HAT-P-53,1,14.773462,1.020019,-1.020019,1.9616241,3.9e-06,-3.9e-06,1778.0,48.0,-48.0,5956.0,50.0,-50.0,1.209,0.081,-0.062,1.093,0.043,-0.043,1.020019,3.9e-06,48.0,0.07150000000000001,0.07150000000000001,0.043,0
HAT-P-54 b,HAT-P-54,1,10.581296,0.313852,-0.313852,3.799847,1.4e-05,-1.4e-05,818.0,12.0,-12.0,4390.0,50.0,-50.0,0.617,0.013,-0.013,0.645,0.02,-0.02,0.313852,1.4e-05,12.0,0.013,0.013,0.02,0
HAT-P-55 b,HAT-P-55,1,14.84069045,0.25780656,-0.24659758,3.5852313,5.1e-07,-5.1e-07,1367.0,11.0,-11.0,5804.0,37.0,-37.0,1.105,0.018,-0.017,1.028,0.05,-0.048,0.25220207,5.1e-07,11.0,0.0175,0.0175,0.049,0
HAT-P-58 b,HAT-P-58,1,14.93036229,0.48198617,-0.48198617,4.0138379,2.4e-06,-2.4e-06,1622.0,18.0,-18.0,6078.0,48.0,-48.0,1.53,0.034,-0.034,1.031,0.028,-0.028,0.48198617,2.4e-06,18.0,0.034,0.034,0.028,0
HAT-P-59 b,HAT-P-59,1,12.58768533,0.14571675,-0.14571675,4.1419771,1.2e-06,-1.2e-06,1277.8,6.5,-6.5,5678.0,16.0,-16.0,1.1038,0.0073,-0.0073,1.008,0.022,-0.022,0.14571675,1.2e-06,6.5,0.0073,0.0073,0.022,0
HAT-P-60 b,HAT-P-60,1,18.28184752,0.26901554,-0.26901554,4.7947813,2.4e-06,-2.4e-06,1772.0,12.0,-12.0,6212.0,26.0,-26.0,2.197,0.027,-0.02,1.435,0.012,-0.012,0.26901554,2.4e-06,12.0,0.0235,0.0235,0.012,0
HAT-P-61 b,HAT-P-61,1,10.07687365,0.30264248,-0.30264248,1.90231289,7.7e-07,-7.7e-07,1505.0,16.0,-16.0,5587.0,45.0,-45.0,0.938,0.011,-0.011,1.004,0.033,-0.033,0.30264248,7.7e-07,16.0,0.011,0.011,0.033,0
HAT-P-62 b,HAT-P-62,1,12.02723629,0.32506044,-0.32506044,2.6453235,3.9e-06,-3.9e-06,1512.0,13.0,-13.0,5629.0,48.0,-48.0,1.17,0.016,-0.016,1.023,0.02,-0.02,0.32506044,3.9e-06,13.0,0.016,0.016,0.02,0
HAT-P-63 b,HAT-P-63,1,12.5428494,0.36989636,-0.36989636,3.377728,1.3e-05,-1.3e-05,1237.0,11.0,-11.0,5400.0,55.0,-39.0,0.9661,0.011,-0.0082,0.925,0.023,-0.023,0.36989636,1.3e-05,11.0,0.009600000000000001,0.009600000000000001,0.023,0
HAT-P-64 b,HAT-P-64,1,19.08889413,0.78462865,-0.78462865,4.007232,1.7e-06,-1.7e-06,1766.0,22.0,-16.0,6457.0,29.0,-29.0,1.735,0.041,-0.028,1.298,0.021,-0.021,0.78462865,1.7e-06,19.0,0.0345,0.0345,0.021,0
HAT-P-65 b,HAT-P-65,1,18.05766791,0.26901554,-0.26901554,2.60544751,5e-07,-4.9e-07,1818.0,13.0,-13.0,5872.0,40.0,-40.0,1.666,0.024,-0.024,1.297,0.056,-0.053,0.26901554,4.949999999999999e-07,13.0,0.024,0.024,0.0545,0
HAT-P-66 b,HAT-P-66,1,17.82231,1.79344,-1.1209,2.972086,5.7e-06,-5.7e-06,1896.0,66.0,-42.0,6002.0,50.0,-50.0,1.881,0.151,-0.095,1.255,0.107,-0.054,1.45717,5.7e-06,54.0,0.123,0.123,0.0805,0
HAT-P-68 b,HAT-P-68,1,12.016048,0.134508,-0.134508,2.29840551,5.2e-07,-5.2e-07,1027.8,8.2,-8.2,4508.0,43.0,-43.0,0.6701,0.0041,-0.0032,0.6785,0.0299,-0.0079,0.134508,5.2e-07,8.2,0.0036500000000000005,0.0036500000000000005,0.0189,0
HAT-P-69 b,HAT-P-69,1,18.786284,0.571659,-0.369897,4.7869491,1.8e-06,-2.1e-06,1930.0,80.0,-230.0,7394.0,360.0,-600.0,1.926,0.06,-0.031,1.648,0.058,-0.026,0.47077800000000003,1.95e-06,155.0,0.0455,0.0455,0.042,0
HAT-P-70 b,HAT-P-70,1,20.96083,1.68135,-1.1209,2.74432452,7.9e-07,-6.8e-07,2562.0,43.0,-52.0,8450.0,540.0,-690.0,1.858,0.119,-0.091,1.89,0.01,-0.013,1.401125,7.35e-07,47.5,0.105,0.105,0.0115,0
HAT-P-9 b,HAT-P-9,1,15.614137,0.751003,-0.728585,3.92281072,1.02e-06,-1.02e-06,1540.0,32.0,-30.0,6350.0,150.0,-150.0,1.338,0.065,-0.06,1.281,0.057,-0.056,0.7397940000000001,1.02e-06,31.0,0.0625,0.0625,0.0565,0
HATS-1 b,HATS-1,1,14.594,1.816,-1.098,3.446459,4e-06,-4e-06,1359.0,89.0,-59.0,5870.0,100.0,-100.0,1.038,0.128,-0.075,0.986,0.054,-0.054,1.457,4e-06,74.0,0.1015,0.1015,0.054,0
HATS-10 b,HATS-10,1,10.861521,0.683749,-0.504405,3.312846,5.8e-06,-5.8e-06,1407.0,39.0,-39.0,5880.0,120.0,-120.0,1.105,0.055,-0.04,1.101,0.054,-0.054,0.594077,5.8e-06,39.0,0.0475,0.0475,0.054,0
HATS-11 b,HATS-11,1,18.03,0.72,-0.72,3.619188,2.8e-05,-2.9e-05,1596.0,95.0,-94.0,6563.0,361.0,-361.0,1.54,0.06,-0.06,1.33,0.09,-0.09,0.72,2.85e-05,94.5,0.06,0.06,0.09,0
HATS-12 b,HATS-12,1,7.76,0.47,-0.47,3.142702,5.3e-05,-5.3e-05,1446.0,47.0,-47.0,6357.0,91.0,-91.0,1.17,0.07,-0.07,1.16,0.04,-0.04,0.47,5.3e-05,47.0,0.07,0.07,0.04,0
HATS-13 b,HATS-13,1,13.585308,0.392315,-0.392315,3.0440499,2.7e-06,-2.7e-06,1244.0,20.0,-20.0,5523.0,69.0,-69.0,0.887,0.019,-0.019,0.962,0.029,-0.029,0.392315,2.7e-06,20.0,0.019,0.019,0.029,0
HATS-14 b,HATS-14,1,11.646151,0.358688,-0.246598,2.7667641,2.7e-06,-2.7e-06,1276.0,20.0,-20.0,5346.0,60.0,-60.0,0.933,0.023,-0.015,0.967,0.024,-0.024,0.302643,2.7e-06,20.0,0.019,0.019,0.024,0
HATS-15 b,HATS-15,1,12.385945,0.44836,-0.44836,1.74748753,9.4e-07,-9.4e-07,1505.0,30.0,-30.0,5311.0,77.0,-77.0,0.922,0.027,-0.027,0.871,0.023,-0.023,0.44836,9.4e-07,30.0,0.027,0.027,0.023,0
HATS-16 b,HATS-16,1,14.5717,1.68135,-1.68135,2.686502,1.1e-05,-1.1e-05,1592.0,61.0,-82.0,5738.0,79.0,-79.0,1.238,0.097,-0.127,0.97,0.035,-0.035,1.68135,1.1e-05,71.5,0.112,0.112,0.035,0
HATS-17 b,HATS-17,1,8.709393,0.627704,-0.627704,16.254611,7.3e-05,-7.3e-05,814.0,25.0,-25.0,5846.0,78.0,-78.0,1.091,0.07,-0.046,1.131,0.03,-0.03,0.627704,7.3e-05,25.0,0.058,0.058,0.03,0
HATS-18 b,HATS-18,1,14.896761,0.840675,-0.840675,0.83784,4.7e-07,-4.7e-07,2069.48,45.0,-45.0,5600.0,120.0,-120.0,1.02,0.057,-0.031,1.037,0.047,-0.047,0.840675,4.7e-07,45.0,0.044,0.044,0.047,0
HATS-22 b,HATS-22,1,10.682177,0.538032,-0.325061,4.7228124,5.2e-06,-5.2e-06,858.0,24.0,-17.0,4803.0,55.0,-55.0,0.689,0.028,-0.018,0.759,0.019,-0.019,0.43154649999999994,5.2e-06,20.5,0.023,0.023,0.019,0
HATS-23 b,HATS-23,1,20.84874,3.3627,-4.4836,2.1605156,4.5e-06,-4.5e-06,1654.0,54.0,-54.0,5780.0,120.0,-120.0,1.199,0.061,-0.081,1.121,0.046,-0.046,3.9231499999999997,4.5e-06,54.0,0.07100000000000001,0.07100000000000001,0.046,0
HATS-24 b,HATS-24,1,15.636555,0.638913,-0.638913,1.3484978,9e-07,-9e-07,2166.0,53.0,-53.0,6125.0,94.0,-94.0,1.12,0.044,-0.047,1.07,0.032,-0.046,0.638913,9e-07,53.0,0.0455,0.0455,0.039,0
HATS-25 b,HATS-25,1,14.12334,1.1209,-1.1209,4.2986432,4.5e-06,-4.5e-06,1277.0,42.0,-42.0,5715.0,73.0,-73.0,1.107,0.069,-0.069,0.994,0.035,-0.035,1.1209,4.5e-06,42.0,0.069,0.069,0.035,0
HATS-26 b,HATS-26,1,19.61575,2.35389,-2.35389,3.3023881,7.6e-06,-7.6e-06,1918.0,61.0,-61.0,6071.0,81.0,-81.0,2.04,0.15,-0.11,1.299,0.113,-0.056,2.35389,7.6e-06,61.0,0.13,0.13,0.0845,0
HATS-27 b,HATS-27,1,16.8135,2.2418,-1.23299,4.637038,1.4e-05,-1.4e-05,1659.0,66.0,-46.0,6438.0,64.0,-64.0,1.74,0.17,-0.1,1.415,0.048,-0.048,1.737395,1.4e-05,56.0,0.135,0.135,0.048,0
HATS-28 b,HATS-28,1,13.383546,0.78463,-0.78463,3.1810781,3.9e-06,-3.9e-06,1253.0,35.0,-35.0,5498.0,84.0,-84.0,0.922,0.04,-0.04,0.929,0.036,-0.036,0.78463,3.9e-06,35.0,0.04,0.04,0.036,0
HATS-29 b,HATS-29,1,14.022459,0.683749,-0.683749,4.6058749,6.3e-06,-6.3e-06,1212.0,30.0,-30.0,5670.0,110.0,-110.0,1.073,0.038,-0.038,1.032,0.049,-0.049,0.683749,6.3e-06,30.0,0.038,0.038,0.049,0
HATS-3 b,HATS-3,1,15.48,0.392,-0.392,3.547851,5e-06,-5e-06,1648.0,24.0,-24.0,6351.0,76.0,-76.0,1.404,0.03,-0.03,1.209,0.036,-0.036,0.392,5e-06,24.0,0.03,0.03,0.036,0
HATS-30 b,HATS-30,1,13.170575,0.582868,-0.582868,3.1743516,2.6e-06,-2.6e-06,1414.0,32.0,-32.0,5943.0,70.0,-70.0,1.061,0.039,-0.039,1.093,0.031,-0.031,0.582868,2.6e-06,32.0,0.039,0.039,0.031,0
HATS-31 b,HATS-31,1,18.38276,2.46598,-2.46598,3.37796,1.2e-05,-1.2e-05,1823.0,81.0,-81.0,6050.0,120.0,-120.0,1.87,0.18,-0.18,1.275,0.096,-0.096,2.46598,1.2e-05,81.0,0.18,0.18,0.096,0
HATS-32 b,HATS-32,1,14.000041,1.614096,-1.076064,2.8126548,5.5e-06,-5.5e-06,1437.0,58.0,-58.0,5700.0,110.0,-110.0,1.097,0.098,-0.063,1.099,0.044,-0.044,1.3450799999999998,5.5e-06,58.0,0.0805,0.0805,0.044,0
HATS-33 b,HATS-33,1,13.78707,1.255408,-0.907929,2.5495551,6.1e-06,-6.1e-06,1429.0,38.0,-38.0,5659.0,85.0,-85.0,1.022,0.05,-0.037,1.062,0.032,-0.032,1.0816685000000001,6.1e-06,38.0,0.0435,0.0435,0.032,0
HATS-34 b,HATS-34,1,16.02887,2.12971,-2.12971,2.1061607,4.7e-06,-4.7e-06,1445.0,42.0,-42.0,5380.0,73.0,-73.0,0.98,0.047,-0.047,0.955,0.031,-0.031,2.12971,4.7e-06,42.0,0.047,0.047,0.031,0
HATS-35 b,HATS-35,1,16.409976,0.773421,-0.493196,1.8209993,1.6e-06,-1.6e-06,2037.0,43.0,-43.0,6300.0,100.0,-100.0,1.433,0.056,-0.038,1.317,0.04,-0.04,0.6333085,1.6e-06,43.0,0.047,0.047,0.04,0
HATS-36 b,HATS-36,1,12.92,0.38,-0.38,4.175186,3.3e-05,-3.3e-05,1203.0,25.0,-24.0,5950.0,83.0,-83.0,1.1,0.03,-0.03,1.1,0.04,-0.04,0.38,3.3e-05,24.5,0.03,0.03,0.04,0
HATS-37 A b,HATS-37 A,1,6.792654,0.179344,-0.179344,4.3315366,4.1e-06,-4.1e-06,1085.0,16.0,-12.0,5326.0,44.0,-44.0,0.877,0.019,-0.012,0.843,0.017,-0.012,0.179344,4.1e-06,14.0,0.0155,0.0155,0.0145,0
HATS-38 b,HATS-38,1,6.882326,0.190553,-0.190553,4.375021,1e-05,-1e-05,1294.0,10.0,-10.0,5732.0,25.0,-25.0,1.105,0.016,-0.016,0.89,0.016,-0.012,0.190553,1e-05,10.0,0.016,0.016,0.014,0
HATS-39 b,HATS-39,1,17.59813,1.34508,-1.34508,4.5776348,7.3e-06,-7.3e-06,1645.0,43.0,-43.0,6572.0,83.0,-83.0,1.621,0.085,-0.085,1.379,0.04,-0.04,1.34508,7.3e-06,43.0,0.085,0.085,0.04,0
HATS-4 b,HATS-4,1,11.433,0.415,-0.415,2.516729,2e-06,-2e-06,1315.0,21.0,-21.0,5403.0,50.0,-50.0,0.925,0.022,-0.022,1.001,0.02,-0.02,0.415,2e-06,21.0,0.022,0.022,0.02,0
HATS-40 b,HATS-40,1,17.71022,1.79344,-1.34508,3.2642736,5.8e-06,-5.8e-06,2101.0,69.0,-69.0,6460.0,130.0,-130.0,2.26,0.18,-0.11,1.561,0.069,-0.069,1.5692599999999999,5.8e-06,69.0,0.145,0.145,0.069,0
HATS-41 b,HATS-41,1,14.90797,3.25061,-2.2418,4.193649,1.3e-05,-1.3e-05,1710.0,170.0,-120.0,6424.0,91.0,-91.0,1.71,0.36,-0.24,1.496,0.115,-0.078,2.746205,1.3e-05,145.0,0.3,0.3,0.0965,0
HATS-42 b,HATS-42,1,15.6926,2.80225,-1.56926,2.292102,2.1e-06,-2.1e-06,1856.0,105.0,-76.0,6060.0,120.0,-120.0,1.48,0.2,-0.12,1.273,0.067,-0.067,2.185755,2.1e-06,90.5,0.16,0.16,0.067,0
HATS-43 b,HATS-43,1,13.22662,0.56045,-0.56045,4.3888497,5.9e-06,-5.9e-06,1003.0,27.0,-27.0,5099.0,61.0,-61.0,0.812,0.032,-0.032,0.837,0.023,-0.023,0.56045,5.9e-06,27.0,0.032,0.032,0.023,0
HATS-44 b,HATS-44,1,11.960003,1.401125,-0.795839,2.7439004,3.2e-06,-3.2e-06,1161.0,34.0,-34.0,5080.0,100.0,-100.0,0.847,0.036,-0.036,0.86,0.021,-0.021,1.098482,3.2e-06,34.0,0.036,0.036,0.021,0
HATS-45 b,HATS-45,1,14.414774,1.042437,-1.042437,4.1876244,5.6e-06,-5.6e-06,1518.0,45.0,-45.0,6450.0,110.0,-110.0,1.315,0.064,-0.064,1.272,0.048,-0.048,1.042437,5.6e-06,45.0,0.064,0.064,0.048,0
HATS-46 b,HATS-46,1,10.121727,0.650122,-0.504405,4.7423729,4.9e-06,-4.9e-06,1054.0,29.0,-29.0,5495.0,69.0,-69.0,0.853,0.04,-0.03,0.917,0.027,-0.027,0.5772634999999999,4.9e-06,29.0,0.035,0.035,0.027,0
HATS-47 b,HATS-47,1,12.520453,0.156926,-0.156926,3.9228038,2.2e-06,-2.2e-06,852.9,4.7,-4.7,4512.0,19.0,-19.0,0.6564,0.0055,-0.0055,0.674,0.016,-0.012,0.156926,2.2e-06,4.7,0.0055,0.0055,0.014,0
HATS-48 A b,HATS-48 A,1,8.9672,0.168135,-0.168135,3.1316666,3.7e-06,-3.7e-06,954.6,4.8,-4.8,4546.0,23.0,-18.0,0.7152,0.0038,-0.0038,0.7279,0.0066,-0.0066,0.168135,3.7e-06,4.8,0.0038,0.0038,0.0066,0
HATS-49 b,HATS-49,1,8.574885,0.145717,-0.145717,4.1480467,3.7e-06,-3.7e-06,834.8,3.6,-3.6,4405.0,15.0,-15.0,0.6977,0.0055,-0.0055,0.7133,0.0075,-0.0075,0.145717,3.7e-06,3.6,0.0055,0.0055,0.0075,0
HATS-5 b,HATS-5,1,10.223,0.28,-0.28,4.763387,1e-05,-1e-05,1025.0,17.0,-17.0,5304.0,50.0,-50.0,0.871,0.023,-0.023,0.936,0.028,-0.028,0.28,1e-05,17.0,0.023,0.023,0.028,0
HATS-51 b,HATS-51,1,15.80469,2.12971,-2.12971,3.3488702,3.9e-06,-3.9e-06,1553.0,92.0,-92.0,5758.0,58.0,-58.0,1.44,0.18,-0.18,1.187,0.06,-0.06,2.12971,3.9e-06,92.0,0.18,0.18,0.06,0
HATS-52 b,HATS-52,1,15.490838,0.963974,-0.963974,1.36665436,9.4e-07,-9.4e-07,1834.0,73.0,-73.0,6010.0,150.0,-150.0,1.046,0.058,-0.058,1.111,0.054,-0.054,0.963974,9.4e-07,73.0,0.058,0.058,0.054,0
HATS-53 b,HATS-53,1,15.02006,0.627704,-0.627704,3.8537768,3.8e-06,-3.8e-06,1312.0,25.0,-25.0,5644.0,94.0,-94.0,1.101,0.031,-0.024,0.964,0.04,-0.04,0.627704,3.8e-06,25.0,0.0275,0.0275,0.04,0
HATS-54 b,HATS-54,1,11.37711541,0.26901554,-0.26901554,2.5441765,2.4e-06,-2.4e-06,1429.0,24.0,-24.0,5621.0,70.0,-70.0,1.23,0.02,-0.02,1.05,0.05,-0.05,0.26901554,2.4e-06,24.0,0.02,0.02,0.05,0
HATS-55 b,HATS-55,1,14.022459,0.291434,-0.291434,4.2042001,3.3e-06,-3.3e-06,1367.0,10.0,-10.0,6214.0,36.0,-36.0,1.126,0.011,-0.011,1.1955,0.0091,-0.0119,0.291434,3.3e-06,10.0,0.011,0.011,0.0105,0
HATS-56 b,HATS-56,1,18.920792,0.437151,-0.616495,4.324799,2.7e-05,-2.7e-05,1902.0,16.0,-16.0,6536.0,31.0,-31.0,2.201,0.036,-0.036,1.573,0.017,-0.017,0.526823,2.7e-05,16.0,0.036,0.036,0.017,0
HATS-57 b,HATS-57,1,12.767051,0.313852,-0.313852,2.350621,1.3e-06,-1.3e-06,1413.4,9.7,-9.7,5587.0,19.0,-19.0,0.96,0.011,-0.011,1.026,0.019,-0.026,0.313852,1.3e-06,9.7,0.011,0.011,0.0225,0
HATS-58 A b,HATS-58 A,1,12.273855,0.694958,-0.694958,4.2180896,8.9e-06,-8.9e-06,1721.0,34.0,-34.0,7175.0,54.0,-54.0,1.433,0.059,-0.059,1.461,0.043,-0.043,0.694958,8.9e-06,34.0,0.059,0.059,0.043,0
HATS-59 b,HATS-59,1,12.621334,0.863093,-0.863093,5.416081,1.6e-05,-1.6e-05,1128.0,40.0,-40.0,5670.0,91.0,-91.0,1.036,0.067,-0.067,1.038,0.039,-0.039,0.863093,1.6e-05,40.0,0.067,0.067,0.039,0
HATS-6 b,HATS-6,1,11.186582,0.212971,-0.212971,3.3252725,2.1e-06,-2.1e-06,712.8,5.1,-5.1,3724.0,18.0,-18.0,0.57,0.011,-0.011,0.574,0.02,-0.027,0.212971,2.1e-06,5.1,0.011,0.011,0.0235,0
HATS-60 b,HATS-60,1,12.923977,0.594077,-0.594077,3.560829,3.2e-05,-3.2e-05,1528.0,11.0,-11.0,5688.0,20.0,-20.0,1.46,0.024,-0.024,1.097,0.01,-0.016,0.594077,3.2e-05,11.0,0.024,0.024,0.013000000000000001,0
HATS-61 b,HATS-61,1,13.394755,0.751003,-0.751003,7.817953,2.4e-05,-2.4e-05,1226.1,7.3,-7.3,5542.0,21.0,-21.0,1.664,0.024,-0.024,1.076,0.014,-0.014,0.751003,2.4e-05,7.3,0.024,0.024,0.014,0
HATS-62 b,HATS-62,1,11.825495,0.280225,-0.280225,3.2768837,3.3e-06,-3.3e-06,1237.0,12.0,-12.0,5416.0,19.0,-13.0,0.933,0.019,-0.013,0.896,0.015,-0.01,0.280225,3.3e-06,12.0,0.016,0.016,0.0125,0
HATS-63 b,HATS-63,1,13.529263,0.437151,-0.437151,3.0566527,4.9e-06,-4.9e-06,1398.3,9.0,-9.0,5627.0,18.0,-18.0,1.07,0.012,-0.012,0.931,0.019,-0.019,0.437151,4.9e-06,9.0,0.012,0.012,0.019,0
HATS-64 b,HATS-64,1,18.819911,0.907929,-0.907929,4.908897,1.3e-05,-1.3e-05,1793.0,27.0,-27.0,6554.0,27.0,-27.0,2.113,0.071,-0.071,1.564,0.028,-0.028,0.907929,1.3e-05,27.0,0.071,0.071,0.028,0
HATS-65 b,HATS-65,1,16.824709,0.56045,-0.56045,3.105161,1.6e-06,-1.6e-06,1634.0,18.0,-18.0,6277.0,30.0,-30.0,1.31,0.027,-0.027,1.257,0.028,-0.028,0.56045,1.6e-06,18.0,0.027,0.027,0.028,0
HATS-66 b,HATS-66,1,15.815899,0.941556,-0.941556,3.1414391,7.4e-06,-7.4e-06,1998.0,21.0,-21.0,6626.0,35.0,-35.0,1.841,0.041,-0.041,1.411,0.022,-0.022,0.941556,7.4e-06,21.0,0.041,0.041,0.022,0
HATS-67 b,HATS-67,1,18.887165,0.526823,-0.526823,1.6091788,4e-06,-4e-06,2193.0,22.0,-22.0,6594.0,33.0,-33.0,1.441,0.026,-0.026,1.435,0.021,-0.021,0.526823,4e-06,22.0,0.026,0.026,0.021,0
HATS-68 b,HATS-68,1,13.809488,0.437151,-0.325061,3.5862202,4.7e-06,-4.7e-06,1741.0,12.0,-12.0,6147.0,22.0,-22.0,1.748,0.026,-0.026,1.351,0.014,-0.014,0.381106,4.7e-06,12.0,0.026,0.026,0.014,0
HATS-69 b,HATS-69,1,10.592505,0.246598,-0.246598,2.2252577,1.9e-06,-1.9e-06,1295.7,6.9,-6.9,5137.0,16.0,-16.0,0.8785,0.0077,-0.0077,0.892,0.011,-0.016,0.246598,1.9e-06,6.9,0.0077,0.0077,0.0135,0
HATS-7 b,HATS-7,1,6.310667,0.515614,-0.381106,3.185315,5.4e-06,-5.4e-06,1084.0,32.0,-32.0,4985.0,50.0,-50.0,0.815,0.049,-0.035,0.849,0.027,-0.027,0.44836,5.4e-06,32.0,0.042,0.042,0.027,0
HATS-70 b,HATS-70,1,15.513256,0.885511,-0.829466,1.8882378,1.5e-06,-1.5e-06,2730.0,140.0,-160.0,7930.0,630.0,-820.0,1.881,0.059,-0.066,1.78,0.12,-0.12,0.8574885000000001,1.5e-06,150.0,0.0625,0.0625,0.12,0
HATS-71 b,HATS-71,1,11.478016,0.201762,-0.201762,3.7955202,1e-06,-1e-06,586.8,2.3,-2.3,3405.0,10.0,-10.0,0.4783,0.006,-0.006,0.4861,0.006,-0.006,0.201762,1e-06,2.3,0.006,0.006,0.006,0
HATS-72 b,HATS-72,1,8.0973816,0.0358688,-0.0358688,7.3279474,1.6e-06,-1.6e-06,739.3,1.6,-1.6,4656.1,8.9,-8.9,0.7214,0.0021,-0.0021,0.7311,0.0028,-0.0028,0.0358688,1.6e-06,1.6,0.0021,0.0021,0.0028,0
HATS-74 A b,HATS-74 A,1,11.56766808,0.23538859,-0.23538859,1.73185606,5.5e-07,-5.5e-07,895.1,5.7,-5.7,3776.9,9.5,-9.5,0.5758,0.0055,-0.0055,0.601,0.008,-0.008,0.23538859,5.5e-07,5.7,0.0055,0.0055,0.008,0
HATS-75 b,HATS-75,1,9.90873894,0.14571675,-0.14571675,2.7886556,1.1e-06,-1.1e-06,772.3,2.3,-2.3,3790.4,5.7,-5.7,0.5848,0.0026,-0.0026,0.6017,0.0074,-0.0055,0.14571675,1.1e-06,2.3,0.0026,0.0026,0.00645,0
HATS-76 b,HATS-76,1,12.09449018,0.3474784,-0.3474784,1.9416423,1.4e-06,-1.4e-06,939.8,6.7,-6.7,4016.0,17.0,-17.0,0.6259,0.0079,-0.0079,0.662,0.016,-0.021,0.3474784,1.4e-06,6.7,0.0079,0.0079,0.018500000000000003,0
HATS-77 b,HATS-77,1,13.05846252,0.23538859,-0.23538859,3.0876262,1.6e-06,-1.6e-06,828.3,5.9,-5.9,4071.0,13.0,-13.0,0.6428,0.0066,-0.0066,0.655,0.014,-0.014,0.23538859,1.6e-06,5.9,0.0066,0.0066,0.014,0
HATS-8 b,HATS-8,1,9.785457,1.378707,-0.840675,3.583893,1e-05,-1e-05,1324.0,79.0,-38.0,5679.0,50.0,-50.0,1.086,0.149,-0.059,1.056,0.037,-0.037,1.109691,1e-05,58.5,0.104,0.104,0.037,0
HATS-9 b,HATS-9,1,13.85,0.35,-0.35,1.915291,1.9e-05,-1.8e-05,1746.0,36.0,-36.0,5599.0,85.0,-85.0,1.56,0.04,-0.04,1.1,0.05,-0.05,0.35,1.8500000000000002e-05,36.0,0.04,0.04,0.05,0
HD 101581 b,HIP 56998,1,0.956,0.061,-0.063,4.46569,0.00029,-0.00032,834.0,23.0,-23.0,4675.0,53.0,-53.0,0.63,0.027,-0.027,0.653,0.028,-0.028,0.062,0.00030500000000000004,23.0,0.027,0.027,0.028,0
HD 101581 c,HIP 56998,1,0.99,0.07,-0.07,6.20401,0.00054,-0.00044,747.0,21.0,-20.0,4675.0,53.0,-53.0,0.63,0.027,-0.027,0.653,0.028,-0.028,0.07,0.00049,20.5,0.027,0.027,0.028,0
HD 106315 b,HD 106315,1,2.44,0.17,-0.17,9.55237,0.00089,-0.00089,1153.0,25.0,-25.0,6327.0,48.0,-48.0,1.296,0.058,-0.058,1.091,0.036,-0.036,0.17,0.00089,25.0,0.058,0.058,0.036,0
HD 106315 c,HD 106315,1,4.35,0.23,-0.23,21.05704,0.00046,-0.00046,886.0,20.0,-20.0,6327.0,48.0,-48.0,1.296,0.058,-0.058,1.091,0.036,-0.036,0.23,0.00046,20.0,0.058,0.058,0.036,0
HD 110067 b,HD 110067,1,2.2,0.03,-0.03,9.113678,1e-05,-1e-05,800.0,10.0,-10.0,5266.0,64.0,-64.0,0.788,0.008,-0.008,0.798,0.042,-0.042,0.03,1e-05,10.0,0.008,0.008,0.042,0
HD 110067 c,HD 110067,1,2.388,0.036,-0.036,13.673694,2.4e-05,-2.4e-05,699.0,9.0,-9.0,5266.0,64.0,-64.0,0.788,0.008,-0.008,0.798,0.042,-0.042,0.036,2.4e-05,9.0,0.008,0.008,0.042,0
HD 110067 d,HD 110067,1,2.852,0.039,-0.039,20.519617,4e-05,-4e-05,602.0,8.0,-8.0,5266.0,64.0,-64.0,0.788,0.008,-0.008,0.798,0.042,-0.042,0.039,4e-05,8.0,0.008,0.008,0.042,0
HD 110067 e,HD 110067,1,1.94,0.04,-0.04,30.793091,1.2e-05,-1.2e-05,533.0,7.0,-7.0,5266.0,64.0,-64.0,0.788,0.008,-0.008,0.798,0.042,-0.042,0.04,1.2e-05,7.0,0.008,0.008,0.042,0
HD 110067 f,HD 110067,1,2.601,0.042,-0.042,41.05854,0.0001,-0.0001,489.0,6.0,-6.0,5266.0,64.0,-64.0,0.788,0.008,-0.008,0.798,0.042,-0.042,0.042,0.0001,6.0,0.008,0.008,0.042,0
HD 110067 g,HD 110067,1,2.607,0.052,-0.052,54.76992,0.0002,-0.0002,440.0,6.0,-6.0,5266.0,64.0,-64.0,0.788,0.008,-0.008,0.798,0.042,-0.042,0.052,0.0002,6.0,0.008,0.008,0.042,0
HD 110113 b,HD 110113,1,2.05,0.12,-0.12,2.541,0.0005,-0.001,1371.0,14.0,-14.0,5732.0,50.0,-50.0,0.968,0.018,-0.018,0.997,0.06,-0.06,0.12,0.00075,14.0,0.018,0.018,0.06,0
HD 118203 b,HD 118203,1,12.778238,0.32506044,-0.32506044,6.1349779,2e-06,-2e-06,1361.0,23.0,-22.0,5742.0,93.0,-95.0,2.04,0.03,-0.03,1.27,0.028,-0.032,0.32506044,2e-06,22.5,0.03,0.03,0.03,0
HD 136352 b,HD 136352,1,1.664,0.043,-0.043,11.57797,8e-05,-0.00013,905.0,14.0,-14.0,5664.0,61.0,-61.0,1.058,0.019,-0.019,0.87,0.04,-0.04,0.043,0.000105,14.0,0.019,0.019,0.04,0
HD 136352 c,HD 136352,1,2.916,0.075,-0.073,27.59221,0.00011,-0.00011,677.0,11.0,-11.0,5664.0,61.0,-61.0,1.058,0.019,-0.019,0.87,0.04,-0.04,0.074,0.00011,11.0,0.019,0.019,0.04,0
HD 136352 d,HD 136352,1,2.562,0.088,-0.079,107.245,0.05,-0.05,431.0,7.0,-7.0,5664.0,61.0,-61.0,1.058,0.019,-0.019,0.87,0.04,-0.04,0.08349999999999999,0.05,7.0,0.019,0.019,0.04,0
HD 137496 b,HD 137496,1,1.31,0.06,-0.05,1.62116,7.91e-05,-8.06e-05,2130.0,30.0,-29.0,5799.0,61.0,-61.0,1.59,0.03,-0.03,1.04,0.02,-0.02,0.055,7.984999999999999e-05,29.5,0.03,0.03,0.02,0
HD 1397 b,HD 1397,1,11.500434,0.280225,-0.302643,11.53533,0.00079,-0.0008,1228.3,10.0,-9.9,5521.0,60.0,-60.0,2.336,0.052,-0.059,1.324,0.042,-0.046,0.29143399999999997,0.000795,9.95,0.055499999999999994,0.055499999999999994,0.044,0
HD 15906 b,HD 15906,1,2.24,0.08,-0.08,10.924709,3.2e-05,-3.2e-05,668.0,13.0,-13.0,4757.0,89.0,-89.0,0.762,0.005,-0.005,0.79,0.02,-0.036,0.08,3.2e-05,13.0,0.005,0.005,0.027999999999999997,0
HD 15906 c,HD 15906,1,2.93,0.07,-0.06,21.583298,5.2e-05,-5.5e-05,532.0,10.0,-10.0,4757.0,89.0,-89.0,0.762,0.005,-0.005,0.79,0.02,-0.036,0.065,5.35e-05,10.0,0.005,0.005,0.027999999999999997,0
HD 17156 b,HD 17156,1,12.26262489,0.3474784,-0.33626942,21.2164294,6.1e-06,-6.1e-06,888.0,12.0,-11.0,6046.0,76.0,-72.0,1.517,0.038,-0.036,1.285,0.064,-0.062,0.34187391,6.1e-06,11.5,0.037,0.037,0.063,0
HD 183579 b,HD 183579,1,3.49,0.07,-0.064,17.471291,2.7e-05,-2.8e-05,752.0,10.0,-10.0,5784.0,61.0,-61.0,0.96,0.006,-0.006,0.996,0.049,-0.049,0.067,2.7499999999999998e-05,10.0,0.006,0.006,0.049,0
HD 191939 b,HD 191939,1,3.41,0.075,-0.075,8.8803256,4.7e-06,-4.7e-06,880.0,20.0,-20.0,5348.0,100.0,-100.0,0.94,0.02,-0.02,0.81,0.04,-0.04,0.075,4.7e-06,20.0,0.02,0.02,0.04,0
HD 191939 c,HD 191939,1,3.195,0.075,-0.075,28.579743,4.5e-05,-4.5e-05,600.0,13.0,-13.0,5348.0,100.0,-100.0,0.94,0.02,-0.02,0.81,0.04,-0.04,0.075,4.5e-05,13.0,0.02,0.02,0.04,0
HD 191939 d,HD 191939,1,2.995,0.07,-0.07,38.353037,6e-05,-6e-05,540.0,11.0,-11.0,5348.0,100.0,-100.0,0.94,0.02,-0.02,0.81,0.04,-0.04,0.07,6e-05,11.0,0.02,0.02,0.04,0
HD 202772 A b,HD 202772 A,1,17.317905,0.582868,-0.67254,3.308958,8.3e-05,-8.3e-05,2132.0,28.0,-30.0,6272.0,77.0,-71.0,2.591,0.078,-0.093,1.72,0.064,-0.066,0.627704,8.3e-05,29.0,0.08549999999999999,0.08549999999999999,0.065,0
HD 20329 b,HD 20329,1,1.72,0.07,-0.07,0.926118,5e-05,-4.3e-05,2141.0,27.0,-27.0,5596.0,50.0,-50.0,1.13,0.02,-0.02,0.9,0.05,-0.05,0.07,4.6500000000000005e-05,27.0,0.02,0.02,0.05,0
HD 207496 b,HD 207496,1,2.25,0.12,-0.1,6.441008,1.1e-05,-1.1e-05,743.0,26.0,-26.0,4819.0,94.0,-94.0,0.769,0.026,-0.026,0.8,0.04,-0.04,0.11,1.1e-05,26.0,0.026,0.026,0.04,0
HD 207897 b,HD 207897,1,2.34302132,0.123646,-0.09173373,16.20166,1.6e-05,-1.6e-05,581.75,14.65,-12.55,5106.0,67.0,-63.0,0.7827,0.0329,-0.0264,0.8208,0.0226,-0.0253,0.107689865,1.6e-05,13.600000000000001,0.02965,0.02965,0.02395,0
HD 213885 b,HD 213885,1,1.745,0.051,-0.052,1.008035,2.1e-05,-2e-05,2128.0,13.0,-14.0,5978.0,50.0,-50.0,1.1011,0.008,-0.0075,1.068,0.02,-0.018,0.0515,2.05e-05,13.5,0.00775,0.00775,0.019,0
HD 21520 b,HD 21520,1,2.697,0.09,-0.09,25.1292,8.9e-05,-7.3e-05,637.0,13.0,-12.0,5871.0,62.0,-62.0,1.044,0.024,-0.024,1.09,0.07,-0.07,0.09,8.099999999999999e-05,12.5,0.024,0.024,0.07,0
HD 21749 c,GJ 143,1,0.892,0.064,-0.058,7.78993,0.00051,-0.00044,701.0,25.0,-23.0,4640.0,100.0,-100.0,0.695,0.03,-0.03,0.73,0.07,-0.07,0.061,0.00047500000000000005,24.0,0.03,0.03,0.07,0
HD 219134 b,HD 219134,1,1.602,0.055,-0.055,3.092926,1e-05,-1e-05,1015.0,8.0,-8.0,4699.0,16.0,-16.0,0.778,0.005,-0.005,0.81,0.03,-0.03,0.055,1e-05,8.0,0.005,0.005,0.03,0
HD 219134 c,HD 219134,1,1.511,0.047,-0.047,6.76458,0.00033,-0.00033,782.0,6.0,-6.0,4699.0,16.0,-16.0,0.778,0.005,-0.005,0.81,0.03,-0.03,0.047,0.00033,6.0,0.005,0.005,0.03,0
HD 219134 d,HD 219134,1,1.61,0.02,-0.02,46.859,0.028,-0.028,410.5,3.2,-3.2,4699.0,16.0,-16.0,0.778,0.005,-0.005,0.81,0.03,-0.03,0.02,0.028,3.2,0.005,0.005,0.03,0
HD 219134 f,HD 219134,1,1.31,0.02,-0.02,22.717,0.015,-0.015,522.6,4.1,-4.1,4699.0,16.0,-16.0,0.778,0.005,-0.005,0.81,0.03,-0.03,0.02,0.015,4.1,0.005,0.005,0.03,0
HD 219666 b,HD 219666,1,4.898,0.06,-0.06,6.034468,4e-06,-4e-06,1076.0,22.0,-22.0,5540.0,63.0,-63.0,1.059,0.008,-0.008,1.02,0.1,-0.1,0.06,4e-06,22.0,0.008,0.008,0.1,0
HD 224018 b,HD 224018,1,0.91,0.64,-0.57,10.6413,0.0028,-0.0028,968.0,19.0,-19.0,5784.0,60.0,-60.0,1.147,0.028,-0.028,1.013,0.069,-0.061,0.605,0.0028,19.0,0.028,0.028,0.065,0
HD 224018 c,HD 224018,1,2.42,0.07,-0.08,36.57669,0.00019,-0.00017,641.0,12.0,-12.0,5784.0,60.0,-60.0,1.147,0.028,-0.028,1.013,0.069,-0.061,0.07500000000000001,0.00018,12.0,0.028,0.028,0.065,0
HD 224018 d,HD 224018,1,2.4,0.1,-0.1,138.0731,27.6127,-0.005,411.0,11.0,-21.0,5784.0,60.0,-60.0,1.147,0.028,-0.028,1.013,0.069,-0.061,0.1,13.80885,16.0,0.028,0.028,0.065,0
HD 22946 d,HD 22946,1,2.607,0.06,-0.06,47.42489,0.0001,-0.00011,546.0,6.0,-6.0,6169.0,64.0,-64.0,1.117,0.009,-0.009,1.098,0.04,-0.039,0.06,0.000105,6.0,0.009,0.009,0.0395,0
HD 23472 b,HD 23472,1,2.0,0.11,-0.1,17.667087,4.2e-05,-4.2e-05,543.0,18.0,-18.0,4684.0,99.0,-99.0,0.71,0.02,-0.02,0.67,0.03,-0.03,0.10500000000000001,4.2e-05,18.0,0.02,0.02,0.03,0
HD 23472 c,HD 23472,1,1.87,0.12,-0.11,29.79749,0.00013,-0.00014,467.0,19.0,-18.0,4684.0,99.0,-99.0,0.71,0.02,-0.02,0.67,0.03,-0.03,0.11499999999999999,0.00013499999999999997,18.5,0.02,0.02,0.03,0
HD 23472 d,HD 23472,1,0.75,0.067,-0.057,3.97664,3e-05,-4.4e-05,909.0,35.0,-32.0,4684.0,99.0,-99.0,0.71,0.02,-0.02,0.67,0.03,-0.03,0.062,3.7e-05,33.5,0.02,0.02,0.03,0
HD 23472 e,HD 23472,1,0.818,0.08,-0.065,7.90754,0.00011,-0.00011,723.0,28.0,-25.0,4684.0,99.0,-99.0,0.71,0.02,-0.02,0.67,0.03,-0.03,0.07250000000000001,0.00011,26.5,0.02,0.02,0.03,0
HD 23472 f,HD 23472,1,1.137,0.084,-0.077,12.1621839,0.00012,-9.9e-05,630.0,27.0,-23.0,4684.0,99.0,-99.0,0.71,0.02,-0.02,0.67,0.03,-0.03,0.0805,0.0001095,25.0,0.02,0.02,0.03,0
HD 25463 b,HD 25463,1,2.54535814,0.1117151,-0.08338345,7.0491423,9.5e-06,-9.5e-06,1198.46,19.41,-17.84,6353.0,85.0,-77.0,1.4182,0.0241,-0.023,1.251,0.0248,-0.0229,0.09754927499999999,9.5e-06,18.625,0.02355,0.02355,0.02385,0
HD 25463 c,HD 25463,1,1.36354953,0.13045621,-0.09615242,3.04405,1e-05,-1e-05,1585.57,25.67,-23.61,6353.0,85.0,-77.0,1.4182,0.0241,-0.023,1.251,0.0248,-0.0229,0.11330431499999999,1e-05,24.64,0.02355,0.02355,0.02385,0
HD 260655 b,HD 260655,1,1.24,0.023,-0.023,2.76953,3e-05,-3e-05,709.0,4.0,-4.0,3803.0,10.0,-10.0,0.439,0.003,-0.003,0.439,0.011,-0.011,0.023,3e-05,4.0,0.003,0.003,0.011,0
HD 260655 c,HD 260655,1,1.533,0.051,-0.046,5.70588,7e-05,-7e-05,557.0,3.0,-3.0,3803.0,10.0,-10.0,0.439,0.003,-0.003,0.439,0.011,-0.011,0.0485,7e-05,3.0,0.003,0.003,0.011,0
HD 2685 b,HD 2685,1,16.14096,0.56045,-0.56045,4.12688,5e-05,-4e-05,2061.0,28.0,-28.0,6801.0,76.0,-76.0,1.56,0.05,-0.05,1.43,0.05,-0.04,0.56045,4.5e-05,28.0,0.05,0.05,0.045,0
HD 28109 b,HD 28109,1,2.69,0.23,-0.23,22.891054,8.5e-05,-9e-05,867.0,16.0,-16.0,6189.0,55.0,-55.0,1.425,0.048,-0.041,1.227,0.052,-0.052,0.23,8.750000000000001e-05,16.0,0.0445,0.0445,0.052,0
HD 28109 c,HD 28109,1,4.13,0.16,-0.14,55.99712,0.00034,-0.00037,643.0,12.0,-12.0,6189.0,55.0,-55.0,1.425,0.048,-0.041,1.227,0.052,-0.052,0.15000000000000002,0.000355,12.0,0.0445,0.0445,0.052,0
HD 28109 d,HD 28109,1,3.11,0.15,-0.15,84.2899,0.0018,-0.0015,561.0,11.0,-11.0,6189.0,55.0,-55.0,1.425,0.048,-0.041,1.227,0.052,-0.052,0.15,0.00165,11.0,0.0445,0.0445,0.052,0
HD 3167 b,HD 3167,1,1.67,0.17,-0.1,0.959641,1.1e-05,-1.1e-05,1774.0,29.0,-29.0,5261.0,60.0,-60.0,0.88,0.012,-0.013,0.837,0.053,-0.043,0.135,1.1e-05,29.0,0.0125,0.0125,0.048,0
HD 3167 c,HD 3167,1,3.0,0.45,-0.21,29.8454,0.0012,-0.0012,564.0,9.0,-9.0,5261.0,60.0,-60.0,0.88,0.012,-0.013,0.837,0.053,-0.043,0.33,0.0012,9.0,0.0125,0.0125,0.048,0
HD 332231 b,HD 332231,1,9.07303305,0.18720815,-0.17534239,18.712024,2.3e-05,-2.3e-05,798.3,14.03,-13.21,6128.0,87.0,-80.0,1.266,0.0235,-0.0227,1.1642,0.0317,-0.0337,0.18127527,2.3e-05,13.620000000000001,0.023100000000000002,0.023100000000000002,0.0327,0
HD 35843 c,HD 35843,1,2.54,0.08,-0.07,46.9622,0.0002,-0.0002,479.0,12.0,-12.0,5666.0,61.0,-61.0,0.897,0.019,-0.019,0.94,0.06,-0.06,0.07500000000000001,0.0002,12.0,0.019,0.019,0.06,0
HD 5278 b,HD 5278,1,2.45,0.05,-0.05,14.339156,4.9e-05,-4.7e-05,943.0,13.0,-13.0,6203.0,64.0,-64.0,1.194,0.017,-0.016,1.126,0.036,-0.035,0.05,4.8e-05,13.0,0.0165,0.0165,0.035500000000000004,0
HD 56414 b,HD 56414,1,3.71,0.2,-0.2,29.04992,0.00021,-0.00021,1133.0,30.0,-30.0,8500.0,150.0,-150.0,1.751,0.065,-0.065,1.89,0.11,-0.11,0.2,0.00021,30.0,0.065,0.065,0.11,0
HD 6061 b,HD 6061,1,2.42763557,0.09903199,-0.07283589,5.2549,0.0011,-0.0011,1075.31,17.17,-17.62,5934.0,75.0,-78.0,1.0072,0.0169,-0.0161,1.0269,0.0317,-0.035,0.08593394,0.0011,17.395000000000003,0.0165,0.0165,0.033350000000000005,0
HD 63433 b,HD 63433,1,2.14,0.087,-0.069,7.1079475,8.9e-06,-8.8e-06,967.11,18.5,-15.89,5553.0,56.0,-56.0,0.934,0.029,-0.029,0.956,0.022,-0.022,0.078,8.85e-06,17.195,0.029,0.029,0.022,0
HD 63433 c,HD 63433,1,2.692,0.108,-0.088,20.5438281,2.38e-05,-2.36e-05,678.92,13.04,-11.11,5553.0,56.0,-56.0,0.934,0.029,-0.029,0.956,0.022,-0.022,0.098,2.37e-05,12.075,0.029,0.029,0.022,0
HD 63433 d,HD 63433,1,1.073,0.046,-0.044,4.209075,1.2e-05,-2.3e-05,1040.0,40.0,-40.0,5688.0,28.0,-28.0,0.912,0.034,-0.034,0.99,0.03,-0.03,0.045,1.75e-05,40.0,0.034,0.034,0.03,0
HD 63935 b,HD 63935,1,2.91575244,0.09298372,-0.07706553,9.058807,1.5e-05,-1.5e-05,825.22,13.82,-13.85,5513.0,71.0,-73.0,0.9598,0.0168,-0.0167,0.9406,0.0342,-0.0318,0.08502462499999999,1.5e-05,13.835,0.01675,0.01675,0.033,0
HD 63935 c,HD 63935,1,3.06451296,0.0880571,-0.07912569,21.4027,0.0018,-0.0018,619.59,10.37,-10.4,5513.0,71.0,-73.0,0.9598,0.0168,-0.0167,0.9406,0.0342,-0.0318,0.083591395,0.0018,10.385,0.01675,0.01675,0.033,0
HD 73344 b,HD 73344,1,2.884,0.082,-0.072,15.611,3e-05,-3e-05,911.0,7.0,-7.0,6252.6,1.87,-1.51,1.22,0.04,-0.04,1.2,0.02,-0.02,0.077,3e-05,7.0,0.04,0.04,0.02,0
HD 73583 b,HD 73583,1,2.79,0.1,-0.1,6.398042,6.7e-06,-6.2e-06,714.0,21.0,-20.0,4511.0,110.0,-110.0,0.65,0.02,-0.02,0.73,0.02,-0.02,0.1,6.45e-06,20.5,0.02,0.02,0.02,0
HD 73583 c,HD 73583,1,2.39,0.1,-0.09,18.87974,0.00086,-0.00074,498.0,15.0,-15.0,4511.0,110.0,-110.0,0.65,0.02,-0.02,0.73,0.02,-0.02,0.095,0.0007999999999999999,15.0,0.02,0.02,0.02,0
HD 77946 b,HD 77946,1,2.89646124,0.1867559,-0.14235529,6.527363,2.7e-05,-2.7e-05,1128.86,19.54,-18.12,6007.0,83.0,-88.0,1.3174,0.0249,-0.0142,1.1973,0.0308,-0.0289,0.164555595,2.7e-05,18.83,0.019549999999999998,0.019549999999999998,0.02985,0
HD 80653 b,HD 80653,1,1.613,0.071,-0.071,0.719573,2.1e-05,-2.1e-05,2463.0,30.0,-30.0,5959.0,61.0,-61.0,1.22,0.01,-0.01,1.18,0.04,-0.04,0.071,2.1e-05,30.0,0.01,0.01,0.04,0
HD 86226 c,HD 86226,1,2.16,0.08,-0.08,3.98442,0.00018,-0.00018,1311.0,28.0,-28.0,5863.0,88.0,-88.0,1.053,0.026,-0.026,1.019,0.061,-0.066,0.08,0.00018,28.0,0.026,0.026,0.0635,0
HD 88986 b,HD 88986,1,2.49,0.18,-0.18,146.05,0.43,-0.4,460.0,8.0,-8.0,5861.0,17.0,-17.0,1.543,0.01,-0.01,1.25,0.05,-0.05,0.18,0.41500000000000004,8.0,0.01,0.01,0.05,0
HD 89345 b,HD 89345,1,7.39794,0.313852,-0.33627,11.8143,0.0002,-0.0002,1089.0,15.0,-16.0,5576.0,73.0,-76.0,1.747,0.049,-0.05,1.157,0.04,-0.045,0.32506100000000004,0.0002,15.5,0.0495,0.0495,0.042499999999999996,0
HD 93963 A b,HD 93963 A,1,1.46954368,0.07347231,-0.06596084,1.0376109,8.5e-06,-8.5e-06,1842.23,26.83,-28.41,5908.0,66.0,-72.0,1.0311,0.0176,-0.0169,1.0844,0.0252,-0.0314,0.069716575,8.5e-06,27.619999999999997,0.01725,0.01725,0.0283,0
HD 93963 A c,HD 93963 A,1,3.11976057,0.13502367,-0.10446158,3.6451389,4.4e-06,-4.4e-06,1212.45,17.66,-18.7,5908.0,66.0,-72.0,1.0311,0.0176,-0.0169,1.0844,0.0252,-0.0314,0.119742625,4.4e-06,18.18,0.01725,0.01725,0.0283,0
HD 97658 b,HD 97658,1,2.12,0.06,-0.06,9.4897116,8e-07,-8e-07,751.0,12.0,-12.0,5212.0,43.0,-43.0,0.728,0.008,-0.008,0.85,0.08,-0.08,0.06,8e-07,12.0,0.008,0.008,0.08,0
HIP 113103 b,HIP 113103,1,1.829,0.096,-0.067,7.610303,1.8e-05,-1.8e-05,721.0,10.0,-10.0,4930.0,100.0,-100.0,0.742,0.013,-0.013,0.761,0.038,-0.038,0.0815,1.8e-05,10.0,0.013,0.013,0.038,0
HIP 113103 c,HIP 113103,1,2.4,0.1,-0.08,14.245648,1.9e-05,-1.9e-05,585.0,10.0,-10.0,4930.0,100.0,-100.0,0.742,0.013,-0.013,0.761,0.038,-0.038,0.09,1.9e-05,10.0,0.013,0.013,0.038,0
HIP 116454 b,HIP 116454,1,2.469,0.1,-0.091,9.1004157,4.1e-06,-4.5e-06,753.2,7.1,-6.9,5048.0,79.0,-78.0,0.758,0.024,-0.022,0.8,0.033,-0.03,0.0955,4.2999999999999995e-06,7.0,0.023,0.023,0.0315,0
HIP 29442 c,TOI-469,1,1.551,0.045,-0.045,3.5379559,8.2e-06,-8.2e-06,1123.0,19.0,-19.0,5289.0,69.0,-69.0,0.98,0.007,-0.007,0.901,0.043,-0.043,0.045,8.2e-06,19.0,0.007,0.007,0.043,0
HIP 29442 d,TOI-469,1,1.538,0.049,-0.049,6.429575,2.6e-05,-2.6e-05,920.0,16.0,-16.0,5289.0,69.0,-69.0,0.98,0.007,-0.007,0.901,0.043,-0.043,0.049,2.6e-05,16.0,0.007,0.007,0.043,0
HIP 41378 b,HIP 41378,1,2.595,0.036,-0.036,15.57208,2e-05,-2e-05,959.0,9.0,-5.0,6320.0,60.0,-30.0,1.273,0.015,-0.015,1.16,0.04,-0.04,0.036,2e-05,7.0,0.015,0.015,0.04,0
HIP 41378 c,HIP 41378,1,2.727,0.06,-0.06,31.70603,6e-05,-6e-05,757.0,7.0,-4.0,6320.0,60.0,-30.0,1.273,0.015,-0.015,1.16,0.04,-0.04,0.06,6e-05,5.5,0.015,0.015,0.04,0
HIP 41378 d,HIP 41378,1,3.54,0.06,-0.06,278.3618,0.0005,-0.0005,367.0,3.0,-2.0,6320.0,60.0,-30.0,1.273,0.015,-0.015,1.16,0.04,-0.04,0.06,0.0005,2.5,0.015,0.015,0.04,0
HIP 41378 e,HIP 41378,1,4.92,0.09,-0.09,369.0,10.0,-10.0,335.0,4.0,-4.0,6320.0,60.0,-30.0,1.273,0.015,-0.015,1.16,0.04,-0.04,0.09,10.0,4.0,0.015,0.015,0.04,0
HIP 41378 f,HIP 41378,1,9.2,0.1,-0.1,542.07975,0.00014,-0.00014,294.0,3.0,-1.0,6320.0,60.0,-30.0,1.273,0.015,-0.015,1.16,0.04,-0.04,0.1,0.00014,2.0,0.015,0.015,0.04,0
HIP 65 A b,HIP 65 A,1,22.75427,6.83749,-5.49241,0.9809734,3.1e-06,-3.1e-06,1411.0,15.0,-15.0,4590.0,49.0,-49.0,0.7242,0.0081,-0.0091,0.781,0.027,-0.027,6.164949999999999,3.1e-06,15.0,0.0086,0.0086,0.027,0
HIP 67522 b,HIP 67522,1,9.9872018,0.23538859,-0.22417961,6.9594731,2.2e-06,-2.2e-06,1175.0,13.0,-12.0,5675.0,75.0,-75.0,1.38,0.06,-0.06,1.22,0.05,-0.05,0.2297841,2.2e-06,12.5,0.06,0.06,0.05,0
HIP 67522 c,HIP 67522,1,7.93595834,0.3474784,-0.35868738,14.334892,1.2e-05,-1.2e-05,917.0,19.0,-15.0,5675.0,75.0,-75.0,1.38,0.06,-0.06,1.22,0.05,-0.05,0.35308289000000004,1.2e-05,17.0,0.06,0.06,0.05,0
HIP 8152 b,HIP 8152,1,2.53625843,0.15691518,-0.13542085,10.751014,5.5e-05,-5.5e-05,794.96,13.67,-13.16,5618.0,74.0,-73.0,0.9603,0.0175,-0.0163,0.9373,0.035,-0.0322,0.14616801499999998,5.5e-05,13.415,0.0169,0.0169,0.033600000000000005,0
HIP 8152 c,HIP 8152,1,2.52442508,0.14962921,-0.14078921,19.60562,0.00025,-0.00025,650.68,11.19,-10.77,5618.0,74.0,-73.0,0.9603,0.0175,-0.0163,0.9373,0.035,-0.0322,0.14520921,0.00025,10.98,0.0169,0.0169,0.033600000000000005,0
HIP 94235 b,HIP 94235,1,3.0,0.32,-0.28,7.713057,2.1e-05,-2.1e-05,1060.0,50.0,-50.0,5991.0,50.0,-50.0,1.08,0.11,-0.1,1.094,0.024,-0.007,0.30000000000000004,2.1e-05,50.0,0.10500000000000001,0.10500000000000001,0.0155,0
HIP 9618 b,HIP 9618,1,3.82838127,0.10440228,-0.08816578,20.772858,4.7e-05,-4.7e-05,640.88,10.94,-10.36,5649.0,75.0,-71.0,0.9593,0.0173,-0.0163,0.942,0.0335,-0.0325,0.09628402999999999,4.7e-05,10.649999999999999,0.0168,0.0168,0.033,0
HIP 9618 c,HIP 9618,1,3.42855926,0.0971864,-0.08596176,52.56363,0.00016,-0.00016,470.31,8.03,-7.6,5649.0,75.0,-71.0,0.9593,0.0173,-0.0163,0.942,0.0335,-0.0325,0.09157408,0.00016,7.8149999999999995,0.0168,0.0168,0.033,0
HIP 97166 b,HIP 97166,1,2.4801338,0.07271432,-0.05203142,10.288914,6.4e-06,-6.4e-06,701.66,8.91,-8.53,5216.0,52.0,-52.0,0.8418,0.0123,-0.0102,0.9342,0.0158,-0.0184,0.06237287,6.4e-06,8.719999999999999,0.01125,0.01125,0.0171,0
HR 858 b,HR 858,1,2.004,0.045,-0.047,3.585287,9e-06,-1.2e-05,1552.0,22.0,-23.0,6354.0,70.0,-70.0,1.258,0.019,-0.019,1.204,0.052,-0.052,0.046,1.0500000000000001e-05,22.5,0.019,0.019,0.052,0
HR 858 c,HR 858,1,1.979,0.054,-0.051,5.973865,1.5e-05,-1.6e-05,1309.0,19.0,-19.0,6354.0,70.0,-70.0,1.258,0.019,-0.019,1.204,0.052,-0.052,0.0525,1.55e-05,19.0,0.019,0.019,0.052,0
HR 858 d,HR 858,1,2.001,0.063,-0.064,11.230511,4.3e-05,-4.5e-05,1061.0,15.0,-16.0,6354.0,70.0,-70.0,1.258,0.019,-0.019,1.204,0.052,-0.052,0.0635,4.4e-05,15.5,0.019,0.019,0.052,0
IRAS 04125+2902 b,IRAS 04125+2902,1,10.73820351,0.86309151,-0.84067355,8.834978,2.8e-05,-2.8e-05,854.0,59.0,-32.0,4080.0,95.0,-95.0,1.45,0.1,-0.1,0.7,0.04,-0.04,0.8518825299999999,2.8e-05,45.5,0.1,0.1,0.04,0
K2-10 b,K2-10,1,3.773,0.088,-0.048,19.30553,0.00047,-0.00047,649.0,18.0,-18.0,5533.0,100.0,-100.0,0.956,0.037,-0.037,0.88,0.04,-0.04,0.068,0.00047,18.0,0.037,0.037,0.04,0
K2-100 b,K2-100,1,3.88,0.16,-0.16,1.6739035,4e-07,-4e-07,1841.0,41.0,-41.0,5945.0,110.0,-110.0,1.24,0.05,-0.05,1.15,0.05,-0.05,0.16,4e-07,41.0,0.05,0.05,0.05,0
K2-101 b,K2-101,1,2.0,0.14,-0.07,14.6762429,2.01e-05,-2.03e-05,618.0,9.0,-25.0,4927.0,47.0,-46.0,0.76,0.01,-0.01,0.82,0.02,-0.03,0.10500000000000001,2.02e-05,17.0,0.01,0.01,0.025,0
K2-104 b,K2-104,1,1.79,0.1,-0.06,1.9741954,2.4e-06,-2.4e-06,798.0,9.0,-39.0,3712.0,54.0,-76.0,0.48,0.01,-0.01,0.51,0.02,-0.02,0.08,2.4e-06,24.0,0.01,0.01,0.02,0
K2-105 b,K2-105,1,3.4,0.12,-0.05,8.26726,0.00018,-0.00018,805.0,22.0,-23.0,5373.0,100.0,-100.0,0.905,0.035,-0.035,0.94,0.04,-0.04,0.08499999999999999,0.00018,22.5,0.035,0.035,0.04,0
K2-107 b,K2-107,1,15.98,0.55,-0.55,3.313959,2.4e-05,-2.4e-05,1649.0,39.0,-39.0,6061.0,96.0,-96.0,1.81,0.06,-0.06,1.3,0.05,-0.05,0.55,2.4e-05,39.0,0.06,0.06,0.05,0
K2-108 b,K2-108,1,5.33,0.21,-0.21,4.733999,0.000221,-0.000227,1360.0,29.0,-29.0,5599.0,87.0,-87.0,1.76,0.04,-0.04,1.17,0.06,-0.06,0.21,0.000224,29.0,0.04,0.04,0.06,0
K2-11 b,K2-11,1,7.55,9.33,-9.33,39.93767,0.23229,-0.23229,734.0,253.0,-253.0,5433.0,49.0,-144.0,5.15,0.2,-4.39,1.35,0.04,-0.56,9.33,0.23229,253.0,2.295,2.295,0.30000000000000004,0
K2-110 b,K2-110,1,2.592,0.098,-0.097,13.86375,0.00026,-0.00026,638.0,11.0,-11.0,5010.0,50.0,-50.0,0.713,0.02,-0.02,0.738,0.018,-0.018,0.0975,0.00026,11.0,0.02,0.02,0.018,0
K2-111 b,K2-111,1,1.82,0.11,-0.09,5.3518,0.0004,-0.0004,1309.0,19.0,-19.0,5775.0,70.0,-70.0,1.25,0.02,-0.02,0.84,0.02,-0.02,0.1,0.0004,19.0,0.02,0.02,0.02,0
K2-113 b,K2-113,1,12.14,0.35,-0.35,5.817685,4.1e-05,-4.1e-05,1098.0,23.0,-23.0,5660.0,87.0,-87.0,1.24,0.03,-0.03,1.04,0.04,-0.04,0.35,4.1e-05,23.0,0.03,0.03,0.04,0
K2-114 b,K2-114,1,10.59248676,0.32506044,-0.31385146,11.390931,3.1e-06,-3.2e-06,701.4,7.6,-7.7,4899.0,59.0,-58.0,0.832,0.022,-0.021,0.863,0.037,-0.031,0.31945595000000004,3.15e-06,7.65,0.0215,0.0215,0.034,0
K2-115 b,K2-115,1,11.80305668,0.33626942,-0.31385146,20.2729914,5e-06,-5e-06,696.0,19.0,-15.0,5870.0,170.0,-150.0,0.855,0.024,-0.021,0.918,0.039,-0.046,0.32506044,5e-06,17.0,0.0225,0.0225,0.042499999999999996,0
K2-117 b,K2-117,1,2.03,0.1,-0.1,1.2916,4.9e-05,-5.1e-05,868.0,14.0,-14.0,3778.0,53.0,-53.0,0.51,0.01,-0.01,0.54,0.01,-0.01,0.1,4.9999999999999996e-05,14.0,0.01,0.01,0.01,0
K2-117 c,K2-117,1,2.06,0.12,-0.12,5.444017,0.000462,-0.000455,537.0,9.0,-9.0,3778.0,53.0,-53.0,0.51,0.01,-0.01,0.54,0.01,-0.01,0.12,0.00045850000000000003,9.0,0.01,0.01,0.01,0
K2-119 b,K2-119,1,2.53,0.2,-0.2,7.727283,0.001268,-0.001149,666.0,15.0,-15.0,4740.0,100.0,-100.0,0.71,0.01,-0.01,0.76,0.02,-0.02,0.2,0.0012085,15.0,0.01,0.01,0.02,0
K2-12 b,K2-12,1,2.44,0.3,-0.14,8.28246,0.00052,-0.00052,1026.0,15.0,-15.0,5672.0,63.0,-63.0,1.117,0.014,-0.014,0.965,0.064,-0.048,0.22,0.00052,15.0,0.014,0.014,0.056,0
K2-121 b,K2-121,1,7.16,0.12,-0.06,5.185738,1.4e-05,-1.4e-05,716.0,26.0,-26.0,4526.0,110.0,-110.0,0.675,0.033,-0.033,0.71,0.03,-0.03,0.09,1.4e-05,26.0,0.033,0.033,0.03,0
K2-122 b,K2-122,1,1.16,0.1,-0.05,2.2193023,2e-06,-2e-06,769.0,20.0,-37.0,4009.0,47.0,-44.0,0.59,0.01,-0.01,0.63,0.02,-0.02,0.07500000000000001,2e-06,28.5,0.01,0.01,0.02,0
K2-123 b,K2-123,1,2.76,0.16,-0.16,30.951524,0.003625,-0.00332,338.0,5.0,-5.0,4035.0,52.0,-52.0,0.59,0.01,-0.01,0.62,0.01,-0.01,0.16,0.0034725,5.0,0.01,0.01,0.01,0
K2-124 b,K2-124,1,2.9,0.1,-0.1,6.413651,3.6e-05,-3.1e-05,442.0,17.0,-17.0,3570.0,63.0,-70.0,0.388,0.016,-0.009,0.39,0.013,-0.042,0.1,3.35e-05,17.0,0.0125,0.0125,0.0275,0
K2-126 b,K2-126,1,1.97,0.12,-0.12,7.385655,0.000501,-0.000509,601.0,13.0,-13.0,4339.0,92.0,-92.0,0.65,0.01,-0.01,0.69,0.01,-0.01,0.12,0.000505,13.0,0.01,0.01,0.01,0
K2-127 b,K2-127,1,8.37,0.33,-0.33,3.588163,2.8e-05,-2.9e-05,809.0,15.0,-15.0,4575.0,74.0,-74.0,0.66,0.01,-0.01,0.72,0.01,-0.01,0.33,2.85e-05,15.0,0.01,0.01,0.01,0
K2-13 b,K2-13,1,1.89,0.95,-0.95,39.91488,0.32477,-0.32477,511.0,126.0,-126.0,5698.0,45.0,-82.0,0.78,0.09,-0.05,0.8,0.04,-0.04,0.95,0.32477,126.0,0.07,0.07,0.04,0
K2-131 b,K2-131,1,1.69,0.085,-0.058,0.3693038,9.1e-06,-9.1e-06,2223.0,37.0,-37.0,5120.0,71.0,-71.0,0.7595,0.0087,-0.0089,0.803,0.034,-0.034,0.07150000000000001,9.1e-06,37.0,0.008799999999999999,0.008799999999999999,0.034,0
K2-133 e,K2-133,1,1.73,0.14,-0.13,26.5841,0.0018,-0.0017,296.0,10.0,-10.0,3655.0,80.0,-80.0,0.455,0.022,-0.022,0.461,0.011,-0.011,0.135,0.0017499999999999998,10.0,0.022,0.022,0.011,0
K2-136 b,K2-136,1,1.014,0.05,-0.049,7.9752,0.00079,-0.00079,610.0,,,4500.0,125.0,-75.0,0.677,0.027,-0.027,0.742,0.039,-0.038,0.0495,0.00079,0.0,0.027,0.027,0.0385,0
K2-136 c,K2-136,1,3.0,0.13,-0.13,17.30713,0.00027,-0.00027,470.0,,,4500.0,125.0,-75.0,0.677,0.027,-0.027,0.742,0.039,-0.038,0.13,0.00027,0.0,0.027,0.027,0.0385,0
K2-136 d,K2-136,1,1.565,0.077,-0.076,25.575,0.0024,-0.0023,420.0,,,4500.0,125.0,-75.0,0.677,0.027,-0.027,0.742,0.039,-0.038,0.0765,0.0023499999999999997,0.0,0.027,0.027,0.0385,0
K2-139 b,K2-139,1,9.11,0.17,-0.17,28.380619,0.000551,-0.000528,524.0,8.0,-8.0,5370.0,68.0,-68.0,0.88,0.01,-0.01,0.96,0.02,-0.02,0.17,0.0005395,8.0,0.01,0.01,0.02,0
K2-14 b,K2-14,1,4.81,0.42,-0.42,8.36802,0.00019,-0.00019,488.0,8.0,-8.0,3789.0,17.0,-16.0,0.45,0.01,-0.01,0.47,0.01,-0.01,0.42,0.00019,8.0,0.01,0.01,0.01,0
K2-140 b,K2-140,1,13.56286665,1.00880826,-1.00880826,6.569188,3.1e-05,-3.1e-05,962.0,28.0,-28.0,5585.0,120.0,-120.0,1.06,0.07,-0.06,0.96,0.06,-0.04,1.00880826,3.1e-05,28.0,0.065,0.065,0.05,0
K2-141 b,K2-141,1,1.51,0.05,-0.05,0.2803244,1.5e-06,-1.5e-06,2103.0,56.0,-56.0,4570.0,100.0,-100.0,0.681,0.018,-0.018,0.708,0.028,-0.028,0.05,1.5e-06,56.0,0.018,0.018,0.028,0
K2-141 c,K2-141,1,7.0,4.6,-2.8,7.7485,0.00022,-0.00022,695.0,18.0,-18.0,4570.0,100.0,-100.0,0.681,0.018,-0.018,0.708,0.028,-0.028,3.6999999999999997,0.00022,18.0,0.018,0.018,0.028,0
K2-147 b,K2-147,1,1.47286006,0.11096891,-0.09863903,0.961939,2.9e-05,-2.9e-05,1077.0,93.0,-92.0,3690.0,300.0,-300.0,0.578,0.028,-0.028,0.563,0.028,-0.028,0.10480397,2.9e-05,92.5,0.028,0.028,0.028,0
K2-15 b,K2-15,1,2.48,0.3,-0.3,11.8104,0.00204,-0.00204,676.0,26.0,-26.0,5131.0,69.0,-65.0,0.68,0.06,-0.03,0.72,0.06,-0.03,0.3,0.00204,26.0,0.045,0.045,0.045,0
K2-151 b,K2-151,1,1.49,0.08,-0.08,3.835476,0.000266,-0.000256,566.0,6.0,-6.0,3695.0,32.0,-32.0,0.45,0.01,-0.01,0.47,0.01,-0.01,0.08,0.000261,6.0,0.01,0.01,0.01,0
K2-152 b,K2-152,1,2.29,0.25,-0.24,32.6479,0.01141,-0.01483,337.0,3.0,-3.0,4044.0,34.0,-35.0,0.61,0.01,-0.01,0.63,0.01,-0.01,0.245,0.01312,3.0,0.01,0.01,0.01,0
K2-153 b,K2-153,1,2.0,0.21,-0.18,7.51574,0.00205,-0.0024,497.0,6.0,-6.0,3845.0,37.0,-37.0,0.53,0.01,-0.01,0.55,0.01,-0.01,0.195,0.002225,6.0,0.01,0.01,0.01,0
K2-154 b,K2-154,1,1.99,0.21,-0.11,3.67626,0.0003,-0.00031,715.0,9.0,-8.0,4097.0,40.0,-45.0,0.63,0.01,-0.01,0.65,0.02,-0.01,0.16,0.000305,8.5,0.01,0.01,0.015,0
K2-154 c,K2-154,1,2.07,0.18,-0.13,7.95486,0.00084,-0.00085,552.0,7.0,-7.0,4097.0,40.0,-45.0,0.63,0.01,-0.01,0.65,0.02,-0.01,0.155,0.000845,7.0,0.01,0.01,0.015,0
K2-155 b,K2-155,1,1.8,0.2,-0.1,6.342,0.002,-0.002,708.0,38.0,-31.0,4258.0,150.0,-150.0,0.58,0.06,-0.03,0.65,0.06,-0.03,0.15000000000000002,0.002,34.5,0.045,0.045,0.045,0
K2-155 c,K2-155,1,2.6,0.7,-0.2,13.85,0.006,-0.006,583.0,52.0,-35.0,4258.0,150.0,-150.0,0.58,0.06,-0.03,0.65,0.06,-0.03,0.44999999999999996,0.006,43.5,0.045,0.045,0.045,0
K2-155 d,K2-155,1,1.9,0.7,-0.2,40.718,0.005,-0.005,381.0,47.0,-25.0,4258.0,150.0,-150.0,0.58,0.06,-0.03,0.65,0.06,-0.03,0.44999999999999996,0.005,36.0,0.045,0.045,0.045,0
K2-157 b,K2-157,1,0.935,0.09,-0.09,0.3652575,7.8e-06,-8.8e-06,2432.0,42.0,-42.0,5334.0,64.0,-64.0,0.86,0.019,-0.019,0.89,0.029,-0.029,0.09,8.3e-06,42.0,0.019,0.019,0.029,0
K2-158 b,K2-158,1,2.64,0.16,-0.1,10.06049,0.00134,-0.00148,794.0,11.0,-11.0,5503.0,51.0,-48.0,0.95,0.02,-0.02,0.92,0.03,-0.02,0.13,0.00141,11.0,0.02,0.02,0.025,0
K2-158 c,K2-158,1,1.28,0.13,-0.1,5.90279,0.00191,-0.00233,948.0,13.0,-13.0,5503.0,51.0,-48.0,0.95,0.02,-0.02,0.92,0.03,-0.02,0.115,0.00212,13.0,0.02,0.02,0.025,0
K2-159 b,K2-159,1,2.26,0.17,-0.11,12.42205,0.0018,-0.00182,684.0,8.0,-8.0,5425.0,44.0,-44.0,0.83,0.01,-0.01,0.9,0.02,-0.03,0.14,0.00181,8.0,0.01,0.01,0.025,0
K2-16 b,K2-16,1,2.02,0.24,-0.24,7.6188,0.00087,-0.00087,658.0,19.0,-19.0,4742.0,60.0,-60.0,0.66,0.03,-0.03,0.68,0.03,-0.03,0.24,0.00087,19.0,0.03,0.03,0.03,0
K2-16 c,K2-16,1,2.54,1.12,-0.47,19.07863,0.00327,-0.00327,485.0,14.0,-14.0,4742.0,60.0,-60.0,0.66,0.03,-0.03,0.68,0.03,-0.03,0.795,0.00327,14.0,0.03,0.03,0.03,0
K2-162 b,K2-162,1,1.44,0.11,-0.07,9.45889,0.00104,-0.00107,631.0,8.0,-8.0,4842.0,49.0,-45.0,0.69,0.01,-0.01,0.75,0.02,-0.02,0.09,0.001055,8.0,0.01,0.01,0.02,0
K2-166 b,K2-166,1,2.19,0.2,-0.19,8.52695,0.00362,-0.0037,1140.0,17.0,-18.0,5960.0,52.0,-53.0,1.61,0.04,-0.04,1.16,0.05,-0.03,0.195,0.00366,17.5,0.04,0.04,0.04,0
K2-167 b,K2-167,1,2.36509493,0.21297063,-0.14571675,9.978541,2.3e-05,-1.9e-05,1220.0,20.0,-19.0,6310.0,170.0,-170.0,1.499,0.077,-0.071,1.084,0.1,-0.097,0.17934369,2.1000000000000002e-05,19.5,0.074,0.074,0.0985,0
K2-168 b,K2-168,1,1.86,0.24,-0.11,15.8523,0.0025,-0.0012,766.35,16.33,-8.12,5502.7,101.0,-50.5,0.83,0.087,-0.043,0.877,0.06,-0.029,0.175,0.00185,12.224999999999998,0.065,0.065,0.0445,0
K2-17 b,K2-17,1,2.23,0.2,-0.2,17.96753,0.00152,-0.00152,487.0,10.0,-10.0,4320.0,56.0,-47.0,0.66,0.02,-0.03,0.71,0.02,-0.05,0.2,0.00152,10.0,0.025,0.025,0.035,0
K2-174 b,K2-174,1,2.6,0.1,-0.1,19.562307,7.8e-05,-7.6e-05,455.0,5.0,-5.0,4455.0,31.0,-29.0,0.676,0.008,-0.008,0.7,0.025,-0.023,0.1,7.7e-05,5.0,0.008,0.008,0.024,0
K2-18 b,K2-18,1,2.37,0.22,-0.22,32.939623,9.5e-05,-0.0001,284.0,15.0,-15.0,3457.0,39.0,-39.0,0.411,0.038,-0.038,0.359,0.047,-0.047,0.22,9.750000000000001e-05,15.0,0.038,0.038,0.047,0
K2-180 b,K2-180,1,2.46597575,0.10984801,-0.09639723,8.865663,1.1e-05,-1e-05,797.5,8.4,-8.5,5365.0,92.0,-92.0,0.719,0.025,-0.023,0.735,0.035,-0.029,0.10312262,1.0500000000000001e-05,8.45,0.024,0.024,0.032,0
K2-181 b,K2-181,1,2.69,0.21,-0.09,6.8941,0.00043,-0.00043,949.0,26.0,-26.0,5528.0,100.0,-100.0,1.06,0.042,-0.042,0.96,0.04,-0.04,0.15,0.00043,26.0,0.042,0.042,0.04,0
K2-182 b,K2-182,1,2.71257333,0.11096891,-0.09079274,4.7369696,1.7e-06,-1.7e-06,965.8,10.0,-9.8,5128.0,79.0,-80.0,0.789,0.025,-0.023,0.823,0.036,-0.033,0.10088082500000001,1.7e-06,9.9,0.024,0.024,0.0345,0
K2-184 b,K2-184,1,1.47,0.11,-0.05,16.9780102,2.37e-05,-2.42e-05,533.0,10.0,-23.0,5245.0,34.0,-35.0,0.75,0.01,-0.01,0.84,0.01,-0.01,0.08,2.395e-05,16.5,0.01,0.01,0.01,0
K2-185 b,K2-185,1,1.15,0.07,-0.07,10.616384,6.9e-05,-7.4e-05,809.0,22.0,-25.0,5788.0,190.0,-157.0,0.94,0.03,-0.03,0.96,0.05,-0.07,0.07,7.15e-05,23.5,0.03,0.03,0.060000000000000005,0
K2-185 c,K2-185,1,2.39,0.09,-0.09,52.713494,0.000155,-0.000164,477.0,14.0,-17.0,5788.0,190.0,-157.0,0.94,0.03,-0.03,0.96,0.05,-0.07,0.09,0.0001595,15.5,0.03,0.03,0.060000000000000005,0
K2-188 b,K2-188,1,1.35,0.11,-0.11,1.742169,0.000457,-0.000365,1692.0,33.0,-32.0,5977.0,87.0,-87.0,1.19,0.03,-0.03,1.06,0.03,-0.03,0.11,0.000411,32.5,0.03,0.03,0.03,0
K2-188 c,K2-188,1,2.83,0.15,-0.15,7.810253,0.000846,-0.000844,1026.0,20.0,-20.0,5977.0,87.0,-87.0,1.19,0.03,-0.03,1.06,0.03,-0.03,0.15,0.000845,20.0,0.03,0.03,0.03,0
K2-189 b,K2-189,1,1.403,0.079,-0.043,2.58812,0.00011,-0.00011,1203.0,34.0,-33.0,5442.0,100.0,-100.0,0.879,0.034,-0.034,0.85,0.03,-0.03,0.061,0.00011,33.5,0.034,0.034,0.03,0
K2-189 c,K2-189,1,2.31,0.14,-0.05,6.67932,0.00021,-0.00021,877.0,24.0,-24.0,5442.0,100.0,-100.0,0.879,0.034,-0.034,0.85,0.03,-0.03,0.095,0.00021,24.0,0.034,0.034,0.03,0
K2-19 b,K2-19,1,6.59,0.22,-0.22,7.922806,9e-05,-9e-05,857.0,21.0,-21.0,5350.0,110.0,-110.0,0.824,0.024,-0.024,0.892,0.034,-0.034,0.22,9e-05,21.0,0.024,0.024,0.034,0
K2-19 c,K2-19,1,3.88,0.14,-0.14,11.8977,0.00046,-0.00046,749.0,19.0,-19.0,5350.0,110.0,-110.0,0.824,0.024,-0.024,0.892,0.034,-0.034,0.14,0.00046,19.0,0.024,0.024,0.034,0
K2-19 d,K2-19,1,1.044,0.064,-0.064,2.50827,0.00027,-0.00014,1258.0,31.0,-31.0,5350.0,110.0,-110.0,0.824,0.024,-0.024,0.892,0.034,-0.034,0.064,0.000205,31.0,0.024,0.024,0.034,0
K2-192 b,K2-192,1,1.52,0.13,-0.13,4.162817,0.000432,-0.000447,939.0,10.0,-10.0,5222.0,48.0,-48.0,0.81,0.01,-0.01,0.9,0.01,-0.01,0.13,0.0004395,10.0,0.01,0.01,0.01,0
K2-193 b,K2-193,1,3.95,0.12,-0.12,14.786889,0.000803,-0.00081,739.0,24.0,-24.0,5817.0,173.0,-173.0,0.98,0.02,-0.02,1.01,0.05,-0.05,0.12,0.0008064999999999999,24.0,0.02,0.02,0.05,0
K2-195 b,K2-195,1,3.13,0.12,-0.12,15.852975,0.001201,-0.001168,720.0,14.0,-14.0,5713.0,87.0,-87.0,0.99,0.02,-0.02,0.94,0.04,-0.04,0.12,0.0011845,14.0,0.02,0.02,0.04,0
K2-197 b,K2-197,1,2.56,0.16,-0.16,8.357881,0.00071,-0.000686,848.0,11.0,-11.0,5667.0,58.0,-58.0,0.93,0.01,-0.01,1.0,0.02,-0.02,0.16,0.000698,11.0,0.01,0.01,0.02,0
K2-198 b,K2-198,1,4.189,0.228,-0.098,17.0428683,7.1e-06,-3.5e-06,715.8,18.72,-9.26,5212.9,99.0,-49.2,0.757,0.035,-0.016,0.799,0.091,-0.045,0.163,5.3e-06,13.989999999999998,0.025500000000000002,0.025500000000000002,0.068,0
K2-198 c,K2-198,1,1.423,0.081,-0.036,3.3596055,4e-06,-2.1e-06,1229.9,32.2,-15.9,5212.9,99.0,-49.2,0.757,0.035,-0.016,0.799,0.091,-0.045,0.058499999999999996,3.0499999999999996e-06,24.05,0.025500000000000002,0.025500000000000002,0.068,0
K2-198 d,K2-198,1,2.438,0.13,-0.056,7.4500177,5.2e-06,-2.6e-06,943.2,24.7,-12.2,5212.9,99.0,-49.2,0.757,0.035,-0.016,0.799,0.091,-0.045,0.093,3.9e-06,18.45,0.025500000000000002,0.025500000000000002,0.068,0
K2-199 b,K2-199,1,1.73,0.05,-0.04,3.2253993,2.4e-06,-2.4e-06,913.0,23.0,-23.0,4491.0,100.0,-100.0,0.682,0.014,-0.014,0.711,0.022,-0.024,0.045,2.4e-06,23.0,0.014,0.014,0.023,0
K2-199 c,K2-199,1,2.85,0.1,-0.09,7.3744897,3.7e-06,-3.7e-06,694.0,17.0,-17.0,4491.0,100.0,-100.0,0.682,0.014,-0.014,0.711,0.022,-0.024,0.095,3.7e-06,17.0,0.014,0.014,0.023,0
K2-203 b,K2-203,1,1.26549392,0.10200172,-0.07958376,9.6952,0.0014,-0.0014,738.4,8.0,-7.9,5026.0,82.0,-81.0,0.765,0.024,-0.023,0.793,0.033,-0.029,0.09079274000000001,0.0014,7.95,0.0235,0.0235,0.031,0
K2-204 b,K2-204,1,3.17214154,0.17934369,-0.15692573,7.055908,5.8e-05,-7.4e-05,1148.0,25.0,-24.0,5783.0,100.0,-98.0,1.253,0.055,-0.053,1.076,0.092,-0.086,0.16813471000000002,6.6e-05,24.5,0.054,0.054,0.089,0
K2-208 b,K2-208,1,1.67462172,0.12329879,-0.09191364,4.19097,0.00023,-0.00023,1122.0,15.0,-14.0,5500.0,100.0,-100.0,0.872,0.033,-0.03,0.881,0.045,-0.042,0.107606215,0.00023,14.5,0.0315,0.0315,0.0435,0
K2-211 b,K2-211,1,1.33162691,0.08743005,-0.07173748,0.669561,3.1e-05,-3.2e-05,1873.0,22.0,-21.0,5117.0,85.0,-86.0,0.818,0.029,-0.027,0.851,0.039,-0.035,0.079583765,3.15e-05,21.5,0.028,0.028,0.037000000000000005,0
K2-214 b,K2-214,1,2.51,0.14,-0.07,8.59656,0.00051,-0.00051,1001.0,27.0,-27.0,5875.0,100.0,-100.0,1.236,0.047,-0.047,1.03,0.05,-0.05,0.10500000000000001,0.00051,27.0,0.047,0.047,0.05,0
K2-216 b,K2-216,1,1.75,0.17,-0.1,2.1748,5e-05,-5e-05,1103.0,180.0,-56.0,4503.0,69.0,-69.0,0.72,0.03,-0.03,0.7,0.03,-0.03,0.135,5e-05,118.0,0.03,0.03,0.03,0
K2-220 b,K2-220,1,2.37,0.14,-0.07,13.68186,0.00095,-0.00095,761.0,21.0,-21.0,5612.0,100.0,-100.0,1.026,0.04,-0.04,0.91,0.04,-0.04,0.10500000000000001,0.00095,21.0,0.04,0.04,0.04,0
K2-222 b,K2-222,1,2.35,0.08,-0.07,15.38857,0.00088,-0.00088,871.0,23.0,-23.0,5942.0,119.0,-119.0,1.115,0.029,-0.029,0.989,0.07,-0.065,0.07500000000000001,0.00088,23.0,0.029,0.029,0.0675,0
K2-224 b,K2-224,1,1.56,0.16,-0.14,4.47904,0.00116,-0.00132,1002.0,11.0,-11.0,5620.0,42.0,-45.0,0.84,0.01,-0.01,0.91,0.02,-0.02,0.15000000000000002,0.00124,11.0,0.01,0.01,0.02,0
K2-224 c,K2-224,1,2.41,0.16,-0.12,10.09489,0.00119,-0.00114,764.0,9.0,-9.0,5620.0,42.0,-45.0,0.84,0.01,-0.01,0.91,0.02,-0.02,0.14,0.001165,9.0,0.01,0.01,0.02,0
K2-225 b,K2-225,1,3.60929179,0.28022452,-0.22417961,15.8723,0.0021,-0.0019,923.0,13.0,-14.0,5520.0,140.0,-140.0,1.7,0.094,-0.087,1.482,0.11,-0.096,0.252202065,0.002,13.5,0.0905,0.0905,0.10300000000000001,0
K2-226 b,K2-226,1,1.53899305,0.10312262,-0.08630915,3.27109,0.00036,-0.00039,1187.0,16.0,-17.0,5288.0,99.0,-99.0,0.889,0.034,-0.032,0.856,0.042,-0.03,0.094715885,0.000375,16.5,0.033,0.033,0.036000000000000004,0
K2-228 b,K2-228,1,1.21,0.1,-0.06,2.69828,0.00022,-0.00022,914.0,14.0,-13.0,4715.0,48.0,-46.0,0.65,0.01,-0.01,0.71,0.02,-0.02,0.08,0.00022,13.5,0.01,0.01,0.02,0
K2-229 c,K2-229,1,2.03,0.12,-0.06,8.32727,0.00041,-0.00043,750.0,6.0,-6.0,5315.0,35.0,-31.0,0.79,0.01,-0.01,0.87,0.01,-0.01,0.09,0.00042,6.0,0.01,0.01,0.01,0
K2-230 b,K2-230,1,1.96,0.18,-0.16,2.86041,0.00061,-0.00061,1529.0,22.0,-22.0,5945.0,23.0,-25.0,1.39,0.04,-0.04,1.11,0.02,-0.02,0.16999999999999998,0.00061,22.0,0.04,0.04,0.02,0
K2-232 b,K2-232,1,11.209,0.246598,-0.22418,11.168454,2.3e-05,-2.3e-05,1030.0,15.0,-15.0,6154.0,60.0,-60.0,1.161,0.024,-0.024,1.188,0.028,-0.026,0.23538900000000001,2.3e-05,15.0,0.024,0.024,0.027,0
K2-233 b,K2-233,1,1.315,0.036,-0.036,2.467583,6.2e-05,-6.7e-05,1127.0,14.0,-14.0,4796.0,66.0,-66.0,0.71,0.01,-0.01,0.79,0.01,-0.01,0.036,6.45e-05,14.0,0.01,0.01,0.01,0
K2-233 c,K2-233,1,1.272,0.038,-0.038,7.06024,0.00044,-0.00043,794.0,10.0,-10.0,4796.0,66.0,-66.0,0.71,0.01,-0.01,0.79,0.01,-0.01,0.038,0.000435,10.0,0.01,0.01,0.01,0
K2-233 d,K2-233,1,2.363,0.062,-0.062,24.3681,0.0013,-0.0014,525.0,6.0,-6.0,4796.0,66.0,-66.0,0.71,0.01,-0.01,0.79,0.01,-0.01,0.062,0.00135,6.0,0.01,0.01,0.01,0
K2-237 b,K2-237,1,16.06246934,0.62770292,-0.54924005,2.18053332,5.4e-07,-5.4e-07,1759.0,49.0,-42.0,6180.0,160.0,-140.0,1.236,0.043,-0.036,1.256,0.055,-0.062,0.588471485,5.4e-07,45.5,0.03949999999999999,0.03949999999999999,0.058499999999999996,0
K2-238 b,K2-238,1,14.5717,1.68135,-1.56926,3.20466,3e-05,-3e-05,1587.0,75.0,-76.0,5630.0,78.0,-78.0,1.59,0.16,-0.16,1.19,0.08,-0.08,1.625305,3e-05,75.5,0.16,0.16,0.08,0
K2-239 b,K2-239,1,1.1,0.1,-0.1,5.24,0.001,-0.001,502.0,22.0,-18.0,3420.0,18.0,-18.0,0.36,0.01,-0.01,0.4,0.01,-0.01,0.1,0.001,20.0,0.01,0.01,0.01,0
K2-239 c,K2-239,1,1.0,0.1,-0.1,7.775,0.001,-0.001,427.0,24.0,-19.0,3420.0,18.0,-18.0,0.36,0.01,-0.01,0.4,0.01,-0.01,0.1,0.001,21.5,0.01,0.01,0.01,0
K2-239 d,K2-239,1,1.1,0.1,-0.1,10.115,0.001,-0.001,399.0,18.0,-15.0,3420.0,18.0,-18.0,0.36,0.01,-0.01,0.4,0.01,-0.01,0.1,0.001,16.5,0.01,0.01,0.01,0
K2-240 b,K2-240,1,2.0,0.2,-0.1,6.034,0.001,-0.001,586.0,24.0,-18.0,3810.0,17.0,-17.0,0.54,0.01,-0.01,0.58,0.01,-0.01,0.15000000000000002,0.001,21.0,0.01,0.01,0.01,0
K2-240 c,K2-240,1,1.8,0.3,-0.1,20.523,0.001,-0.001,389.0,19.0,-17.0,3810.0,17.0,-17.0,0.54,0.01,-0.01,0.58,0.01,-0.01,0.2,0.001,18.0,0.01,0.01,0.01,0
K2-241 b,K2-241,1,2.55,0.18,-0.1,26.8199,0.00245,-0.00247,507.0,5.0,-5.0,5262.0,43.0,-39.0,0.75,0.01,-0.01,0.71,0.01,-0.01,0.14,0.00246,5.0,0.01,0.01,0.01,0
K2-242 b,K2-242,1,2.54,0.21,-0.19,6.51389,0.00082,-0.00083,416.0,8.0,-8.0,3459.0,65.0,-38.0,0.37,0.01,-0.01,0.38,0.01,-0.01,0.2,0.000825,8.0,0.01,0.01,0.01,0
K2-243 b,K2-243,1,2.17,0.14,-0.12,11.54182,0.00272,-0.00221,1035.0,36.0,-35.0,6570.0,269.0,-171.0,1.39,0.03,-0.03,1.29,0.04,-0.06,0.13,0.002465,35.5,0.03,0.03,0.05,0
K2-243 c,K2-243,1,2.01,0.15,-0.13,24.94598,0.00491,-0.00561,801.0,27.0,-28.0,6570.0,269.0,-171.0,1.39,0.03,-0.03,1.29,0.04,-0.06,0.14,0.005260000000000001,27.5,0.03,0.03,0.05,0
K2-244 b,K2-244,1,1.75,0.13,-0.1,21.06884,0.0032,-0.00325,638.0,7.0,-7.0,5677.0,38.0,-39.0,0.92,0.02,-0.01,0.86,0.02,-0.02,0.115,0.003225,7.0,0.015,0.015,0.02,0
K2-245 b,K2-245,1,4.34,0.19,-0.14,11.89307,0.00065,-0.00063,923.0,14.0,-14.0,5793.0,66.0,-52.0,1.25,0.03,-0.03,0.83,0.02,-0.01,0.165,0.0006399999999999999,14.0,0.03,0.03,0.015,0
K2-246 b,K2-246,1,3.49,0.25,-0.21,5.76918,0.00081,-0.00082,977.0,19.0,-18.0,5610.0,32.0,-29.0,0.94,0.03,-0.03,0.87,0.02,-0.02,0.22999999999999998,0.000815,18.5,0.03,0.03,0.02,0
K2-247 b,K2-247,1,2.12,0.19,-0.16,2.25021,0.00033,-0.00036,979.0,52.0,-51.0,4667.0,305.0,-183.0,0.69,0.02,-0.01,0.74,0.03,-0.03,0.175,0.00034500000000000004,51.5,0.015,0.015,0.03,0
K2-247 c,K2-247,1,2.19,0.25,-0.23,6.49424,0.0026,-0.00251,688.0,36.0,-35.0,4667.0,305.0,-183.0,0.69,0.02,-0.01,0.74,0.03,-0.03,0.24,0.002555,35.5,0.015,0.015,0.03,0
K2-248 b,K2-248,1,2.57,0.2,-0.14,7.17256,0.00148,-0.00142,886.0,19.0,-18.0,5528.0,97.0,-86.0,0.92,0.02,-0.02,0.88,0.04,-0.03,0.17,0.00145,18.5,0.02,0.02,0.035,0
K2-249 b,K2-249,1,2.79,0.27,-0.22,12.409,0.00337,-0.00284,1061.0,66.0,-66.0,6504.0,329.0,-419.0,1.57,0.06,-0.06,1.32,0.09,-0.12,0.245,0.003105,66.0,0.06,0.06,0.105,0
K2-25 b,K2-25,1,3.44,0.12,-0.12,3.48456408,6e-07,-5e-07,494.0,11.0,-11.0,3207.0,58.0,-58.0,0.2932,0.0093,-0.0093,0.2634,0.0077,-0.0077,0.12,5.5e-07,11.0,0.0093,0.0093,0.0077,0
K2-250 b,K2-250,1,2.71257333,0.17934369,-0.13450777,4.01392,0.00029,-0.00029,1003.0,14.0,-14.0,5003.0,94.0,-94.0,0.797,0.029,-0.027,0.809,0.044,-0.036,0.15692572999999999,0.00029,14.0,0.028,0.028,0.039999999999999994,0
K2-251 b,K2-251,1,2.35,0.26,-0.21,9.30075,0.00332,-0.00321,437.0,9.0,-9.0,3717.0,85.0,-50.0,0.49,0.01,-0.01,0.52,0.01,-0.01,0.235,0.003265,9.0,0.01,0.01,0.01,0
K2-252 b,K2-252,1,1.74,0.17,-0.12,13.81513,0.00461,-0.00448,639.0,7.0,-7.0,5152.0,41.0,-39.0,0.82,0.01,-0.01,0.79,0.02,-0.01,0.14500000000000002,0.004545,7.0,0.01,0.01,0.015,0
K2-253 b,K2-253,1,12.67,0.69,-0.61,4.00167,0.00013,-0.00013,1238.0,57.0,-53.0,6027.0,221.0,-240.0,1.1,0.04,-0.04,1.08,0.05,-0.08,0.6499999999999999,0.00013,55.0,0.04,0.04,0.065,0
K2-254 b,K2-254,1,1.63,0.28,-0.24,4.09639,0.00081,-0.00079,791.0,26.0,-26.0,4629.0,168.0,-123.0,0.67,0.01,-0.01,0.71,0.02,-0.03,0.26,0.0007999999999999999,26.0,0.01,0.01,0.025,0
K2-254 c,K2-254,1,2.19,0.24,-0.18,12.11839,0.00303,-0.00321,551.0,18.0,-18.0,4629.0,168.0,-123.0,0.67,0.01,-0.01,0.71,0.02,-0.03,0.21,0.0031200000000000004,18.0,0.01,0.01,0.025,0
K2-255 b,K2-255,1,2.9,0.28,-0.11,1.96417,4e-05,-4e-05,1034.0,17.0,-17.0,4676.0,63.0,-61.0,0.69,0.01,-0.01,0.71,0.03,-0.03,0.195,4e-05,17.0,0.01,0.01,0.03,0
K2-257 b,K2-257,1,0.83,0.06,-0.05,1.60588,0.00014,-0.00013,789.0,14.0,-14.0,3725.0,80.0,-46.0,0.5,0.01,-0.01,0.52,0.01,-0.01,0.055,0.00013499999999999997,14.0,0.01,0.01,0.01,0
K2-258 b,K2-258,1,3.0,0.21,-0.2,19.0921,0.00576,-0.00633,831.0,30.0,-30.0,6351.0,198.0,-228.0,1.31,0.03,-0.03,1.21,0.05,-0.08,0.20500000000000002,0.006045,30.0,0.03,0.03,0.065,0
K2-259 b,K2-259,1,2.32,0.2,-0.17,15.48043,0.00332,-0.00392,795.0,13.0,-13.0,6059.0,62.0,-76.0,1.13,0.03,-0.02,1.14,0.03,-0.03,0.185,0.00362,13.0,0.025,0.025,0.03,0
K2-26 b,K2-26,1,2.67,0.46,-0.42,14.5665,0.0016,-0.002,430.0,,,3785.0,185.0,-185.0,0.52,0.08,-0.08,0.56,0.1,-0.1,0.44,0.0018,0.0,0.08,0.08,0.1,0
K2-260 b,K2-260,1,18.41635529,0.65012088,-0.81825559,2.62669762,6.6e-07,-6.6e-07,2090.0,35.0,-39.0,6860.0,150.0,-160.0,1.755,0.061,-0.078,1.637,0.065,-0.069,0.734188235,6.6e-07,37.0,0.0695,0.0695,0.067,0
K2-261 b,K2-261,1,9.26982704,0.36989636,-0.33626942,11.6334681,4.4e-06,-4.4e-06,1036.0,10.0,-10.0,5490.0,110.0,-110.0,1.663,0.071,-0.068,1.107,0.042,-0.047,0.35308289,4.4e-06,10.0,0.0695,0.0695,0.0445,0
K2-263 b,K2-263,1,2.41,0.12,-0.12,50.818947,9.4e-05,-9.4e-05,470.0,7.0,-7.0,5368.0,44.0,-44.0,0.85,0.02,-0.02,0.88,0.03,-0.03,0.12,9.4e-05,7.0,0.02,0.02,0.03,0
K2-264 b,K2-264,1,2.231,0.151,-0.145,5.840002,0.000676,-0.000602,496.0,10.0,-10.0,3660.0,80.0,-45.0,0.473,0.011,-0.011,0.496,0.013,-0.013,0.148,0.000639,10.0,0.011,0.011,0.013,0
K2-264 c,K2-264,1,2.668,0.201,-0.194,19.660302,0.003496,-0.003337,331.0,7.0,-7.0,3660.0,80.0,-45.0,0.473,0.011,-0.011,0.496,0.013,-0.013,0.1975,0.0034165000000000003,7.0,0.011,0.011,0.013,0
K2-265 b,K2-265,1,1.70824866,0.11208981,-0.08070466,2.36902,5.8e-05,-5.9e-05,1366.0,17.0,-17.0,5420.0,100.0,-100.0,0.92,0.034,-0.032,0.901,0.051,-0.042,0.096397235,5.85e-05,17.0,0.033,0.033,0.0465,0
K2-266 b,K2-266,1,3.3,1.8,-1.3,0.658524,1.7e-05,-1.7e-05,1515.0,18.0,-18.0,4285.0,49.0,-57.0,0.703,0.024,-0.022,0.686,0.033,-0.033,1.55,1.7e-05,18.0,0.023,0.023,0.033,0
K2-266 c,K2-266,1,0.705,0.096,-0.085,7.814,0.0019,-0.0016,664.5,8.0,-7.7,4285.0,49.0,-57.0,0.703,0.024,-0.022,0.686,0.033,-0.033,0.0905,0.00175,7.85,0.023,0.023,0.033,0
K2-266 d,K2-266,1,2.93,0.14,-0.12,14.697,0.00034,-0.00035,538.3,6.5,-6.3,4285.0,49.0,-57.0,0.703,0.024,-0.022,0.686,0.033,-0.033,0.13,0.00034500000000000004,6.4,0.023,0.023,0.033,0
K2-266 e,K2-266,1,2.73,0.14,-0.11,19.482,0.0012,-0.0012,490.1,5.9,-5.7,4285.0,49.0,-57.0,0.703,0.024,-0.022,0.686,0.033,-0.033,0.125,0.0012,5.800000000000001,0.023,0.023,0.033,0
K2-268 b,K2-268,1,1.5,0.12,-0.07,2.151676,5e-06,-6e-06,1136.0,18.0,-19.0,5106.0,70.0,-61.0,0.78,0.02,-0.02,0.84,0.02,-0.02,0.095,5.5e-06,18.5,0.02,0.02,0.02,0
K2-268 c,K2-268,1,2.69,0.77,-0.21,9.327527,2.1e-05,-2e-05,696.0,12.0,-13.0,5106.0,70.0,-61.0,0.78,0.02,-0.02,0.84,0.02,-0.02,0.49,2.05e-05,12.5,0.02,0.02,0.02,0
K2-268 d,K2-268,1,1.49,0.14,-0.07,4.528598,1.6e-05,-1.5e-05,888.0,16.0,-15.0,5106.0,70.0,-61.0,0.78,0.02,-0.02,0.84,0.02,-0.02,0.10500000000000001,1.55e-05,15.5,0.02,0.02,0.02,0
K2-268 e,K2-268,1,1.33,0.11,-0.08,6.131243,3.2e-05,-3.3e-05,801.0,13.0,-13.0,5106.0,70.0,-61.0,0.78,0.02,-0.02,0.84,0.02,-0.02,0.095,3.2500000000000004e-05,13.0,0.02,0.02,0.02,0
K2-268 f,K2-268,1,2.23,0.15,-0.09,26.27057,0.000105,-0.000109,492.0,8.0,-10.0,5106.0,70.0,-61.0,0.78,0.02,-0.02,0.84,0.02,-0.02,0.12,0.000107,9.0,0.02,0.02,0.02,0
K2-269 b,K2-269,1,1.57,0.12,-0.12,4.144965,0.000817,-0.000619,1429.0,37.0,-37.0,6209.0,88.0,-88.0,1.45,0.06,-0.06,1.16,0.04,-0.04,0.12,0.000718,37.0,0.06,0.06,0.04,0
K2-27 b,K2-27,1,4.74,0.13,-0.06,6.771347,5.9e-05,-5.9e-05,836.0,24.0,-24.0,5246.0,100.0,-100.0,0.876,0.036,-0.036,0.88,0.03,-0.03,0.095,5.9e-05,24.0,0.036,0.036,0.03,0
K2-270 b,K2-270,1,1.38,0.11,-0.11,1.543069,0.000189,-0.000185,1203.0,17.0,-17.0,4877.0,58.0,-58.0,0.77,0.01,-0.01,0.85,0.02,-0.02,0.11,0.000187,17.0,0.01,0.01,0.02,0
K2-270 c,K2-270,1,2.95,0.16,-0.16,4.400028,0.000169,-0.000178,848.0,12.0,-12.0,4877.0,58.0,-58.0,0.77,0.01,-0.01,0.85,0.02,-0.02,0.16,0.0001735,12.0,0.01,0.01,0.02,0
K2-271 b,K2-271,1,7.28,0.23,-0.23,8.562421,0.000127,-0.000127,893.0,17.0,-17.0,5644.0,71.0,-71.0,0.99,0.03,-0.03,0.83,0.03,-0.03,0.23,0.000127,17.0,0.03,0.03,0.03,0
K2-272 b,K2-272,1,3.13,0.38,-0.21,14.4536756,2.43e-05,-2.4e-05,747.0,82.0,-65.0,5397.0,105.0,-96.0,0.83,0.03,-0.03,0.86,0.05,-0.05,0.295,2.415e-05,73.5,0.03,0.03,0.05,0
K2-273 b,K2-273,1,3.05,0.23,-0.12,11.7195663,1.34e-05,-1.35e-05,849.0,7.0,-29.0,5161.0,53.0,-47.0,0.85,0.02,-0.02,0.89,0.03,-0.03,0.175,1.345e-05,18.0,0.02,0.02,0.03,0
K2-274 b,K2-274,1,2.08,0.12,-0.07,14.1330314,2.82e-05,-2.82e-05,655.0,0.0,-20.0,5044.0,43.0,-42.0,0.7,0.01,-0.01,0.79,0.01,-0.01,0.095,2.82e-05,10.0,0.01,0.01,0.01,0
K2-275 b,K2-275,1,2.34,0.25,-0.27,3.2809626,1.6e-06,-1.6e-06,1166.0,0.0,-216.0,4841.0,39.0,-37.0,0.69,0.01,-0.01,0.77,0.01,-0.01,0.26,1.6e-06,108.0,0.01,0.01,0.01,0
K2-275 c,K2-275,1,2.21,0.08,-0.06,8.4388385,7.5e-06,-6.7e-06,653.0,3.0,-17.0,4841.0,39.0,-37.0,0.69,0.01,-0.01,0.77,0.01,-0.01,0.07,7.1e-06,10.0,0.01,0.01,0.01,0
K2-276 b,K2-276,1,3.77,0.21,-0.21,18.718269,0.003153,-0.003008,583.0,10.0,-9.0,5139.0,62.0,-62.0,0.85,0.02,-0.02,0.82,0.02,-0.02,0.21,0.0030805,9.5,0.02,0.02,0.02,0
K2-277 b,K2-277,1,2.18575124,0.20176165,-0.12329879,6.326768,1.5e-05,-1.2e-05,1049.0,15.0,-15.0,5680.0,120.0,-120.0,0.973,0.038,-0.035,0.974,0.053,-0.058,0.16253022,1.35e-05,15.0,0.036500000000000005,0.036500000000000005,0.0555,0
K2-278 b,K2-278,1,2.98,0.23,-0.23,3.334966,0.000701,-0.000859,1711.0,101.0,-101.0,6747.0,383.0,-383.0,1.61,0.05,-0.05,1.4,0.08,-0.08,0.23,0.00078,101.0,0.05,0.05,0.08,0
K2-279 b,K2-279,1,1.21,0.14,-0.14,7.122605,0.001647,-0.001601,879.0,14.0,-14.0,5558.0,70.0,-70.0,0.86,0.01,-0.01,0.79,0.03,-0.03,0.14,0.001624,14.0,0.01,0.01,0.03,0
K2-28 b,K2-28,1,2.32,0.24,-0.24,2.260455,4.1e-05,-4.1e-05,568.0,35.0,-35.0,3214.0,60.0,-60.0,0.288,0.028,-0.028,0.257,0.048,-0.048,0.24,4.1e-05,35.0,0.028,0.028,0.048,0
K2-280 b,K2-280,1,7.5,0.44,-0.44,19.89526,0.00028,-0.00028,787.0,17.0,-17.0,5500.0,100.0,-100.0,1.28,0.07,-0.07,1.03,0.03,-0.03,0.44,0.00028,17.0,0.07,0.07,0.03,0
K2-281 b,K2-281,1,8.18,0.21,-0.21,8.687721,0.000151,-0.00015,665.0,12.0,-12.0,4812.0,72.0,-72.0,0.76,0.01,-0.01,0.82,0.03,-0.03,0.21,0.0001505,12.0,0.01,0.01,0.03,0
K2-283 b,K2-283,1,3.52,0.16,-0.16,1.921036,5.1e-05,-5.3e-05,1186.0,20.0,-20.0,5060.0,70.0,-70.0,0.82,0.01,-0.01,0.89,0.03,-0.03,0.16,5.2000000000000004e-05,20.0,0.01,0.01,0.03,0
K2-284 b,K2-284,1,2.78,0.14,-0.12,4.795069,8.6e-05,-8.6e-05,653.0,16.0,-14.0,4140.0,50.0,-50.0,0.607,0.022,-0.022,0.63,0.01,-0.01,0.13,8.6e-05,15.0,0.022,0.022,0.01,0
K2-285 b,K2-285,1,2.59,0.06,-0.06,3.471745,4.4e-05,-4.6e-05,1088.9,22.1,-21.9,4975.0,95.0,-95.0,0.787,0.016,-0.016,0.83,0.023,-0.023,0.06,4.4999999999999996e-05,22.0,0.016,0.016,0.023,0
K2-285 c,K2-285,1,3.53,0.08,-0.08,7.138048,7.2e-05,-6.3e-05,741.4,14.5,-14.5,4975.0,95.0,-95.0,0.787,0.016,-0.016,0.83,0.023,-0.023,0.08,6.75e-05,14.5,0.016,0.016,0.023,0
K2-285 d,K2-285,1,2.48,0.06,-0.06,10.45582,0.00025,-0.00023,619.9,12.7,-12.5,4975.0,95.0,-95.0,0.787,0.016,-0.016,0.83,0.023,-0.023,0.06,0.00024,12.6,0.016,0.016,0.023,0
K2-285 e,K2-285,1,1.95,0.05,-0.05,14.76289,0.00065,-0.00061,500.9,10.1,-9.9,4975.0,95.0,-95.0,0.787,0.016,-0.016,0.83,0.023,-0.023,0.05,0.0006299999999999999,10.0,0.016,0.016,0.023,0
K2-286 b,K2-286,1,2.1,0.2,-0.2,27.359,0.005,-0.005,347.0,21.0,-11.0,3926.0,100.0,-100.0,0.62,0.02,-0.02,0.64,0.02,-0.02,0.2,0.005,16.0,0.02,0.02,0.02,0
K2-287 b,K2-287,1,9.494023,0.145717,-0.145717,14.893291,2.5e-05,-2.5e-05,804.0,8.0,-7.0,5695.0,58.0,-58.0,1.07,0.01,-0.01,1.056,0.022,-0.022,0.145717,2.5e-05,7.5,0.01,0.01,0.022,0
K2-288 B b,K2-288 B,1,1.9,0.3,-0.3,31.393463,6.7e-05,-6.9e-05,226.36,22.3,-22.3,3341.0,276.0,-276.0,0.32,0.03,-0.03,0.33,0.02,-0.02,0.3,6.8e-05,22.3,0.03,0.03,0.02,0
K2-289 b,K2-289,1,9.1,0.3,-0.3,13.156969,4.7e-05,-5.1e-05,753.0,16.0,-16.0,5529.0,77.0,-74.0,1.025,0.03,-0.028,0.953,0.037,-0.051,0.3,4.9e-05,16.0,0.028999999999999998,0.028999999999999998,0.044,0
K2-29 b,K2-29,1,13.33871,0.22418,-0.22418,3.2588321,1.9e-06,-1.9e-06,1171.0,10.0,-10.0,5358.0,38.0,-38.0,0.86,0.01,-0.01,0.94,0.02,-0.02,0.22418,1.9e-06,10.0,0.01,0.01,0.02,0
K2-290 b,K2-290,1,3.06,0.16,-0.16,9.21165,0.00033,-0.00034,1230.0,38.0,-38.0,6302.0,120.0,-120.0,1.511,0.075,-0.072,1.194,0.067,-0.077,0.16,0.000335,38.0,0.0735,0.0735,0.07200000000000001,0
K2-290 c,K2-290,1,11.276254,0.56045,-0.56045,48.36685,0.00041,-0.0004,676.0,16.0,-16.0,6302.0,120.0,-120.0,1.511,0.075,-0.072,1.194,0.067,-0.077,0.56045,0.000405,16.0,0.0735,0.0735,0.07200000000000001,0
K2-292 b,K2-292,1,2.63,0.11,-0.1,16.9841,0.0008,-0.0008,795.0,33.0,-28.0,5725.0,65.0,-65.0,1.09,0.03,-0.03,1.0,0.03,-0.03,0.10500000000000001,0.0008,30.5,0.03,0.03,0.03,0
K2-293 b,K2-293,1,2.45,0.35,-0.25,13.1225,0.0011,-0.0012,750.0,170.0,-50.0,5532.0,78.0,-78.0,0.947,0.089,-0.055,0.958,0.036,-0.034,0.3,0.00115,110.0,0.072,0.072,0.035,0
K2-294 b,K2-294,1,1.66,0.21,-0.19,2.50387,0.00022,-0.00023,1425.0,79.0,-54.0,5612.0,50.0,-50.0,1.2,0.13,-0.12,0.987,0.034,-0.03,0.2,0.000225,66.5,0.125,0.125,0.032,0
K2-295 b,K2-295,1,10.054473,0.123299,-0.056045,4.024867,1.5e-05,-1.5e-05,852.0,14.0,-6.0,4444.0,70.0,-70.0,0.7,0.02,-0.02,0.74,0.04,-0.04,0.089672,1.5e-05,10.0,0.02,0.02,0.04,0
K2-3 b,K2-3,1,2.078,0.076,-0.067,10.0546535,8.8e-06,-9.1e-06,501.3,5.1,-5.2,3844.0,61.0,-63.0,0.546,0.018,-0.016,0.549,0.029,-0.027,0.07150000000000001,8.95e-06,5.15,0.017,0.017,0.028,0
K2-3 c,K2-3,1,1.582,0.057,-0.051,24.646729,4.4e-05,-4.2e-05,371.8,3.8,-3.9,3844.0,61.0,-63.0,0.546,0.018,-0.016,0.549,0.029,-0.027,0.054,4.3e-05,3.8499999999999996,0.017,0.017,0.028,0
K2-3 d,K2-3,1,1.458,0.056,-0.051,44.55603,0.00013,-0.00012,305.2,3.1,-3.2,3844.0,61.0,-63.0,0.546,0.018,-0.016,0.549,0.029,-0.027,0.0535,0.000125,3.1500000000000004,0.017,0.017,0.028,1
K2-30 b,K2-30,1,11.646151,0.56045,-0.571659,4.098503,1.1e-05,-1.1e-05,1092.0,19.0,-20.0,5425.0,40.0,-40.0,0.844,0.032,-0.032,0.9,0.043,-0.042,0.5660545,1.1e-05,19.5,0.032,0.032,0.042499999999999996,0
K2-315 b,K2-315,1,0.95,0.058,-0.058,3.1443189,4.9e-06,-4.9e-06,460.0,5.0,-5.0,3300.0,30.0,-30.0,0.196,0.006,-0.006,0.174,0.004,-0.004,0.058,4.9e-06,5.0,0.006,0.006,0.004,0
K2-316 b,K2-316,1,1.33,0.1,-0.09,1.133,0.001,-0.001,841.0,105.0,-54.0,3436.0,3.0,-3.0,0.379,0.003,-0.003,0.408,0.005,-0.005,0.095,0.001,79.5,0.003,0.003,0.005,0
K2-316 c,K2-316,1,1.83,0.13,-0.12,5.26,0.007,-0.007,423.0,53.0,-26.0,3436.0,3.0,-3.0,0.379,0.003,-0.003,0.408,0.005,-0.005,0.125,0.007,39.5,0.003,0.003,0.005,0
K2-317 b,K2-317,1,2.93,0.19,-0.17,6.22,0.007,-0.007,432.0,48.0,-24.0,3387.0,5.0,-5.0,0.379,0.006,-0.006,0.403,0.006,-0.006,0.18,0.007,36.0,0.006,0.006,0.006,0
K2-318 b,K2-318,1,1.66,0.13,-0.13,7.01,0.007,-0.007,456.0,55.0,-32.0,3851.0,83.0,-83.0,0.552,0.017,-0.017,0.561,0.05,-0.05,0.13,0.007,43.5,0.017,0.017,0.05,0
K2-319 b,K2-319,1,2.79,0.11,-0.1,26.68,0.002,-0.003,641.0,61.0,-31.0,5440.0,115.0,-115.0,0.898,0.013,-0.013,0.954,0.055,-0.055,0.10500000000000001,0.0025,46.0,0.013,0.013,0.055,0
K2-32 b,K2-32,1,5.299,0.191,-0.191,8.992,8e-05,-8e-05,837.0,13.0,-14.0,5271.0,39.0,-35.0,0.86,0.02,-0.02,0.83,0.02,-0.02,0.191,8e-05,13.5,0.02,0.02,0.02,0
K2-32 c,K2-32,1,3.134,0.123,-0.102,20.66093,0.0008,-0.00079,634.0,9.0,-11.0,5271.0,39.0,-35.0,0.86,0.02,-0.02,0.83,0.02,-0.02,0.11249999999999999,0.000795,10.0,0.02,0.02,0.02,0
K2-32 d,K2-32,1,3.484,0.112,-0.129,31.71701,0.00101,-0.00096,550.0,8.0,-9.0,5271.0,39.0,-35.0,0.86,0.02,-0.02,0.83,0.02,-0.02,0.1205,0.000985,8.5,0.02,0.02,0.02,0
K2-32 e,K2-32,1,1.212,0.052,-0.046,4.34934,0.00039,-0.00039,1066.0,16.0,-18.0,5271.0,39.0,-35.0,0.86,0.02,-0.02,0.83,0.02,-0.02,0.049,0.00039,17.0,0.02,0.02,0.02,0
K2-320 b,K2-320,1,2.62,0.23,-0.15,1.995,0.001,-0.001,698.0,87.0,-57.0,3157.0,7.0,-7.0,0.3,0.003,-0.003,0.117,0.011,-0.011,0.19,0.001,72.0,0.003,0.003,0.011,0
K2-321 b,K2-321,1,2.05124347,0.16813471,-0.13450777,2.2979749,1.7e-06,-1.9e-06,830.0,110.0,-110.0,3750.0,510.0,-520.0,0.595,0.031,-0.031,0.578,0.03,-0.03,0.15132124,1.8000000000000001e-06,110.0,0.031,0.031,0.03,0
K2-322 b,K2-322,1,1.92,0.29,-0.18,8.205,0.003,-0.003,635.0,165.0,-78.0,4141.0,96.0,-96.0,0.602,0.013,-0.013,0.63,0.033,-0.033,0.235,0.003,121.5,0.013,0.013,0.033,0
K2-323 b,K2-323,1,2.1,0.09,-0.11,24.93,0.006,-0.006,318.0,24.0,-43.0,3710.0,118.0,-118.0,0.549,0.024,-0.024,0.478,0.089,-0.089,0.1,0.006,33.5,0.024,0.024,0.089,0
K2-324 b,K2-324,1,2.43,0.15,-0.13,3.262,0.001,-0.001,707.0,83.0,-38.0,3752.0,57.0,-57.0,0.505,0.012,-0.012,0.517,0.041,-0.041,0.14,0.001,60.5,0.012,0.012,0.041,0
K2-325 b,K2-325,1,2.2,0.14,-0.15,6.93,0.004,-0.003,423.0,33.0,-21.0,3287.0,67.0,-67.0,0.298,0.009,-0.009,0.274,0.008,-0.008,0.14500000000000002,0.0035,27.0,0.009,0.009,0.008,0
K2-326 b,K2-326,1,2.28,0.18,-0.18,1.256,0.001,-0.002,1114.0,138.0,-90.0,3924.0,51.0,-51.0,0.688,0.014,-0.014,0.507,0.051,-0.051,0.18,0.0015,114.0,0.014,0.014,0.051,0
K2-329 b,K2-329,1,8.675766,0.291434,-0.269016,12.4551225,3.1e-06,-3.1e-06,650.0,53.0,-70.0,5282.0,40.0,-39.0,0.822,0.026,-0.024,0.901,0.048,-0.049,0.280225,3.1e-06,61.5,0.025,0.025,0.0485,0
K2-330 b,K2-330,1,2.77,0.14,-0.09,13.774798,2.8e-05,-2.8e-05,969.0,9.0,-9.0,6232.0,33.0,-39.0,1.5,0.03,-0.03,1.23,0.02,-0.02,0.115,2.8e-05,9.0,0.03,0.03,0.02,0
K2-331 b,K2-331,1,1.79,0.14,-0.1,9.398977,0.001506,-0.001348,909.0,14.0,-14.0,5994.0,93.0,-91.0,1.06,0.03,-0.02,1.1,0.03,-0.04,0.12000000000000001,0.0014269999999999999,14.0,0.025,0.025,0.035,0
K2-331 c,K2-331,1,2.72,0.14,-0.1,22.996591,0.001848,-0.001859,673.0,12.0,-11.0,5994.0,93.0,-91.0,1.06,0.03,-0.02,1.1,0.03,-0.04,0.12000000000000001,0.0018535000000000001,11.5,0.025,0.025,0.035,0
K2-332 b,K2-332,1,2.2,0.19,-0.15,17.70632,6.3e-05,-6.3e-05,266.0,5.0,-8.0,3315.0,137.0,-152.0,0.28,0.02,-0.01,0.27,0.01,-0.02,0.16999999999999998,6.3e-05,6.5,0.015,0.015,0.015,0
K2-333 b,K2-333,1,6.18,0.28,-0.25,14.759287,0.000243,-0.00024,826.0,14.0,-17.0,5880.0,85.0,-82.0,1.22,0.05,-0.05,1.06,0.04,-0.04,0.265,0.00024150000000000002,15.5,0.05,0.05,0.04,0
K2-334 b,K2-334,1,5.65,0.36,-0.28,5.113981,6.1e-05,-6.2e-05,1380.0,34.0,-30.0,6502.0,132.0,-130.0,1.49,0.07,-0.06,1.36,0.05,-0.05,0.32,6.15e-05,32.0,0.065,0.065,0.05,0
K2-335 b,K2-335,1,2.21,0.18,-0.14,12.283211,5.1e-05,-5.1e-05,949.0,21.0,-26.0,6222.0,96.0,-91.0,1.33,0.07,-0.06,1.23,0.04,-0.04,0.16,5.1e-05,23.5,0.065,0.065,0.04,0
K2-336 b,K2-336,1,1.22,0.09,-0.05,21.194733,0.000108,-0.000107,569.0,15.0,-22.0,5424.0,192.0,-144.0,0.8,0.01,-0.01,0.86,0.03,-0.05,0.07,0.0001075,18.5,0.01,0.01,0.04,0
K2-337 b,K2-337,1,2.62,0.19,-0.14,16.273563,5.4e-05,-5.3e-05,850.0,19.0,-18.0,5869.0,88.0,-81.0,1.32,0.06,-0.06,0.94,0.04,-0.03,0.165,5.35e-05,18.5,0.06,0.06,0.035,0
K2-338 b,K2-338,1,1.03,0.11,-0.05,3.850614,1.2e-05,-1.2e-05,783.0,12.0,-14.0,4558.0,91.0,-81.0,0.63,0.01,-0.01,0.66,0.02,-0.02,0.08,1.2e-05,13.0,0.01,0.01,0.02,0
K2-339 b,K2-339,1,1.92,0.19,-0.12,19.507428,0.000116,-0.000113,508.0,12.0,-12.0,4857.0,86.0,-84.0,0.72,0.03,-0.03,0.74,0.04,-0.03,0.155,0.00011449999999999999,12.0,0.03,0.03,0.035,0
K2-34 b,K2-34,1,13.75,0.58,-0.59,2.9956348,2e-07,-2e-07,1687.0,24.0,-25.0,6168.0,46.0,-76.0,1.42,0.06,-0.05,1.16,0.04,-0.04,0.585,2e-07,24.5,0.055,0.055,0.04,0
K2-340 b,K2-340,1,3.36,0.44,-0.32,29.740451,0.000169,-0.000161,606.0,31.0,-36.0,5532.0,90.0,-90.0,1.13,0.14,-0.1,0.93,0.04,-0.04,0.38,0.000165,33.5,0.12000000000000001,0.12000000000000001,0.04,0
K2-341 b,K2-341,1,3.21,0.25,-0.19,36.552551,0.000127,-0.000122,598.0,16.0,-15.0,5817.0,45.0,-48.0,1.16,0.06,-0.05,0.98,0.07,-0.07,0.22,0.0001245,15.5,0.055,0.055,0.07,0
K2-342 b,K2-342,1,2.03,0.13,-0.09,11.561052,0.00069,-0.000668,861.0,14.0,-15.0,5920.0,104.0,-104.0,1.09,0.03,-0.03,1.01,0.05,-0.05,0.11,0.0006789999999999999,14.5,0.03,0.03,0.05,0
K2-343 b,K2-343,1,1.65,0.16,-0.08,2.787174,4e-06,-4e-06,653.0,10.0,-12.0,3804.0,93.0,-74.0,0.46,0.01,-0.01,0.49,0.01,-0.01,0.12,4e-06,11.0,0.01,0.01,0.01,0
K2-343 c,K2-343,1,2.02,0.1,-0.07,7.676972,1.2e-05,-1.2e-05,465.0,7.0,-7.0,3804.0,93.0,-74.0,0.46,0.01,-0.01,0.49,0.01,-0.01,0.085,1.2e-05,7.0,0.01,0.01,0.01,0
K2-344 b,K2-344,1,1.59,0.1,-0.05,3.35585,9.1e-05,-9.3e-05,722.0,7.0,-10.0,4374.0,38.0,-34.0,0.49,0.01,-0.01,0.51,0.01,-0.01,0.07500000000000001,9.2e-05,8.5,0.01,0.01,0.01,0
K2-345 b,K2-345,1,2.11,0.2,-0.09,10.367437,2e-05,-1.9e-05,437.0,4.0,-5.0,3779.0,30.0,-26.0,0.52,0.01,-0.01,0.56,0.01,-0.01,0.14500000000000002,1.95e-05,4.5,0.01,0.01,0.01,0
K2-346 b,K2-346,1,2.26,0.19,-0.1,26.201446,0.003331,-0.003124,450.0,5.0,-5.0,4801.0,49.0,-49.0,0.7,0.01,-0.01,0.71,0.02,-0.02,0.14500000000000002,0.0032275000000000003,5.0,0.01,0.01,0.02,0
K2-347 b,K2-347,1,2.41,0.11,-0.1,7.187257,2e-05,-2.1e-05,640.0,20.0,-21.0,4599.0,178.0,-152.0,0.63,0.02,-0.02,0.66,0.03,-0.03,0.10500000000000001,2.05e-05,20.5,0.02,0.02,0.03,0
K2-348 b,K2-348,1,3.26,0.22,-0.11,4.688418,0.000119,-0.000117,908.0,12.0,-11.0,5077.0,40.0,-39.0,0.85,0.02,-0.02,0.83,0.02,-0.01,0.165,0.000118,11.5,0.02,0.02,0.015,0
K2-348 c,K2-348,1,2.67,0.23,-0.11,12.550171,0.001018,-0.001057,655.0,7.0,-9.0,5077.0,40.0,-39.0,0.85,0.02,-0.02,0.83,0.02,-0.01,0.17,0.0010375,8.0,0.02,0.02,0.015,0
K2-349 b,K2-349,1,1.38,0.1,-0.07,9.032178,0.000874,-0.000874,518.0,5.0,-4.0,4385.0,29.0,-31.0,0.49,0.0,0.0,0.54,0.01,-0.01,0.085,0.000874,4.5,0.0,0.0,0.01,0
K2-350 b,K2-350,1,1.54,0.15,-0.11,4.163873,2.2e-05,-2.3e-05,1158.0,29.0,-34.0,5789.0,46.0,-50.0,1.04,0.06,-0.05,0.98,0.02,-0.02,0.13,2.2499999999999998e-05,31.5,0.055,0.055,0.02,0
K2-350 c,K2-350,1,2.74,0.25,-0.18,19.991944,0.000123,-0.000194,687.0,16.0,-18.0,5789.0,46.0,-50.0,1.04,0.06,-0.05,0.98,0.02,-0.02,0.215,0.0001585,17.0,0.055,0.055,0.02,0
K2-351 b,K2-351,1,2.54,0.25,-0.19,7.806164,0.000673,-0.000623,934.0,28.0,-32.0,5769.0,39.0,-37.0,1.05,0.07,-0.06,1.02,0.02,-0.02,0.22,0.0006479999999999999,30.0,0.065,0.065,0.02,0
K2-352 b,K2-352,1,1.37,0.1,-0.07,3.665912,0.000273,-0.000295,1160.0,16.0,-15.0,5791.0,81.0,-81.0,0.95,0.02,-0.02,0.98,0.04,-0.04,0.085,0.000284,15.5,0.02,0.02,0.04,0
K2-352 c,K2-352,1,1.92,0.13,-0.07,8.234885,0.000508,-0.000475,885.0,12.0,-14.0,5791.0,81.0,-81.0,0.95,0.02,-0.02,0.98,0.04,-0.04,0.1,0.0004915,13.0,0.02,0.02,0.04,0
K2-352 d,K2-352,1,2.23,0.13,-0.09,14.871387,0.000916,-0.000936,727.0,10.0,-10.0,5791.0,81.0,-81.0,0.95,0.02,-0.02,0.98,0.04,-0.04,0.11,0.000926,10.0,0.02,0.02,0.04,0
K2-353 b,K2-353,1,5.55,0.22,-0.2,15.466805,0.000572,-0.000565,735.0,13.0,-14.0,5698.0,55.0,-55.0,0.99,0.03,-0.03,0.87,0.02,-0.02,0.21000000000000002,0.0005685,13.5,0.03,0.03,0.02,0
K2-354 b,K2-354,1,1.56,0.08,-0.08,3.793306,0.000324,-0.000343,543.0,8.0,-9.0,3669.0,88.0,-82.0,0.41,0.01,-0.01,0.43,0.01,-0.01,0.08,0.00033350000000000003,8.5,0.01,0.01,0.01,0
K2-355 b,K2-355,1,2.25,0.22,-0.16,5.7385647,0.0013939,-0.0011048,1066.0,190.0,-77.0,5790.0,177.0,-147.0,0.92,0.04,-0.03,0.96,0.05,-0.06,0.19,0.00124935,133.5,0.035,0.035,0.055,0
K2-356 b,K2-356,1,2.29,0.15,-0.12,21.0267366,0.0036912,-0.0038993,624.0,0.0,-37.0,5568.0,178.0,-150.0,0.86,0.03,-0.03,0.9,0.05,-0.06,0.135,0.00379525,18.5,0.03,0.03,0.055,0
K2-357 b,K2-357,1,3.72,0.23,-0.21,16.3488637,0.0013811,-0.0014022,735.0,8.0,-39.0,5794.0,210.0,-169.0,1.0,0.05,-0.05,0.98,0.07,-0.07,0.22,0.00139165,23.5,0.05,0.05,0.07,0
K2-358 b,K2-358,1,2.68,0.17,-0.14,11.2510285,0.0018188,-0.0017892,888.0,0.0,-47.0,5650.0,193.0,-152.0,0.91,0.04,-0.04,0.93,0.06,-0.06,0.15500000000000003,0.001804,23.5,0.04,0.04,0.06,0
K2-36 b,K2-36,1,1.43,0.08,-0.08,1.422614,3.8e-05,-3.8e-05,1328.0,12.0,-12.0,4916.0,37.0,-37.0,0.718,0.008,-0.006,0.79,0.01,-0.01,0.08,3.8e-05,12.0,0.007,0.007,0.01,0
K2-36 c,K2-36,1,3.2,0.3,-0.3,5.340888,8.6e-05,-8.6e-05,854.0,8.0,-8.0,4916.0,37.0,-37.0,0.718,0.008,-0.006,0.79,0.01,-0.01,0.3,8.6e-05,8.0,0.007,0.007,0.01,0
K2-37 b,K2-37,1,1.39,0.1,-0.05,4.4434,0.00032,-0.00032,949.0,27.0,-27.0,5352.0,100.0,-100.0,0.809,0.032,-0.032,0.84,0.03,-0.03,0.07500000000000001,0.00032,27.0,0.032,0.032,0.03,0
K2-37 c,K2-37,1,2.41,0.15,-0.06,6.42966,0.00018,-0.00018,839.0,24.0,-24.0,5352.0,100.0,-100.0,0.809,0.032,-0.032,0.84,0.03,-0.03,0.105,0.00018,24.0,0.032,0.032,0.03,0
K2-37 d,K2-37,1,2.31,0.21,-0.07,14.09229,0.00055,-0.00055,646.0,18.0,-18.0,5352.0,100.0,-100.0,0.809,0.032,-0.032,0.84,0.03,-0.03,0.14,0.00055,18.0,0.032,0.032,0.03,0
K2-38 b,K2-38,1,1.54,0.14,-0.14,4.01593,0.0005,-0.0005,1266.0,44.0,-50.0,5731.0,66.0,-66.0,1.06,0.09,-0.06,1.03,0.04,-0.02,0.14,0.0005,47.0,0.075,0.075,0.03,0
K2-38 c,K2-38,1,2.29,0.26,-0.26,10.56103,0.0009,-0.0009,916.0,32.0,-37.0,5731.0,66.0,-66.0,1.06,0.09,-0.06,1.03,0.04,-0.02,0.26,0.0009,34.5,0.075,0.075,0.03,0
K2-388 b,K2-388,1,3.9,0.2,-0.1,6.33932,0.00013,-0.00013,874.0,26.0,-25.0,5310.0,100.0,-100.0,0.91,0.038,-0.038,0.93,0.04,-0.04,0.15000000000000002,0.00013,25.5,0.038,0.038,0.04,0
K2-389 b,K2-389,1,2.33,0.12,-0.06,8.58289,0.00041,-0.00041,932.0,25.0,-25.0,5773.0,100.0,-100.0,1.094,0.041,-0.041,0.99,0.05,-0.05,0.09,0.00041,25.0,0.041,0.041,0.05,0
K2-415 b,K2-415,1,1.015,0.051,-0.0051,4.0179694,2.7e-06,-2.7e-06,412.4,9.3,-9.3,3173.0,53.0,-53.0,0.1965,0.0058,-0.0058,0.1635,0.0041,-0.0041,0.02805,2.7e-06,9.3,0.0058,0.0058,0.0041,0
K2-416 b,K2-416,1,2.66,0.19,-0.14,13.102,0.0026,-0.0024,447.0,49.0,-49.0,3746.0,72.0,-72.0,0.554,0.017,-0.017,0.548,0.012,-0.012,0.165,0.0024999999999999996,49.0,0.017,0.017,0.012,0
K2-417 b,K2-417,1,3.31,0.14,-0.12,6.535,0.0014,-0.0014,558.0,55.0,-55.0,3861.0,77.0,-77.0,0.5776,0.004,-0.004,0.569,0.012,-0.012,0.13,0.0014,55.0,0.004,0.004,0.012,0
K2-419 A b,K2-419 A,1,10.55,0.39,-0.39,20.35847252,6.14e-06,-5.75e-06,377.0,11.0,-11.0,3711.0,88.0,-88.0,0.541,0.017,-0.017,0.562,0.024,-0.024,0.39,5.945e-06,11.0,0.017,0.017,0.024,0
K2-43 b,K2-43,1,4.51,0.44,-0.19,3.471149,0.000104,-5.2e-05,939.3,37.7,-18.5,3840.6,98.8,-49.5,0.542,0.049,-0.022,0.571,0.111,-0.055,0.315,7.8e-05,28.1,0.035500000000000004,0.035500000000000004,0.083,0
K2-43 c,K2-43,1,2.42,0.26,-0.11,2.198884,2.2e-05,-1.1e-05,1093.7,43.9,-21.5,3840.6,98.8,-49.5,0.542,0.049,-0.022,0.571,0.111,-0.055,0.185,1.65e-05,32.7,0.035500000000000004,0.035500000000000004,0.083,0
K2-5 b,K2-5,1,1.91,0.44,-0.44,5.73594,0.00064,-0.00064,565.0,84.0,-84.0,3930.0,375.0,-375.0,0.57,0.12,-0.12,0.61,0.13,-0.13,0.44,0.00064,84.0,0.12,0.12,0.13,0
K2-5 c,K2-5,1,2.26,0.62,-0.62,10.93241,0.00134,-0.00134,456.0,68.0,-68.0,3930.0,375.0,-375.0,0.57,0.12,-0.12,0.61,0.13,-0.13,0.62,0.00134,68.0,0.12,0.12,0.13,0
K2-52 b,K2-52,1,18.0,2.2,-2.2,3.535055,1.7e-05,-1.6e-05,2004.0,184.0,-184.0,7147.0,483.0,-506.0,2.192,0.28,-0.232,1.691,0.157,-0.143,2.2,1.65e-05,184.0,0.256,0.256,0.15,0
K2-53 b,K2-53,1,2.6,0.1,-0.1,12.20772,0.000123,-0.000113,665.0,13.0,-13.0,5263.0,88.0,-86.0,0.807,0.016,-0.015,0.851,0.032,-0.038,0.1,0.000118,13.0,0.0155,0.0155,0.035,0
K2-54 b,K2-54,1,2.6116925,0.21297063,-0.19055267,9.7833,0.0013,-0.0012,560.0,45.0,-44.0,3990.0,300.0,-300.0,0.643,0.031,-0.031,0.615,0.031,-0.031,0.20176165000000001,0.0012499999999999998,44.5,0.031,0.031,0.031,0
K2-55 b,K2-55,1,4.43,0.29,-0.32,2.849271,2.9e-05,-2.9e-05,900.0,,,4300.0,107.0,-100.0,0.715,0.043,-0.04,0.688,0.069,-0.069,0.305,2.9e-05,0.0,0.041499999999999995,0.041499999999999995,0.069,0
K2-57 b,K2-57,1,2.30905002,0.16813471,-0.13450777,9.0073,0.0012,-0.0011,635.8,6.8,-6.7,4413.0,76.0,-76.0,0.671,0.023,-0.022,0.699,0.034,-0.031,0.15132124,0.00115,6.75,0.0225,0.0225,0.0325,0
K2-6 b,K2-6,1,2.5,0.88,-0.88,30.94191,0.00467,-0.00467,615.0,105.0,-105.0,5850.0,79.0,-98.0,0.96,0.14,-0.09,0.97,0.07,-0.07,0.88,0.00467,105.0,0.115,0.115,0.07,0
K2-60 b,K2-60,1,7.655747,0.414733,-0.414733,3.00265,4e-05,-4e-05,1400.0,50.0,-50.0,5500.0,100.0,-100.0,1.12,0.05,-0.05,0.97,0.07,-0.07,0.414733,4e-05,50.0,0.05,0.05,0.07,0
K2-61 b,K2-61,1,1.92,0.11,-0.05,2.57336,0.00016,-0.00016,1325.0,38.0,-38.0,5748.0,100.0,-100.0,0.995,0.042,-0.042,0.97,0.04,-0.04,0.08,0.00016,38.0,0.042,0.042,0.04,0
K2-62 b,K2-62,1,2.02,0.17,-0.06,6.67199,0.00018,-0.00018,666.0,16.0,-16.0,4455.0,70.0,-70.0,0.696,0.023,-0.023,0.67,0.03,-0.03,0.115,0.00018,16.0,0.023,0.023,0.03,0
K2-62 c,K2-62,1,1.99,0.19,-0.07,16.19697,0.00065,-0.00065,495.0,12.0,-12.0,4455.0,70.0,-70.0,0.696,0.023,-0.023,0.67,0.03,-0.03,0.13,0.00065,12.0,0.023,0.023,0.03,0
K2-66 b,K2-66,1,2.49,0.34,-0.24,5.06963,0.00081,-0.00081,1372.0,51.0,-51.0,5887.0,46.0,-46.0,1.67,0.12,-0.12,1.11,0.04,-0.04,0.29000000000000004,0.00081,51.0,0.12,0.12,0.04,0
K2-7 b,K2-7,1,4.03523305,0.30264248,-0.25780656,28.6781,0.0046,-0.0051,786.0,14.0,-14.0,5700.0,140.0,-140.0,1.533,0.082,-0.074,1.056,0.098,-0.068,0.28022452,0.00485,14.0,0.078,0.078,0.083,0
K2-73 b,K2-73,1,2.58,0.13,-0.06,7.49556,0.00029,-0.00029,968.0,25.0,-25.0,5867.0,100.0,-100.0,1.058,0.039,-0.039,1.02,0.04,-0.04,0.095,0.00029,25.0,0.039,0.039,0.04,0
K2-77 b,K2-77,1,2.4996027,0.16813471,-0.12329879,8.2000844,8.6e-06,-7.3e-06,806.0,18.0,-18.0,5160.0,130.0,-130.0,0.792,0.027,-0.025,0.847,0.039,-0.038,0.14571675,7.95e-06,18.0,0.026000000000000002,0.026000000000000002,0.0385,0
K2-79 b,K2-79,1,4.09,0.17,-0.12,10.9947,0.00047,-0.00047,1022.0,20.0,-20.0,5897.0,118.0,-118.0,1.265,0.041,-0.027,1.066,0.057,-0.07,0.14500000000000002,0.00047,20.0,0.034,0.034,0.0635,0
K2-8 b,K2-8,1,3.58,0.71,-0.71,10.35239,0.00086,-0.00086,631.0,18.0,-18.0,4870.0,60.0,-60.0,0.74,0.04,-0.04,0.78,0.04,-0.04,0.71,0.00086,18.0,0.04,0.04,0.04,0
K2-8 c,K2-8,1,2.41,0.33,-0.33,5.06416,0.00041,-0.00041,801.0,23.0,-23.0,4870.0,60.0,-60.0,0.74,0.04,-0.04,0.78,0.04,-0.04,0.33,0.00041,23.0,0.04,0.04,0.04,0
K2-85 b,K2-85,1,1.4,0.2,-0.2,0.68453862616,1e-05,-1e-05,1355.0,99.0,-99.0,4232.0,70.0,-70.0,0.71,0.1,-0.1,0.7,0.02,-0.02,0.2,1e-05,99.0,0.1,0.1,0.02,0
K2-87 b,K2-87,1,7.6,0.4,-0.4,9.726618,5.5e-05,-5.5e-05,979.0,28.0,-28.0,5747.0,58.0,-49.0,1.401,0.083,-0.062,1.164,0.042,-0.044,0.4,5.5e-05,28.0,0.07250000000000001,0.07250000000000001,0.043,0
K2-9 b,K2-9,1,2.25,0.53,-0.96,18.4498,0.0015,-0.0015,314.0,67.0,-64.0,3390.0,150.0,-150.0,0.31,0.11,-0.11,0.3,0.14,-0.14,0.745,0.0015,65.5,0.11,0.11,0.14,0
K2-90 b,K2-90,1,2.6,0.1,-0.1,13.733314,8.3e-05,-9.9e-05,502.0,8.0,-8.0,4484.0,58.0,-50.0,0.619,0.009,-0.01,0.629,0.022,-0.018,0.1,9.099999999999999e-05,8.0,0.0095,0.0095,0.019999999999999997,0
K2-95 b,K2-95,1,3.31,0.2,-0.14,10.1346454,1.21e-05,-1.23e-05,474.0,8.0,-24.0,3566.0,34.0,-37.0,0.4,0.01,-0.01,0.41,0.01,-0.01,0.17,1.22e-05,16.0,0.01,0.01,0.01,0
K2-97 b,K2-97,1,13.45077684,1.23298788,-1.23298788,8.407115,2.3e-05,-2.3e-05,1566.0,49.0,-50.0,4673.0,95.0,-93.0,4.14,0.28,-0.26,1.17,0.19,-0.13,1.23298788,2.3e-05,49.5,0.27,0.27,0.16,0
K2-98 b,K2-98,1,5.06645928,0.31385146,-0.28022452,10.1367349,9.4e-06,-9.2e-06,1185.0,23.0,-21.0,6260.0,170.0,-160.0,1.518,0.082,-0.076,1.246,0.078,-0.11,0.29703799,9.299999999999999e-06,22.0,0.079,0.079,0.094,0
K2-99 b,K2-99,1,11.88151954,0.11208981,-0.11208981,18.24783,3e-05,-3e-05,1184.0,19.0,-19.0,6069.0,92.0,-92.0,2.55,0.02,-0.02,1.44,0.03,-0.03,0.11208981,3e-05,19.0,0.02,0.02,0.03,0
KELT-10 b,KELT-10,1,15.681391,0.773421,-0.549241,4.1662739,6.3e-06,-6.3e-06,1377.0,28.0,-23.0,5948.0,74.0,-74.0,1.209,0.047,-0.035,1.112,0.055,-0.061,0.661331,6.3e-06,25.5,0.041,0.041,0.057999999999999996,0
KELT-11 b,KELT-11,1,15.13212395,1.12089807,-1.12089807,4.73620865,3.77e-06,-3.77e-06,1712.0,51.0,-46.0,5375.0,25.0,-25.0,2.69,0.04,-0.04,1.44,0.07,-0.07,1.12089807,3.77e-06,48.5,0.04,0.04,0.07,0
KELT-12 b,KELT-12,1,19.95202,1.90553,-1.79344,5.031623,3.2e-05,-3.1e-05,1800.0,57.0,-57.0,6279.0,51.0,-51.0,2.37,0.17,-0.17,1.591,0.07,-0.093,1.849485,3.15e-05,57.0,0.17,0.17,0.0815,0
KELT-14 b,KELT-14,1,19.537287,0.526823,-0.526823,1.7100566,3.2e-06,-2.6e-06,1970.0,50.0,-50.0,5720.0,130.0,-130.0,1.52,0.03,-0.03,1.239,0.039,-0.039,0.526823,2.9e-06,50.0,0.03,0.03,0.039,0
KELT-16 b,KELT-16,1,15.860735,0.941556,-0.751003,0.9689951,2.4e-06,-2.4e-06,2453.0,55.0,-47.0,6236.0,54.0,-54.0,1.36,0.064,-0.053,1.211,0.043,-0.046,0.8462795,2.4e-06,51.0,0.058499999999999996,0.058499999999999996,0.0445,0
KELT-17 b,KELT-17,1,17.093725,0.728585,-0.67254,3.0801716,5.3e-06,-5.2e-06,2087.0,32.0,-33.0,7454.0,49.0,-49.0,1.645,0.06,-0.055,1.635,0.066,-0.061,0.7005625,5.2500000000000006e-06,32.5,0.057499999999999996,0.057499999999999996,0.0635,0
KELT-18 b,KELT-18,1,17.59813,0.470778,-0.403524,2.8717518,2.8e-06,-2.8e-06,2085.0,39.0,-38.0,6670.0,120.0,-120.0,1.908,0.042,-0.035,1.524,0.069,-0.068,0.43715099999999996,2.8e-06,38.5,0.038500000000000006,0.038500000000000006,0.0685,0
KELT-19 A b,KELT-19 A,1,21.40919,1.23299,-1.23299,4.6117093,8.8e-06,-8.8e-06,1935.0,38.0,-38.0,7500.0,110.0,-110.0,1.83,0.099,-0.099,1.62,0.25,-0.2,1.23299,8.8e-06,38.0,0.099,0.099,0.225,0
KELT-20 b,KELT-20,1,19.514869,0.773421,-0.829466,3.4741085,1.9e-06,-1.9e-06,2262.0,73.0,-73.0,8720.0,250.0,-260.0,1.565,0.057,-0.064,1.76,0.14,-0.19,0.8014435,1.9e-06,73.0,0.0605,0.0605,0.165,0
KELT-21 b,KELT-21,1,17.777474,0.437151,-0.44836,3.6127647,3.3e-06,-3.3e-06,2051.0,29.0,-30.0,7598.0,81.0,-84.0,1.638,0.034,-0.034,1.458,0.029,-0.028,0.44275549999999997,3.3e-06,29.5,0.034,0.034,0.0285,0
KELT-23 A b,KELT-23 A,1,14.829507,0.280225,-0.280225,2.255251,1.1e-05,-1.2e-05,1561.0,20.0,-20.0,5899.0,49.0,-49.0,0.996,0.015,-0.015,0.944,0.06,-0.054,0.280225,1.15e-05,20.0,0.015,0.015,0.056999999999999995,0
KELT-24 b,KELT-24,1,12.71098411,0.30264248,-0.2914335,5.55149296,5e-07,-5.3e-07,1391.0,22.0,-23.0,6426.0,93.0,-91.0,1.338,0.032,-0.03,1.268,0.063,-0.063,0.29703799,5.149999999999999e-07,22.5,0.031,0.031,0.063,0
KELT-4 A b,KELT-4 A,1,19.044091,0.515614,-0.504405,2.9895932,4.9e-06,-4.9e-06,1823.0,27.0,-27.0,6206.0,75.0,-75.0,1.603,0.039,-0.038,1.201,0.067,-0.061,0.5100095,4.9e-06,27.0,0.0385,0.0385,0.064,0
KELT-9 b,KELT-9,1,21.196219,0.683749,-0.594077,1.4811235,1.1e-06,-1.1e-06,4050.0,180.0,-180.0,10170.0,450.0,-450.0,2.362,0.075,-0.063,2.52,0.25,-0.2,0.6389130000000001,1.1e-06,180.0,0.069,0.069,0.225,0
KOI-1257 b,KOI-1257,1,10.54,1.35,-1.35,86.647661,3.4e-05,-3.4e-05,511.0,50.0,-50.0,5520.0,80.0,-80.0,1.13,0.14,-0.14,0.99,0.05,-0.05,1.35,3.4e-05,50.0,0.14,0.14,0.05,0
KOI-13 b,KOI-13,1,16.948008,0.392315,-0.392315,1.763588,1e-06,-1e-06,2550.0,80.0,-80.0,7650.0,250.0,-250.0,1.74,0.04,-0.04,1.72,0.1,-0.1,0.392315,1e-06,80.0,0.04,0.04,0.1,0
KOI-134 b,KOI-134,1,12.03844527,0.19055267,-0.19055267,67.1277,0.0045,-0.0057,659.0,35.0,-46.0,6160.0,130.0,-130.0,1.667,0.024,-0.024,1.407,0.043,-0.043,0.19055267,0.0051,40.5,0.024,0.024,0.043,0
KOI-1831 d,Kepler-324,1,1.13,0.05,-0.05,34.169,,,475.0,9.0,-9.0,5233.0,60.0,-60.0,0.835,0.023,-0.022,0.901,0.017,-0.027,0.05,0.0,9.0,0.0225,0.0225,0.022,0
KOI-1833 d,Kepler-968,1,2.58,0.23,-0.22,7.685,,,613.0,23.0,-23.0,4413.0,75.0,-69.0,0.667,0.012,-0.012,0.681,0.025,-0.024,0.225,0.0,23.0,0.012,0.012,0.0245,0
KOI-3503 b,KOI-3503,1,1.19,0.24,-0.19,21.185,,,785.0,14.0,-13.0,6001.0,60.0,-60.0,1.255,0.034,-0.033,0.858,0.022,-0.019,0.215,0.0,13.5,0.0335,0.0335,0.020499999999999997,0
KOI-3503 c,KOI-3503,1,1.21,0.28,-0.09,31.828,,,686.0,12.0,-11.0,6001.0,60.0,-60.0,1.255,0.034,-0.033,0.858,0.022,-0.019,0.185,0.0,11.5,0.0335,0.0335,0.020499999999999997,0
KOI-3680 b,KOI-3680,1,11.09691,0.67254,-0.78463,141.241671,8.6e-05,-8.6e-05,347.0,12.0,-12.0,5830.0,100.0,-100.0,0.96,0.05,-0.06,1.01,0.07,-0.16,0.728585,8.6e-05,12.0,0.055,0.055,0.115,0
KOI-4777.01,KOI-4777,1,0.51,0.03,-0.03,0.412,1e-06,-1e-06,1180.0,20.0,-20.0,3515.0,69.0,-69.0,0.4,0.01,-0.01,0.41,0.02,-0.02,0.03,1e-06,20.0,0.01,0.01,0.02,0
KOI-94 b,KOI-94,1,1.71,0.16,-0.16,3.743208,1.5e-05,-1.5e-05,1486.0,,,6182.0,58.0,-58.0,1.52,0.14,-0.14,1.277,0.05,-0.05,0.16,1.5e-05,0.0,0.14,0.14,0.05,0
KOI-94 c,KOI-94,1,4.32,0.41,-0.41,10.423648,1.6e-05,-1.6e-05,1012.0,,,6182.0,58.0,-58.0,1.52,0.14,-0.14,1.277,0.05,-0.05,0.41,1.6e-05,0.0,0.14,0.14,0.05,0
KOI-94 d,KOI-94,1,11.27,1.06,-1.06,22.342989,6.7e-06,-6.7e-06,806.0,,,6182.0,58.0,-58.0,1.52,0.14,-0.14,1.277,0.05,-0.05,1.06,6.7e-06,0.0,0.14,0.14,0.05,0
KOI-94 e,KOI-94,1,6.56,0.62,-0.62,54.32031,0.00012,-0.00012,584.0,,,6182.0,58.0,-58.0,1.52,0.14,-0.14,1.277,0.05,-0.05,0.62,0.00012,0.0,0.14,0.14,0.05,0
KOI-984 b,KOI-984,1,4.3,0.05,-0.05,4.2881785,3.5e-06,-3.5e-06,1022.0,31.0,-30.0,5295.0,150.0,-150.0,0.818,0.026,-0.025,0.928,0.031,-0.031,0.05,3.5e-06,30.5,0.025500000000000002,0.025500000000000002,0.031,0
KPS-1 b,KPS-1,1,11.54527,1.45717,-1.34508,1.706291,5.9e-05,-5.9e-05,1459.0,56.0,-56.0,5165.0,90.0,-90.0,0.907,0.086,-0.082,0.892,0.09,-0.1,1.401125,5.9e-05,56.0,0.08399999999999999,0.08399999999999999,0.095,0
Kepler-10 b,Kepler-10,1,1.47,0.03,-0.02,0.8374907,2e-07,-2e-07,2188.0,16.0,-16.0,5708.0,28.0,-28.0,1.065,0.009,-0.009,0.91,0.021,-0.021,0.025,2e-07,16.0,0.009,0.009,0.021,0
Kepler-10 c,Kepler-10,1,2.355,0.022,-0.022,45.294301,4.8e-05,-4.8e-05,579.0,4.0,-4.0,5708.0,28.0,-28.0,1.065,0.009,-0.009,0.91,0.021,-0.021,0.022,4.8e-05,4.0,0.009,0.009,0.021,0
Kepler-101 b,Kepler-101,1,5.77,0.85,-0.79,3.4876812,7e-06,-7e-06,1513.0,103.0,-145.0,5667.0,50.0,-50.0,1.56,0.2,-0.2,1.17,0.07,-0.05,0.8200000000000001,7e-06,124.0,0.2,0.2,0.060000000000000005,0
Kepler-101 c,Kepler-101,1,1.25,0.19,-0.17,6.02976,7.5e-05,-7.5e-05,1413.0,238.0,-210.0,5667.0,50.0,-50.0,1.56,0.2,-0.2,1.17,0.07,-0.05,0.18,7.5e-05,224.0,0.2,0.2,0.060000000000000005,0
Kepler-102 b,Kepler-102,1,0.46,0.026,-0.026,5.286965,1.2e-05,-1.2e-05,857.0,20.0,-20.0,4909.0,98.0,-98.0,0.724,0.018,-0.018,0.803,0.021,-0.021,0.026,1.2e-05,20.0,0.018,0.018,0.021,0
Kepler-102 c,Kepler-102,1,0.567,0.028,-0.028,7.071392,2.2e-05,-2.2e-05,777.0,18.0,-18.0,4909.0,98.0,-98.0,0.724,0.018,-0.018,0.803,0.021,-0.021,0.028,2.2e-05,18.0,0.018,0.018,0.021,0
Kepler-102 d,Kepler-102,1,1.154,0.058,-0.058,10.311767,4.1e-06,-4.1e-06,686.0,16.0,-16.0,4909.0,98.0,-98.0,0.724,0.018,-0.018,0.803,0.021,-0.021,0.058,4.1e-06,16.0,0.018,0.018,0.021,0
Kepler-102 e,Kepler-102,1,2.17,0.11,-0.11,16.1456994,2.2e-06,-2.2e-06,590.0,14.0,-14.0,4909.0,98.0,-98.0,0.724,0.018,-0.018,0.803,0.021,-0.021,0.11,2.2e-06,14.0,0.018,0.018,0.021,0
Kepler-102 f,Kepler-102,1,0.861,0.022,-0.022,27.453592,6e-05,-6e-05,495.0,11.0,-11.0,4909.0,98.0,-98.0,0.724,0.018,-0.018,0.803,0.021,-0.021,0.022,6e-05,11.0,0.018,0.018,0.021,0
Kepler-1052 c,Kepler-1052,1,2.3,0.54,-0.19,180.921729,0.002826,-0.002826,302.0,,,5818.0,139.0,-157.0,0.848,0.199,-0.071,0.937,0.09,-0.121,0.365,0.002826,0.0,0.135,0.135,0.1055,0
Kepler-107 b,Kepler-107,1,1.536,0.025,-0.025,3.1800218,2.9e-06,-2.9e-06,1592.0,19.0,-19.0,5854.0,61.0,-61.0,1.447,0.014,-0.014,1.238,0.029,-0.029,0.025,2.9e-06,19.0,0.014,0.014,0.029,0
Kepler-107 c,Kepler-107,1,1.597,0.026,-0.026,4.901452,0.0,0.0,1378.0,16.0,-16.0,5854.0,61.0,-61.0,1.447,0.014,-0.014,1.238,0.029,-0.029,0.026,0.0,16.0,0.014,0.014,0.029,0
Kepler-107 d,Kepler-107,1,0.86,0.06,-0.06,7.95839,0.00012,-0.00012,1173.0,14.0,-14.0,5854.0,61.0,-61.0,1.447,0.014,-0.014,1.238,0.029,-0.029,0.06,0.00012,14.0,0.014,0.014,0.029,0
Kepler-107 e,Kepler-107,1,2.903,0.035,-0.035,14.749143,1.9e-05,-1.9e-05,955.0,11.0,-11.0,5854.0,61.0,-61.0,1.447,0.014,-0.014,1.238,0.029,-0.029,0.035,1.9e-05,11.0,0.014,0.014,0.029,0
Kepler-109 b,Kepler-109,1,2.49,0.11,-0.11,6.4816307,4.8e-06,-4.8e-06,1276.0,23.0,-23.0,5950.0,62.0,-62.0,1.387,0.021,-0.021,1.094,0.086,-0.078,0.11,4.8e-06,23.0,0.021,0.021,0.08199999999999999,0
Kepler-109 c,Kepler-109,1,2.65,0.12,-0.12,21.22265,2.7e-05,-2.7e-05,859.0,16.0,-16.0,5950.0,62.0,-62.0,1.387,0.021,-0.021,1.094,0.086,-0.078,0.12,2.7e-05,16.0,0.021,0.021,0.08199999999999999,0
Kepler-111 c,Kepler-111,1,7.0840758,0.25780656,-0.23538859,224.77833,0.00026,-0.00026,352.2,6.4,-5.7,5914.0,81.0,-82.0,1.145,0.04,-0.037,1.118,0.061,-0.068,0.246597575,0.00026,6.050000000000001,0.0385,0.0385,0.0645,0
Kepler-1126 c,Kepler-1126,1,1.45,0.18,-0.18,199.66876,0.003961,-0.003961,305.0,,,5678.0,113.0,-102.0,0.921,0.115,-0.115,0.794,0.071,-0.03,0.18,0.003961,0.0,0.115,0.115,0.050499999999999996,1
Kepler-1162 c,Kepler-1162,1,1.81,0.13,-0.11,59.284064,0.0006992,-0.0006992,401.0,,,5225.0,83.0,-73.0,0.859,0.063,-0.051,0.861,0.05,-0.041,0.12,0.0006992,0.0,0.056999999999999995,0.056999999999999995,0.0455,0
Kepler-117 b,Kepler-117,1,8.059,0.269,-0.269,18.7959228,7.5e-06,-7.5e-06,984.0,18.0,-18.0,6150.0,110.0,-110.0,1.606,0.049,-0.049,1.129,0.13,-0.023,0.269,7.5e-06,18.0,0.049,0.049,0.0765,0
Kepler-117 c,Kepler-117,1,12.341,0.392,-0.392,50.790391,1.4e-05,-1.4e-05,704.0,15.0,-15.0,6150.0,110.0,-110.0,1.606,0.049,-0.049,1.129,0.13,-0.023,0.392,1.4e-05,15.0,0.049,0.049,0.0765,0
Kepler-1181 c,Kepler-1181,1,1.83,0.64,-0.23,8.93484887,9.707e-05,-9.707e-05,1124.0,,,6688.0,187.0,-281.0,1.347,0.473,-0.169,1.336,0.2,-0.2,0.435,9.707e-05,0.0,0.321,0.321,0.2,0
Kepler-12 b,Kepler-12,1,19.660586,0.347479,-0.403524,4.4379629,6e-07,-6e-07,1480.0,30.0,-30.0,5947.0,100.0,-100.0,1.483,0.025,-0.029,1.166,0.051,-0.054,0.3755015,6e-07,30.0,0.027000000000000003,0.027000000000000003,0.0525,0
Kepler-130 c,Kepler-130,1,2.9,0.25,-0.25,27.50868,6e-05,-7e-05,683.0,29.0,-29.0,5879.0,48.0,-51.0,1.17,0.1,-0.09,1.0,0.09,-0.1,0.25,6.5e-05,29.0,0.095,0.095,0.095,0
Kepler-138 b,Kepler-138,1,0.64,0.02,-0.02,10.3134,0.0003,-0.0003,452.0,8.0,-9.0,3841.0,50.0,-51.0,0.535,0.013,-0.014,0.535,0.012,-0.012,0.02,0.0003,8.5,0.0135,0.0135,0.012,0
Kepler-138 c,Kepler-138,1,1.51,0.04,-0.04,13.7815,7e-05,-9e-05,410.0,8.0,-8.0,3841.0,50.0,-51.0,0.535,0.013,-0.014,0.535,0.012,-0.012,0.04,7.999999999999999e-05,8.0,0.0135,0.0135,0.012,0
Kepler-138 d,Kepler-138,1,1.51,0.04,-0.04,23.0923,0.0006,-0.0006,345.0,7.0,-7.0,3841.0,50.0,-51.0,0.535,0.013,-0.014,0.535,0.012,-0.012,0.04,0.0006,7.0,0.0135,0.0135,0.012,0
Kepler-1471 c,Kepler-1471,1,1.88,0.28,-0.34,11.6044881,0.000113,-0.000113,841.0,,,5533.0,83.0,-74.0,1.166,0.174,-0.212,0.934,0.063,-0.045,0.31000000000000005,0.000113,0.0,0.193,0.193,0.054,0
Kepler-1487 c,Kepler-1487,1,7.97,1.39,-2.77,35.8007112,0.0003713,-0.0003713,991.0,,,5745.0,86.0,-77.0,3.955,0.688,-1.376,1.801,0.193,-0.359,2.08,0.0003713,0.0,1.032,1.032,0.276,0
Kepler-1491 c,Kepler-1491,1,2.44,0.39,-0.53,61.569765,0.001804,-0.001804,530.0,,,5626.0,77.0,-77.0,1.389,0.223,-0.298,0.991,0.079,-0.065,0.46,0.001804,0.0,0.2605,0.2605,0.07200000000000001,0
Kepler-1514 b,Kepler-1514,1,12.419572,0.257807,-0.257807,217.83184,0.00012,-0.00012,387.9,6.0,-5.0,6145.0,99.0,-80.0,1.289,0.027,-0.026,1.196,0.065,-0.063,0.257807,0.00012,5.5,0.0265,0.0265,0.064,0
Kepler-1514 c,Kepler-1514,1,1.1758241,0.0571659,-0.0437151,10.514181,3.9e-05,-3.9e-05,1066.0,16.0,-14.0,6145.0,99.0,-80.0,1.289,0.027,-0.026,1.196,0.065,-0.063,0.0504405,3.9e-05,15.0,0.0265,0.0265,0.064,0
Kepler-1518 c,Kepler-1518,1,2.9,0.82,-0.68,9.6310258,0.0001257,-0.0001257,1094.0,,,6432.0,155.0,-214.0,1.345,0.382,-0.313,1.06,0.177,-0.133,0.75,0.0001257,0.0,0.34750000000000003,0.34750000000000003,0.155,0
Kepler-1610 c,Kepler-1610,1,2.09,0.35,-0.21,44.9851885,0.0004873,-0.0004873,433.0,,,5295.0,185.0,-185.0,0.8,0.133,-0.082,0.825,0.096,-0.078,0.27999999999999997,0.0004873,0.0,0.10750000000000001,0.10750000000000001,0.087,0
Kepler-164 e,Kepler-164,1,4.24,0.69,-0.56,94.886902,0.001216,-0.001216,429.0,,,5888.0,106.0,-117.0,1.097,0.179,-0.146,0.966,0.075,-0.068,0.625,0.001216,0.0,0.16249999999999998,0.16249999999999998,0.07150000000000001,0
Kepler-1649 b,Kepler-1649,1,1.017,0.051,-0.051,8.689099,2.5e-05,-2.5e-05,307.0,26.0,-26.0,3240.0,61.0,-61.0,0.2317,0.0049,-0.0049,0.1977,0.0051,-0.0051,0.051,2.5e-05,26.0,0.0049,0.0049,0.0051,1
Kepler-1649 c,Kepler-1649,1,1.06,0.15,-0.1,19.53527,0.0001,-0.0001,234.0,20.0,-20.0,3240.0,61.0,-61.0,0.2317,0.0049,-0.0049,0.1977,0.0051,-0.0051,0.125,0.0001,20.0,0.0049,0.0049,0.0051,1
Kepler-1652 b,Kepler-1652,1,1.6,0.18,-0.18,38.09722,0.00021,-0.00021,268.0,27.0,-20.0,3638.0,51.0,-51.0,0.382,0.036,-0.04,0.404,0.04,-0.047,0.18,0.00021,23.5,0.038,0.038,0.0435,1
Kepler-1653 b,Kepler-1653,1,2.17,0.16,-0.23,140.2524,0.003,-0.003,284.0,25.0,-21.0,4807.0,100.0,-100.0,0.693,0.03,-0.024,0.719,0.035,-0.029,0.195,0.003,23.0,0.027,0.027,0.032,0
Kepler-1654 b,Kepler-1654,1,9.180171,0.212971,-0.190553,1047.8356,0.0018,-0.0019,206.0,3.7,-3.5,5597.0,95.0,-93.0,1.179,0.026,-0.023,1.011,0.056,-0.052,0.201762,0.00185,3.6,0.0245,0.0245,0.054,0
Kepler-1655 b,Kepler-1655,1,2.213,0.082,-0.082,11.8728787,8.5e-06,-8.5e-06,938.0,15.0,-15.0,6148.0,71.0,-71.0,1.03,0.02,-0.02,1.03,0.04,-0.04,0.082,8.5e-06,15.0,0.02,0.02,0.04,0
Kepler-1661 b,Kepler-1661,1,3.87,0.06,-0.06,175.06,0.06,-0.06,243.0,,,5100.0,100.0,-100.0,0.762,0.01,-0.01,0.841,0.022,-0.022,0.06,0.06,0.0,0.01,0.01,0.022,0
Kepler-1669 d,Kepler-1669,1,1.22,0.05,-0.06,4.72941177,3.075e-05,-3.075e-05,669.0,,,4224.0,84.0,-84.0,0.603,0.027,-0.03,0.609,0.033,-0.033,0.055,3.075e-05,0.0,0.028499999999999998,0.028499999999999998,0.033,0
Kepler-167 b,Kepler-167,1,1.718,0.07,-0.07,4.3931539,4.8e-06,-4.6e-06,918.0,27.0,-27.0,4884.0,69.0,-75.0,0.749,0.02,-0.02,0.777,0.034,-0.031,0.07,4.7e-06,27.0,0.02,0.02,0.0325,0
Kepler-167 c,Kepler-167,1,1.674,0.069,-0.069,7.406106,1e-05,-1e-05,771.0,23.0,-23.0,4884.0,69.0,-75.0,0.749,0.02,-0.02,0.777,0.034,-0.031,0.069,1e-05,23.0,0.02,0.02,0.0325,0
Kepler-167 d,Kepler-167,1,1.238,0.064,-0.064,21.80379,0.00013,-0.00018,538.0,16.0,-16.0,4884.0,69.0,-75.0,0.749,0.02,-0.02,0.777,0.034,-0.031,0.064,0.000155,16.0,0.02,0.02,0.0325,0
Kepler-167 e,Kepler-167,1,10.16,0.42,-0.42,1071.23205,0.00059,-0.00058,134.4,4.0,-4.0,4884.0,69.0,-75.0,0.749,0.02,-0.02,0.777,0.034,-0.031,0.42,0.000585,4.0,0.02,0.02,0.0325,0
Kepler-17 b,Kepler-17,1,14.68,0.22,-0.22,1.4857108,2e-07,-2e-07,1570.0,200.0,-200.0,5781.0,85.0,-85.0,1.01034,,,1.04,,,0.22,2e-07,200.0,0.0,0.0,0.0,0
Kepler-1704 b,Kepler-1704,1,11.94877343,0.49319515,-0.47077719,988.88112,0.00091,-0.00091,253.8,3.7,-4.1,5746.0,87.0,-88.0,1.697,0.059,-0.058,1.132,0.04,-0.05,0.48198617,0.00091,3.9,0.058499999999999996,0.058499999999999996,0.045,0
Kepler-1801 c,Kepler-1801,1,2.91,0.83,-0.42,116.583183,0.002231,-0.002231,371.0,,,5738.0,156.0,-173.0,0.981,0.281,-0.141,0.936,0.114,-0.093,0.625,0.002231,0.0,0.21100000000000002,0.21100000000000002,0.10350000000000001,0
Kepler-1814 c,Kepler-1814,1,1.76,0.13,-0.18,0.626281766,1.041e-06,-1.041e-06,1711.0,,,4922.0,169.0,-169.0,0.823,0.062,-0.085,0.79,0.073,-0.054,0.155,1.041e-06,0.0,0.07350000000000001,0.07350000000000001,0.0635,0
Kepler-1834 c,Kepler-1834,1,1.22,0.05,-0.08,0.766691517,1.273e-06,-1.273e-06,1541.0,,,4821.0,76.0,-76.0,0.788,0.028,-0.051,0.765,0.051,-0.028,0.065,1.273e-06,0.0,0.0395,0.0395,0.0395,0
Kepler-1859 c,Kepler-1859,1,1.66,0.29,-0.23,3.59645081,3.644e-05,-3.644e-05,1327.0,,,5887.0,70.0,-79.0,1.235,0.213,-0.175,1.09,0.07,-0.078,0.26,3.644e-05,0.0,0.194,0.194,0.07400000000000001,0
Kepler-1869 c,Kepler-1869,1,0.74,0.12,-0.03,1.716828304,9.408e-06,-9.408e-06,1455.0,,,5808.0,105.0,-128.0,0.902,0.138,-0.046,0.987,0.049,-0.078,0.075,9.408e-06,0.0,0.092,0.092,0.0635,0
Kepler-1876 b,Kepler-1876,1,0.853,0.039,-0.026,6.99205,3.8e-05,-3.8e-05,1299.0,22.0,-22.0,6104.0,57.0,-57.0,1.477,0.021,-0.022,1.187,0.075,-0.088,0.0325,3.8e-05,22.0,0.0215,0.0215,0.08149999999999999,0
Kepler-1894 c,Kepler-1894,1,1.21,0.37,-0.11,5.05368985,5.076e-05,-5.076e-05,1007.0,,,5772.0,156.0,-173.0,0.901,0.275,-0.086,0.999,0.114,-0.125,0.24,5.076e-05,0.0,0.1805,0.1805,0.1195,0
Kepler-19 b,Kepler-19,1,2.209,0.048,-0.048,9.28699,0.0,0.0,851.0,14.0,-14.0,5541.0,60.0,-60.0,0.859,0.018,-0.018,0.936,0.04,-0.04,0.048,0.0,14.0,0.018,0.018,0.04,0
Kepler-1921 c,Kepler-1921,1,1.41,0.33,-0.57,3.15722086,1.947e-05,-1.947e-05,1791.0,,,6120.0,195.0,-217.0,2.0,0.467,-0.801,1.251,0.19,-0.233,0.44999999999999996,1.947e-05,0.0,0.634,0.634,0.21150000000000002,0
Kepler-1976 b,Kepler-1976,1,12.21,1.96,-1.46,4.959319244,5.15e-07,-5.15e-07,1103.0,,,5712.0,77.0,-77.0,1.082,0.173,-0.13,0.976,0.073,-0.055,1.71,5.15e-07,0.0,0.1515,0.1515,0.064,0
Kepler-1977 b,Kepler-1977,1,1.66,0.19,-0.11,4.53702121,2.498e-05,-2.498e-05,798.0,,,4805.0,144.0,-144.0,0.688,0.079,-0.045,0.769,0.053,-0.079,0.15,2.498e-05,0.0,0.062,0.062,0.066,0
Kepler-1978 b,Kepler-1978,1,2.67,0.38,-0.21,10.84969477,2.777e-05,-2.777e-05,676.0,,,5251.0,158.0,-158.0,0.778,0.112,-0.06,0.869,0.06,-0.095,0.295,2.777e-05,0.0,0.086,0.086,0.0775,0
Kepler-1979 b,Kepler-1979,1,29.33,8.82,-2.94,18.5084526,0.0001311,-0.0001311,683.0,,,5942.0,176.0,-193.0,0.938,0.282,-0.094,1.028,0.127,-0.14,5.88,0.0001311,0.0,0.188,0.188,0.1335,0
Kepler-1980 b,Kepler-1980,1,2.21,0.36,-0.12,33.0257179,0.0006181,-0.0006181,564.0,,,5819.0,69.0,-87.0,0.99,0.163,-0.054,1.049,0.059,-0.073,0.24,0.0006181,0.0,0.1085,0.1085,0.066,0
Kepler-1981 b,Kepler-1981,1,9.23,1.76,-4.1,453.54212,0.003501,-0.003501,390.0,,,5874.0,87.0,-79.0,3.006,0.572,-1.335,1.519,0.15,-0.376,2.9299999999999997,0.003501,0.0,0.9535,0.9535,0.263,0
Kepler-1982 b,Kepler-1982,1,0.77,0.14,-0.04,3.82315697,4.481e-05,-4.481e-05,1282.0,,,6202.0,99.0,-149.0,1.122,0.205,-0.058,1.213,0.076,-0.093,0.09000000000000001,4.481e-05,0.0,0.1315,0.1315,0.08449999999999999,0
Kepler-1983 b,Kepler-1983,1,2.33,0.13,-0.18,7.32851947,2.311e-05,-2.311e-05,807.0,,,5135.0,84.0,-76.0,0.874,0.048,-0.069,0.812,0.058,-0.029,0.155,2.311e-05,0.0,0.0585,0.0585,0.043500000000000004,0
Kepler-1984 b,Kepler-1984,1,6.81,0.75,-0.9,1.992812339,7.832e-06,-7.832e-06,675.0,,,3638.0,72.0,-87.0,0.42,0.046,-0.056,0.45,0.043,-0.059,0.825,7.832e-06,0.0,0.051000000000000004,0.051000000000000004,0.051,0
Kepler-1985 b,Kepler-1985,1,2.27,0.25,-0.22,3.42064689,1.928e-05,-1.928e-05,1129.0,,,5370.0,85.0,-75.0,0.966,0.105,-0.095,0.877,0.064,-0.037,0.235,1.928e-05,0.0,0.1,0.1,0.0505,0
Kepler-1986 b,Kepler-1986,1,1.89,0.35,-0.15,19.5489666,0.0001396,-0.0001396,579.0,,,5549.0,163.0,-163.0,0.732,0.137,-0.059,0.776,0.089,-0.065,0.25,0.0001396,0.0,0.098,0.098,0.077,0
Kepler-1987 b,Kepler-1987,1,1.23,0.11,-0.09,2.345863002,9.55e-06,-9.55e-06,997.0,,,4769.0,172.0,-172.0,0.714,0.068,-0.049,0.799,0.041,-0.081,0.1,9.55e-06,0.0,0.0585,0.0585,0.061,0
Kepler-1987 c,Kepler-1987,1,1.33,0.12,-0.09,3.64830183,1.621e-05,-1.621e-05,860.0,,,4769.0,172.0,-172.0,0.714,0.068,-0.049,0.799,0.041,-0.081,0.105,1.621e-05,0.0,0.0585,0.0585,0.061,0
Kepler-1987 d,Kepler-1987,1,2.66,0.25,-0.18,5.644914154,8.778e-06,-8.778e-06,744.0,,,4769.0,172.0,-172.0,0.714,0.068,-0.049,0.799,0.041,-0.081,0.215,8.778e-06,0.0,0.0585,0.0585,0.061,0
Kepler-1987 e,Kepler-1987,1,1.92,0.18,-0.13,8.74292005,3.311e-05,-3.311e-05,643.0,,,4769.0,172.0,-172.0,0.714,0.068,-0.049,0.799,0.041,-0.081,0.155,3.311e-05,0.0,0.0585,0.0585,0.061,0
Kepler-1988 b,Kepler-1988,1,1.53,0.3,-0.49,11.49500229,8.821e-05,-8.821e-05,1105.0,,,6033.0,183.0,-183.0,1.788,0.351,-0.571,1.127,0.189,-0.172,0.395,8.821e-05,0.0,0.46099999999999997,0.46099999999999997,0.1805,0
Kepler-1989 b,Kepler-1989,1,4.62,1.37,-0.73,10.161023528,9.176e-06,-9.176e-06,904.0,,,6032.0,189.0,-232.0,1.06,0.312,-0.168,0.999,0.153,-0.126,1.05,9.176e-06,0.0,0.24,0.24,0.1395,0
Kepler-1990 b,Kepler-1990,1,3.27,0.54,-0.33,1.73513619,2.82e-07,-2.82e-07,1554.0,,,5751.0,103.0,-114.0,1.071,0.177,-0.109,1.028,0.074,-0.067,0.43500000000000005,2.82e-07,0.0,0.143,0.143,0.07050000000000001,0
Kepler-1990 c,Kepler-1990,1,0.98,0.17,-0.1,4.06844957,1.212e-05,-1.212e-05,1170.0,,,5751.0,103.0,-114.0,1.071,0.177,-0.109,1.028,0.074,-0.067,0.135,1.212e-05,0.0,0.143,0.143,0.07050000000000001,0
Kepler-1991 b,Kepler-1991,1,1.47,0.2,-0.21,13.26079792,9.795e-05,-9.795e-05,760.0,,,5478.0,82.0,-74.0,1.053,0.147,-0.147,0.914,0.061,-0.042,0.20500000000000002,9.795e-05,0.0,0.147,0.147,0.051500000000000004,0
Kepler-1991 c,Kepler-1991,1,2.57,0.36,-0.36,22.79020351,6.878e-05,-6.878e-05,634.0,,,5478.0,82.0,-74.0,1.053,0.147,-0.147,0.914,0.061,-0.042,0.36,6.878e-05,0.0,0.147,0.147,0.051500000000000004,0
Kepler-1992 b,Kepler-1992,1,0.91,0.09,-0.05,15.6112238,0.0001275,-0.0001275,637.0,,,5383.0,107.0,-107.0,0.842,0.084,-0.045,0.874,0.048,-0.054,0.07,0.0001275,0.0,0.0645,0.0645,0.051000000000000004,0
Kepler-1993 b,Kepler-1993,1,4.15,1.28,-2.98,26.6565737,0.0002052,-0.0002052,903.0,,,5159.0,171.0,-155.0,3.062,0.943,-2.2,1.373,0.205,-0.512,2.13,0.0002052,0.0,1.5715000000000001,1.5715000000000001,0.3585,0
Kepler-1994 b,Kepler-1994,1,0.51,0.06,-0.05,4.61225043,3.445e-05,-3.445e-05,1032.0,,,5495.0,74.0,-82.0,0.961,0.115,-0.086,0.932,0.052,-0.047,0.055,3.445e-05,0.0,0.1005,0.1005,0.0495,0
Kepler-1995 b,Kepler-1995,1,4.28,2.21,-0.66,73.7578875,0.0004304,-0.0004304,375.0,,,5029.0,192.0,-174.0,0.93,0.481,-0.144,0.847,0.068,-0.049,1.435,0.0004304,0.0,0.3125,0.3125,0.0585,0
Kepler-1996 b,Kepler-1996,1,2.26,0.16,-0.07,32.376183,0.0001311,-0.0001311,392.0,,,4580.0,92.0,-92.0,0.675,0.046,-0.021,0.748,0.027,-0.043,0.115,0.0001311,0.0,0.0335,0.0335,0.034999999999999996,0
Kepler-1996 c,Kepler-1996,1,2.81,0.2,-0.08,92.7297248,0.000398,-0.000398,276.0,,,4580.0,92.0,-92.0,0.675,0.046,-0.021,0.748,0.027,-0.043,0.14,0.000398,0.0,0.0335,0.0335,0.034999999999999996,0
Kepler-1997 b,Kepler-1997,1,2.28,0.72,-0.28,26.7575866,0.0002942,-0.0002942,660.0,,,6215.0,194.0,-259.0,1.052,0.332,-0.133,1.111,0.153,-0.153,0.5,0.0002942,0.0,0.2325,0.2325,0.153,0
Kepler-1998 b,Kepler-1998,1,0.6,0.08,-0.04,3.03267135,1.374e-05,-1.374e-05,1187.0,,,5640.0,101.0,-113.0,0.921,0.131,-0.061,0.962,0.054,-0.068,0.06,1.374e-05,0.0,0.096,0.096,0.061,0
Kepler-1999 b,Kepler-1999,1,3.29,0.26,-0.3,8.7396758,0.0003092,-0.0003092,577.0,,,4406.0,154.0,-170.0,0.628,0.051,-0.056,0.632,0.063,-0.057,0.28,0.0003092,0.0,0.0535,0.0535,0.06,0
Kepler-20 b,Kepler-20,1,1.773,0.053,-0.03,3.6961049,1.6e-06,-1.6e-06,1187.0,16.0,-16.0,5495.0,50.0,-50.0,0.9164,0.0087,-0.0077,0.929,0.053,-0.053,0.041499999999999995,1.6e-06,16.0,0.008199999999999999,0.008199999999999999,0.053,0
Kepler-20 c,Kepler-20,1,2.894,0.036,-0.033,10.8540774,2.1e-06,-2.1e-06,828.0,11.0,-11.0,5495.0,50.0,-50.0,0.9164,0.0087,-0.0077,0.929,0.053,-0.053,0.0345,2.1e-06,11.0,0.008199999999999999,0.008199999999999999,0.053,0
Kepler-20 d,Kepler-20,1,2.606,0.053,-0.039,77.611455,9.6e-05,-9.6e-05,430.0,6.0,-6.0,5495.0,50.0,-50.0,0.9164,0.0087,-0.0077,0.929,0.053,-0.053,0.046,9.6e-05,6.0,0.008199999999999999,0.008199999999999999,0.053,0
Kepler-20 e,Kepler-20,1,0.821,0.022,-0.022,6.0984882,9.9e-06,-9.9e-06,1004.0,14.0,-14.0,5495.0,50.0,-50.0,0.9164,0.0087,-0.0077,0.929,0.053,-0.053,0.022,9.9e-06,14.0,0.008199999999999999,0.008199999999999999,0.053,0
Kepler-20 f,Kepler-20,1,0.952,0.047,-0.087,19.578328,4.8e-05,-4.8e-05,681.0,9.0,-9.0,5495.0,50.0,-50.0,0.9164,0.0087,-0.0077,0.929,0.053,-0.053,0.067,4.8e-05,9.0,0.008199999999999999,0.008199999999999999,0.053,0
Kepler-2000 b,Kepler-2000,1,2.73,0.1,-0.17,6.383159135,6.398e-06,-6.398e-06,530.0,,,3757.0,74.0,-82.0,0.576,0.022,-0.036,0.581,0.029,-0.029,0.135,6.398e-06,0.0,0.028999999999999998,0.028999999999999998,0.029,0
Kepler-2000 c,Kepler-2000,1,1.57,0.06,-0.1,20.6180348,0.0001382,-0.0001382,359.0,,,3757.0,74.0,-82.0,0.576,0.022,-0.036,0.581,0.029,-0.029,0.08,0.0001382,0.0,0.028999999999999998,0.028999999999999998,0.029,0
Kepler-2001 b,Kepler-2001,1,1.04,0.13,-0.08,1.090011003,5.822e-06,-5.822e-06,1402.0,,,5081.0,166.0,-136.0,0.77,0.095,-0.055,0.864,0.049,-0.085,0.10500000000000001,5.822e-06,0.0,0.075,0.075,0.067,0
Kepler-2001 c,Kepler-2001,1,1.82,0.23,-0.13,14.092583189,,,597.0,,,5081.0,166.0,-136.0,0.77,0.095,-0.055,0.864,0.049,-0.085,0.18,0.0,0.0,0.075,0.075,0.067,0
Kepler-21 b,Kepler-21,1,1.639,0.019,-0.015,2.7858212,3.2e-06,-3.2e-06,2015.0,16.0,-16.0,6305.0,50.0,-50.0,1.902,0.018,-0.012,1.408,0.021,-0.03,0.017,3.2e-06,16.0,0.015,0.015,0.025500000000000002,0
Kepler-22 b,Kepler-22,1,2.1,0.12,-0.12,289.863876,1.3e-05,-1.3e-05,279.0,4.0,-4.0,5596.0,61.0,-61.0,0.869,0.011,-0.011,0.857,0.051,-0.043,0.12,1.3e-05,4.0,0.011,0.011,0.047,0
Kepler-278 b,Kepler-278,1,3.955,0.08,-0.08,30.1556,0.0041,-0.002,586.0,19.0,-19.0,4965.0,54.0,-54.0,2.861,0.06,-0.06,1.227,0.061,-0.061,0.08,0.00305,19.0,0.06,0.06,0.061,0
Kepler-278 c,Kepler-278,1,3.268,0.067,-0.067,51.111,0.023,-0.011,492.0,16.0,-16.0,4965.0,54.0,-54.0,2.861,0.06,-0.06,1.227,0.061,-0.061,0.067,0.017,16.0,0.06,0.06,0.061,0
Kepler-290 d,Kepler-290,1,0.86,0.12,-0.07,0.764017553,3.767e-06,-3.767e-06,1589.0,,,5142.0,153.0,-153.0,0.755,0.097,-0.065,0.84,0.065,-0.09,0.095,3.767e-06,0.0,0.081,0.081,0.0775,0
Kepler-297 d,Kepler-297,1,32.6,3.6,-2.94,150.0189511,0.0001744,-0.0001744,325.0,,,5618.0,112.0,-112.0,0.897,0.099,-0.081,0.846,0.059,-0.049,3.27,0.0001744,0.0,0.09,0.09,0.054,0
Kepler-311 d,Kepler-311,1,2.05,0.33,-0.29,232.040326,0.006902,-0.006902,327.0,,,5903.0,106.0,-117.0,1.156,0.185,-0.166,0.974,0.082,-0.062,0.31,0.006902,0.0,0.1755,0.1755,0.07200000000000001,0
Kepler-323 b,Kepler-323,1,1.381,0.035,-0.035,1.678328,1.5e-06,-1.5e-06,1838.0,35.0,-35.0,6004.0,71.0,-71.0,1.12,0.02,-0.018,1.015,0.072,-0.07,0.035,1.5e-06,35.0,0.019,0.019,0.07100000000000001,0
Kepler-323 c,Kepler-323,1,1.57,0.04,-0.04,3.5538229,2.2e-06,-2.2e-06,1431.0,27.0,-27.0,6004.0,71.0,-71.0,1.12,0.02,-0.018,1.015,0.072,-0.07,0.04,2.2e-06,27.0,0.019,0.019,0.07100000000000001,0
Kepler-347 d,Kepler-347,1,3.04,0.45,-0.71,85.517344,0.001846,-0.001846,482.0,,,5592.0,75.0,-75.0,1.451,0.211,-0.342,1.0,0.072,-0.072,0.58,0.001846,0.0,0.2765,0.2765,0.072,0
Kepler-37 b,Kepler-37,1,0.3098,0.0059,-0.0076,13.36702,6e-05,-6e-05,718.0,10.0,-10.0,5357.0,68.0,-68.0,0.789,0.0064,-0.0056,0.79,0.033,-0.03,0.00675,6e-05,10.0,0.006,0.006,0.0315,0
Kepler-37 c,Kepler-37,1,0.755,0.033,-0.055,21.301848,1.8e-05,-1.8e-05,615.0,9.0,-9.0,5357.0,68.0,-68.0,0.789,0.0064,-0.0056,0.79,0.033,-0.03,0.044,1.8e-05,9.0,0.006,0.006,0.0315,0
Kepler-37 d,Kepler-37,1,2.03,0.03,-0.039,39.7922622,6.5e-06,-6.5e-06,499.0,7.0,-7.0,5357.0,68.0,-68.0,0.789,0.0064,-0.0056,0.79,0.033,-0.03,0.0345,6.5e-06,7.0,0.006,0.006,0.0315,0
Kepler-38 b,Kepler-38,1,4.3,0.11,-0.11,105.599,0.038,-0.053,475.0,,,5623.0,50.0,-50.0,1.752,0.031,-0.034,0.941,0.055,-0.059,0.11,0.0455,0.0,0.0325,0.0325,0.056999999999999995,0
Kepler-39 b,Kepler-39,1,13.9,1.01,-1.12,21.08721,3.7e-05,-3.7e-05,897.0,29.0,-29.0,6350.0,100.0,-100.0,1.4,0.1,-0.1,1.29,0.06,-0.07,1.065,3.7e-05,29.0,0.1,0.1,0.065,0
Kepler-391 b,Kepler-391,1,2.5,0.29,-0.29,7.4175,0.0027,-0.0037,930.0,37.0,-140.0,5038.0,57.0,-57.0,2.879,0.318,-0.318,1.27,0.081,-0.081,0.29,0.0032,88.5,0.318,0.318,0.081,0
Kepler-391 c,Kepler-391,1,2.88,0.33,-0.33,20.501,0.032,-0.01,662.0,89.0,-97.0,5038.0,57.0,-57.0,2.879,0.318,-0.318,1.27,0.081,-0.081,0.33,0.021,93.0,0.318,0.318,0.081,0
Kepler-4 b,Kepler-4,1,4.002,0.213,-0.213,3.21346,0.00022,-0.00022,1650.0,200.0,-200.0,5857.0,120.0,-120.0,1.487,0.071,-0.084,1.223,0.053,-0.091,0.213,0.00022,200.0,0.0775,0.0775,0.072,0
Kepler-40 b,Kepler-40,1,13.11,0.45,-0.45,6.87349,0.00064,-0.00064,1620.0,30.0,-30.0,6510.0,100.0,-100.0,2.13,0.06,-0.06,1.48,0.06,-0.06,0.45,0.00064,30.0,0.06,0.06,0.06,0
Kepler-409 b,Kepler-409,1,1.199,0.043,-0.043,68.9583216,3.9e-06,-3.9e-06,438.0,7.0,-7.0,5421.0,64.0,-64.0,0.897,0.012,-0.011,0.913,0.05,-0.048,0.043,3.9e-06,7.0,0.0115,0.0115,0.049,0
Kepler-41 b,Kepler-41,1,14.46,0.22,-0.22,1.8555582,5.2e-07,-5.2e-07,1790.0,31.0,-31.0,5750.0,100.0,-100.0,1.29,0.02,-0.02,1.15,0.04,-0.04,0.22,5.2e-07,31.0,0.02,0.02,0.04,0
Kepler-412 b,Kepler-412,1,15.031269,0.493196,-0.515614,1.7208604,3e-07,-3e-07,1850.0,30.0,-30.0,5750.0,90.0,-90.0,1.287,0.035,-0.035,1.167,0.091,-0.091,0.504405,3e-07,30.0,0.035,0.035,0.091,0
Kepler-416 d,Kepler-416,1,1.61,0.23,-0.17,3.07644709,1.038e-05,-1.038e-05,1253.0,,,5670.0,114.0,-114.0,1.022,0.148,-0.108,0.949,0.067,-0.055,0.2,1.038e-05,0.0,0.128,0.128,0.061,0
Kepler-42 b,Kepler-42,1,0.78,0.22,-0.22,1.2137672,4.6e-06,-4.6e-06,519.0,52.0,-52.0,3068.0,174.0,-174.0,0.17,0.04,-0.04,0.13,0.05,-0.05,0.22,4.6e-06,52.0,0.04,0.04,0.05,0
Kepler-42 c,Kepler-42,1,0.73,0.2,-0.2,0.45328509,9.7e-07,-9.7e-07,720.0,73.0,-73.0,3068.0,174.0,-174.0,0.17,0.04,-0.04,0.13,0.05,-0.05,0.2,9.7e-07,73.0,0.04,0.04,0.05,0
Kepler-42 d,Kepler-42,1,0.57,0.18,-0.18,1.865169,1.4e-05,-1.4e-05,450.0,45.0,-45.0,3068.0,174.0,-174.0,0.17,0.04,-0.04,0.13,0.05,-0.05,0.18,1.4e-05,45.0,0.04,0.04,0.05,0
Kepler-421 b,Kepler-421,1,4.16,0.19,-0.16,704.1984,0.0016,-0.0016,185.0,9.0,-5.0,5308.0,50.0,-50.0,0.757,0.029,-0.029,0.794,0.03,-0.03,0.175,0.0016,7.0,0.029,0.029,0.03,0
Kepler-423 b,Kepler-423,1,13.361,0.583,-0.583,2.6843285,7e-08,-7e-08,1605.0,120.0,-120.0,5560.0,80.0,-80.0,0.95,0.04,-0.04,0.85,0.04,-0.04,0.583,7e-08,120.0,0.04,0.04,0.04,0
Kepler-425 b,Kepler-425,1,10.962,0.247,-0.247,3.79701816,1.9e-07,-1.9e-07,1070.0,15.0,-15.0,5170.0,70.0,-70.0,0.86,0.02,-0.02,0.93,0.05,-0.05,0.247,1.9e-07,15.0,0.02,0.02,0.05,0
Kepler-426 b,Kepler-426,1,12.22,0.34,-0.34,3.21751883,1.9e-07,-1.9e-07,1300.0,20.0,-20.0,5725.0,90.0,-90.0,0.92,0.02,-0.02,0.91,0.06,-0.06,0.34,1.9e-07,20.0,0.02,0.02,0.06,0
Kepler-427 b,Kepler-427,1,13.79,2.35,-2.35,10.290994,1.1e-06,-1.1e-06,1100.0,70.0,-70.0,5800.0,70.0,-70.0,1.35,0.2,-0.2,0.96,0.06,-0.06,2.35,1.1e-06,70.0,0.2,0.2,0.06,0
Kepler-428 b,Kepler-428,1,12.11,0.34,-0.34,3.52563254,1.5e-07,-1.5e-07,1070.0,25.0,-25.0,5150.0,100.0,-100.0,0.8,0.02,-0.02,0.87,0.05,-0.05,0.34,1.5e-07,25.0,0.02,0.02,0.05,0
Kepler-43 b,Kepler-43,1,13.663771,0.728585,-0.717376,3.0240949,6e-07,-6e-07,1620.0,40.0,-40.0,6041.0,143.0,-143.0,1.42,0.07,-0.07,1.32,0.09,-0.09,0.7229805,6e-07,40.0,0.07,0.07,0.09,0
Kepler-430 b,Kepler-430,1,3.25,,,35.968,,,667.0,,,5884.0,75.0,-75.0,1.485,0.266,-0.234,1.166,0.134,-0.095,0.0,0.0,0.0,0.25,0.25,0.1145,0
Kepler-430 c,Kepler-430,1,1.75,,,110.979,,,458.0,,,5884.0,75.0,-75.0,1.485,0.266,-0.234,1.166,0.134,-0.095,0.0,0.0,0.0,0.25,0.25,0.1145,0
Kepler-431 b,Kepler-431,1,0.764,,,6.803,,,1032.0,,,6004.0,75.0,-75.0,1.092,0.191,-0.109,1.071,0.059,-0.037,0.0,0.0,0.0,0.15,0.15,0.048,0
Kepler-431 c,Kepler-431,1,0.668,,,8.703,,,951.0,,,6004.0,75.0,-75.0,1.092,0.191,-0.109,1.071,0.059,-0.037,0.0,0.0,0.0,0.15,0.15,0.048,0
Kepler-431 d,Kepler-431,1,1.11,,,11.922,,,856.0,,,6004.0,75.0,-75.0,1.092,0.191,-0.109,1.071,0.059,-0.037,0.0,0.0,0.0,0.15,0.15,0.048,0
Kepler-433 b,Kepler-433,1,16.25,1.79,-1.79,5.33408384,1.1e-06,-1.1e-06,1776.0,87.0,-87.0,6360.0,140.0,-140.0,2.26,0.25,-0.25,1.46,0.17,-0.17,1.79,1.1e-06,87.0,0.25,0.25,0.17,0
Kepler-434 b,Kepler-434,1,12.67,2.91,-2.02,12.8747099,5e-06,-5e-06,1000.0,45.0,-45.0,5977.0,95.0,-95.0,1.38,0.13,-0.13,1.198,0.093,-0.093,2.465,5e-06,45.0,0.13,0.13,0.093,0
Kepler-435 b,Kepler-435,1,22.31,2.02,-2.02,8.6001536,1.8e-06,-1.8e-06,1729.0,70.0,-70.0,6161.0,94.0,-94.0,3.21,0.3,-0.3,1.538,0.088,-0.088,2.02,1.8e-06,70.0,0.3,0.3,0.088,0
Kepler-44 b,Kepler-44,1,12.22,0.78,-0.78,3.2467293,3e-06,-3e-06,1544.0,47.0,-47.0,5800.0,100.0,-100.0,1.35,0.08,-0.08,1.12,0.08,-0.08,0.78,3e-06,47.0,0.08,0.08,0.08,0
Kepler-45 b,Kepler-45,1,10.76,1.23,-1.23,2.455239,4e-06,-4e-06,1000.0,20.0,-20.0,3820.0,90.0,-90.0,0.55,0.11,-0.11,0.59,0.06,-0.06,1.23,4e-06,20.0,0.11,0.11,0.06,0
Kepler-452 b,Kepler-452,1,1.63,0.23,-0.2,384.843,0.007,-0.012,265.0,15.0,-13.0,5757.0,85.0,-85.0,1.11,0.15,-0.09,1.037,0.054,-0.047,0.21500000000000002,0.0095,14.0,0.12,0.12,0.0505,0
Kepler-454 b,Kepler-454,1,2.37,0.13,-0.13,10.5737534,7.8e-06,-7.8e-06,916.0,10.0,-10.0,5687.0,49.0,-49.0,1.066,0.012,-0.012,1.03,0.04,-0.03,0.13,7.8e-06,10.0,0.012,0.012,0.035,0
Kepler-46 b,Kepler-46,1,9.057,0.471,-0.482,33.60134,0.00021,-0.0002,543.0,16.0,-16.0,5155.0,105.0,-105.0,0.938,0.038,-0.039,0.902,0.04,-0.038,0.4765,0.000205,16.0,0.0385,0.0385,0.039,0
Kepler-5 b,Kepler-5,1,15.984034,0.403524,-0.571659,3.5484657,7e-07,-7e-07,1750.0,20.0,-20.0,6297.0,60.0,-60.0,1.793,0.043,-0.062,1.374,0.04,-0.059,0.4875915,7e-07,20.0,0.0525,0.0525,0.0495,0
Kepler-51 b,Kepler-51,1,7.1,0.3,-0.3,45.154,0.0002,-0.0002,543.0,11.0,-11.0,6018.0,107.0,-107.0,0.94,0.5,-0.5,1.04,0.12,-0.12,0.3,0.0002,11.0,0.5,0.5,0.12,0
Kepler-51 c,Kepler-51,1,9.0,2.8,-1.7,85.312,0.003,-0.002,439.0,9.0,-9.0,6018.0,107.0,-107.0,0.94,0.5,-0.5,1.04,0.12,-0.12,2.25,0.0025,9.0,0.5,0.5,0.12,0
Kepler-51 d,Kepler-51,1,9.7,0.5,-0.5,130.194,0.005,-0.002,381.0,8.0,-8.0,6018.0,107.0,-107.0,0.94,0.5,-0.5,1.04,0.12,-0.12,0.5,0.0035,8.0,0.5,0.5,0.12,0
Kepler-538 b,Kepler-538,1,2.215,0.04,-0.034,81.73778,0.00013,-0.00013,417.0,5.0,-5.0,5534.0,61.0,-61.0,0.8717,0.0064,-0.0061,0.892,0.051,-0.035,0.037000000000000005,0.00013,5.0,0.00625,0.00625,0.043,0
Kepler-539 b,Kepler-539,1,8.373123,0.190553,-0.190553,125.63243,0.00071,-0.00071,387.6,6.0,-6.0,5820.0,80.0,-80.0,0.952,0.018,-0.018,1.048,0.042,-0.042,0.190553,0.00071,6.0,0.018,0.018,0.042,0
Kepler-549 d,Kepler-549,1,4.2,0.45,-0.5,24.61480613,3.227e-05,-3.227e-05,586.0,,,5312.0,79.0,-79.0,0.986,0.107,-0.117,0.859,0.06,-0.033,0.475,3.227e-05,0.0,0.112,0.112,0.0465,0
Kepler-553 b,Kepler-553,1,4.74139884,0.17934369,-0.12329879,4.030467,1.8e-06,-1.8e-06,1089.0,19.0,-19.0,5191.0,76.0,-78.0,0.902,0.026,-0.021,0.889,0.046,-0.036,0.15132124,1.8e-06,19.0,0.0235,0.0235,0.040999999999999995,0
Kepler-553 c,Kepler-553,1,11.57887706,0.35868738,-0.28022452,328.24017,0.00039,-0.0004,251.0,4.3,-4.3,5191.0,76.0,-78.0,0.902,0.026,-0.021,0.889,0.046,-0.036,0.31945595,0.000395,4.3,0.0235,0.0235,0.040999999999999995,0
Kepler-58 e,Kepler-58,1,1.61,0.52,-0.22,4.45814897,2.897e-05,-2.897e-05,1212.0,,,6100.0,193.0,-214.0,1.083,0.35,-0.15,1.017,0.167,-0.125,0.37,2.897e-05,0.0,0.25,0.25,0.14600000000000002,0
Kepler-6 b,Kepler-6,1,14.616536,0.201762,-0.369897,3.2346996,4e-07,-4e-07,1460.0,10.0,-10.0,5647.0,44.0,-44.0,1.391,0.017,-0.034,1.209,0.044,-0.038,0.28582949999999996,4e-07,10.0,0.025500000000000002,0.025500000000000002,0.040999999999999995,0
Kepler-61 b,Kepler-61,1,2.15,0.13,-0.13,59.87756,0.0002,-0.0002,273.0,13.0,-13.0,4017.0,68.0,-150.0,0.62,0.02,-0.05,0.635,0.037,-0.037,0.13,0.0002,13.0,0.035,0.035,0.037,0
Kepler-619 d,Kepler-619,1,4.17,1.31,-0.44,11.67894236,2.452e-05,-2.452e-05,830.0,,,6122.0,169.0,-190.0,0.964,0.303,-0.101,1.041,0.139,-0.139,0.875,2.452e-05,0.0,0.202,0.202,0.139,0
Kepler-62 b,Kepler-62,1,1.31,0.04,-0.04,5.714932,9e-06,-9e-06,750.0,41.0,-41.0,4925.0,70.0,-70.0,0.64,0.02,-0.02,0.69,0.02,-0.02,0.04,9e-06,41.0,0.02,0.02,0.02,0
Kepler-62 c,Kepler-62,1,0.54,0.03,-0.03,12.4417,0.0001,-0.0001,578.0,31.0,-31.0,4925.0,70.0,-70.0,0.64,0.02,-0.02,0.69,0.02,-0.02,0.03,0.0001,31.0,0.02,0.02,0.02,0
Kepler-62 d,Kepler-62,1,1.95,0.07,-0.07,18.16406,2e-05,-2e-05,510.0,28.0,-28.0,4925.0,70.0,-70.0,0.64,0.02,-0.02,0.69,0.02,-0.02,0.07,2e-05,28.0,0.02,0.02,0.02,0
Kepler-62 e,Kepler-62,1,1.61,0.05,-0.05,122.3874,0.0008,-0.0008,270.0,15.0,-15.0,4925.0,70.0,-70.0,0.64,0.02,-0.02,0.69,0.02,-0.02,0.05,0.0008,15.0,0.02,0.02,0.02,0
Kepler-62 f,Kepler-62,1,1.41,0.07,-0.07,267.291,0.005,-0.005,208.0,11.0,-11.0,4925.0,70.0,-70.0,0.64,0.02,-0.02,0.69,0.02,-0.02,0.07,0.005,11.0,0.02,0.02,0.02,1
Kepler-656 c,Kepler-656,1,1.41,0.38,-0.11,5.25449393,5.613e-05,-5.613e-05,975.0,,,5550.0,166.0,-183.0,0.954,0.252,-0.079,1.05,0.075,-0.113,0.245,5.613e-05,0.0,0.1655,0.1655,0.094,0
Kepler-68 b,Kepler-68,1,2.357,0.023,-0.023,5.39875259,5.2e-07,-5.2e-07,1275.0,17.0,-17.0,5847.0,75.0,-75.0,1.2564,0.0084,-0.0084,1.057,0.022,-0.02,0.023,5.2e-07,17.0,0.0084,0.0084,0.020999999999999998,0
Kepler-68 c,Kepler-68,1,0.979,0.019,-0.019,9.605027,1.3e-05,-1.3e-05,1052.0,14.0,-14.0,5847.0,75.0,-75.0,1.2564,0.0084,-0.0084,1.057,0.022,-0.02,0.019,1.3e-05,14.0,0.0084,0.0084,0.020999999999999998,0
Kepler-69 b,Kepler-69,1,2.24,0.44,-0.29,13.722341,3.5e-05,-3.6e-05,779.0,50.0,-51.0,5638.0,168.0,-168.0,0.93,0.18,-0.12,0.81,0.09,-0.081,0.365,3.5499999999999996e-05,50.5,0.15,0.15,0.08549999999999999,0
Kepler-69 c,Kepler-69,1,1.71,0.34,-0.23,242.4613,0.0059,-0.0064,299.0,19.0,-20.0,5638.0,168.0,-168.0,0.93,0.18,-0.12,0.81,0.09,-0.081,0.28500000000000003,0.00615,19.5,0.15,0.15,0.08549999999999999,0
Kepler-7 b,Kepler-7,1,18.180998,0.145717,-0.145717,4.8854892,9e-07,-9e-07,1630.0,10.0,-10.0,5933.0,44.0,-44.0,1.966,0.013,-0.013,1.359,0.031,-0.031,0.145717,9e-07,10.0,0.013,0.013,0.031,0
Kepler-725 b,Kepler-725,1,10.8,0.6,-0.6,39.64372,0.000125,-0.000146,514.0,16.0,-16.0,5395.0,64.0,-64.0,0.88,0.05,-0.03,0.95,0.01,-0.01,0.6,0.0001355,16.0,0.04,0.04,0.01,0
Kepler-730 b,Kepler-730,1,12.3299,0.526823,-0.56045,6.491682808,,,1219.0,21.0,-22.0,5620.0,55.0,-59.0,1.411,0.049,-0.051,1.047,0.072,-0.054,0.5436365000000001,0.0,21.5,0.05,0.05,0.063,0
Kepler-730 c,Kepler-730,1,1.56926,0.134508,-0.134508,2.85188338,,,1607.0,27.0,-29.0,5620.0,55.0,-59.0,1.411,0.049,-0.051,1.047,0.072,-0.054,0.134508,0.0,28.0,0.05,0.05,0.063,0
Kepler-74 b,Kepler-74,1,10.76,0.22,-0.22,7.340711,6e-06,-6e-06,1078.0,19.0,-19.0,6000.0,100.0,-100.0,1.12,0.04,-0.04,1.18,0.04,-0.04,0.22,6e-06,19.0,0.04,0.04,0.04,0
Kepler-75 b,Kepler-75,1,11.77,0.34,-0.34,8.8849116,3.4e-06,-3.4e-06,767.0,16.0,-16.0,5200.0,100.0,-100.0,0.89,0.02,-0.02,0.91,0.04,-0.04,0.34,3.4e-06,16.0,0.02,0.02,0.04,0
Kepler-76 b,Kepler-76,1,15.24424,1.34508,-1.34508,1.5449298,4e-07,-4e-07,2140.0,40.0,-40.0,6409.0,95.0,-95.0,1.32,0.08,-0.08,1.2,0.2,-0.2,1.34508,4e-07,40.0,0.08,0.08,0.2,0
Kepler-763 c,Kepler-763,1,1.42,0.07,-0.1,4.09667624,1.956e-05,-1.956e-05,938.0,,,4999.0,79.0,-79.0,0.843,0.04,-0.06,0.8,0.048,-0.028,0.085,1.956e-05,0.0,0.05,0.05,0.038,0
Kepler-763 d,Kepler-763,1,1.67,0.08,-0.12,6.50327035,3.134e-05,-3.134e-05,804.0,,,4999.0,79.0,-79.0,0.843,0.04,-0.06,0.8,0.048,-0.028,0.1,3.134e-05,0.0,0.05,0.05,0.038,0
Kepler-77 b,Kepler-77,1,10.761,0.179,-0.179,3.57878087,2.3e-07,-2.3e-07,1440.0,100.0,-120.0,5520.0,60.0,-60.0,0.99,0.02,-0.02,0.95,0.04,-0.04,0.179,2.3e-07,110.0,0.02,0.02,0.04,0
Kepler-78 b,Kepler-78,1,1.201,0.028,-0.028,0.35500745,8e-08,-8e-08,2223.0,32.0,-32.0,5058.0,50.0,-50.0,0.7475,0.0077,-0.0078,0.779,0.032,-0.046,0.028,8e-08,32.0,0.00775,0.00775,0.039,0
Kepler-784 c,Kepler-784,1,1.55,0.24,-0.36,17.157236,0.0001862,-0.0001862,844.0,,,5676.0,115.0,-104.0,1.487,0.229,-0.344,1.016,0.093,-0.084,0.3,0.0001862,0.0,0.2865,0.2865,0.0885,0
Kepler-8 b,Kepler-8,1,15.871944,0.594077,-0.694958,3.5224991,7e-07,-7e-07,1680.0,40.0,-40.0,6213.0,150.0,-150.0,1.486,0.053,-0.062,1.213,0.067,-0.062,0.6445175,7e-07,40.0,0.057499999999999996,0.057499999999999996,0.0645,0
Kepler-80 g,Kepler-80,1,1.13,0.14,-0.14,14.64558,0.00012,-0.00012,418.0,36.0,-36.0,4540.0,100.0,-100.0,0.678,0.023,-0.023,0.83,0.03,-0.03,0.14,0.00012,36.0,0.023,0.023,0.03,0
Kepler-849 b,Kepler-849,1,8.08167508,0.30264248,-0.32506044,394.62508,0.00081,-0.00079,362.7,6.0,-5.8,5950.0,140.0,-130.0,1.822,0.066,-0.073,1.259,0.12,-0.098,0.31385145999999997,0.0007999999999999999,5.9,0.0695,0.0695,0.109,0
Kepler-864 c,Kepler-864,1,1.62,0.47,-0.19,2.42150341,1.597e-05,-1.597e-05,1532.0,,,6213.0,173.0,-259.0,1.195,0.351,-0.14,1.27,0.142,-0.156,0.32999999999999996,1.597e-05,0.0,0.2455,0.2455,0.149,0
Kepler-865 c,Kepler-865,1,0.89,0.19,-0.13,6.20920207,4.79e-05,-4.79e-05,914.0,,,5440.0,162.0,-162.0,0.885,0.193,-0.129,0.782,0.116,-0.062,0.16,4.79e-05,0.0,0.161,0.161,0.089,0
Kepler-87 b,Kepler-87,1,13.49,0.55,-0.55,114.73635,0.00015,-0.00015,478.0,4.0,-4.0,5600.0,50.0,-50.0,1.82,0.04,-0.04,1.1,0.05,-0.05,0.55,0.00015,4.0,0.04,0.04,0.05,0
Kepler-87 c,Kepler-87,1,6.14,0.29,-0.29,191.2318,0.0015,-0.0015,403.0,4.0,-4.0,5600.0,50.0,-50.0,1.82,0.04,-0.04,1.1,0.05,-0.05,0.29,0.0015,4.0,0.04,0.04,0.05,0
Kepler-880 c,Kepler-880,1,2.87,0.58,-0.94,11.8061737,0.0001518,-0.0001518,1407.0,,,6900.0,184.0,-204.0,2.599,0.523,-0.85,1.714,0.17,-0.316,0.76,0.0001518,0.0,0.6865,0.6865,0.243,0
Kepler-896 c,Kepler-896,1,3.15,0.73,-0.25,29.5422566,0.0002958,-0.0002958,515.0,,,5510.0,166.0,-149.0,0.803,0.188,-0.063,0.877,0.083,-0.092,0.49,0.0002958,0.0,0.1255,0.1255,0.0875,0
Kepler-9 d,Kepler-9,1,1.64,0.19,-0.14,1.592851,4.5e-05,-4.5e-05,2026.0,60.0,-60.0,5777.0,61.0,-61.0,1.02,0.05,-0.05,1.07,0.05,-0.05,0.165,4.5e-05,60.0,0.05,0.05,0.05,0
Kepler-90 i,KOI-351,1,1.32,0.21,-0.21,14.44912,0.0002,-0.0002,709.0,75.0,-75.0,6015.0,60.0,-60.0,1.29,0.167,-0.167,1.12,0.046,-0.046,0.21,0.0002,75.0,0.167,0.167,0.046,0
Kepler-91 b,Kepler-91,1,15.322703,0.773421,-0.67254,6.24658,8e-05,-8e-05,2040.0,50.0,-50.0,4550.0,75.0,-75.0,6.3,0.16,-0.16,1.31,0.1,-0.1,0.7229805,8e-05,50.0,0.16,0.16,0.1,0
Kepler-93 b,Kepler-93,1,1.478,0.019,-0.019,4.72673978,9.7e-07,-9.7e-07,1133.0,17.0,-17.0,5669.0,75.0,-75.0,0.919,0.011,-0.011,0.911,0.033,-0.033,0.019,9.7e-07,17.0,0.011,0.011,0.033,0
Kepler-949 c,Kepler-949,1,2.97,0.61,-0.43,20.99757968,3.334e-05,-3.334e-05,582.0,,,5211.0,181.0,-163.0,0.895,0.186,-0.129,0.817,0.104,-0.064,0.52,3.334e-05,0.0,0.1575,0.1575,0.08399999999999999,0
Kepler-975 c,Kepler-975,1,10.69,6.94,-6.3,5.05821338,4.738e-06,-4.738e-06,1168.0,,,4883.0,146.0,-132.0,1.667,1.082,-0.983,0.951,0.198,-0.144,6.62,4.738e-06,0.0,1.0325,1.0325,0.17099999999999999,0
L 168-9 b,L 168-9,1,1.63,0.14,-0.14,1.40152604,7.4e-07,-8.2e-07,998.0,39.0,-39.0,3842.0,32.0,-32.0,0.604,0.037,-0.037,0.614,0.055,-0.055,0.14,7.799999999999999e-07,39.0,0.037,0.037,0.055,0
L 98-59 b,L 98-59,1,0.837,0.019,-0.019,2.253114,4e-07,-4e-07,620.0,13.0,-13.0,3415.0,60.0,-60.0,0.3155,0.0062,-0.0062,0.2923,0.0067,-0.0067,0.019,4e-07,13.0,0.0062,0.0062,0.0067,0
L 98-59 c,L 98-59,1,1.329,0.029,-0.029,3.6906764,4e-07,-4e-07,526.0,11.0,-11.0,3415.0,60.0,-60.0,0.3155,0.0062,-0.0062,0.2923,0.0067,-0.0067,0.029,4e-07,11.0,0.0062,0.0062,0.0067,0
L 98-59 d,L 98-59,1,1.627,0.041,-0.041,7.450729,2e-06,-2e-06,416.0,9.0,-9.0,3415.0,60.0,-60.0,0.3155,0.0062,-0.0062,0.2923,0.0067,-0.0067,0.041,2e-06,9.0,0.0062,0.0062,0.0067,0
LHS 1140 b,LHS 1140,1,1.73,0.025,-0.025,24.73723,2e-05,-2e-05,226.0,4.0,-4.0,3096.0,48.0,-48.0,0.2159,0.003,-0.003,0.1844,0.0045,-0.0045,0.025,2e-05,4.0,0.003,0.003,0.0045,0
LHS 1140 c,LHS 1140,1,1.272,0.026,-0.026,3.77794,2e-06,-2e-06,422.0,7.0,-7.0,3096.0,48.0,-48.0,0.2159,0.003,-0.003,0.1844,0.0045,-0.0045,0.026,2e-06,7.0,0.003,0.003,0.0045,0
LHS 1478 b,LHS 1478,1,1.242,0.051,-0.049,1.9495378,4e-06,-4.1e-06,595.0,10.0,-10.0,3381.0,54.0,-54.0,0.246,0.008,-0.008,0.236,0.012,-0.012,0.05,4.05e-06,10.0,0.008,0.008,0.012,0
LHS 1903 b,LHS 1903,1,1.382,0.046,-0.046,2.1555098,2.6e-06,-2.9e-06,796.0,20.0,-20.0,3664.0,70.0,-70.0,0.539,0.014,-0.014,0.538,0.039,-0.03,0.046,2.75e-06,20.0,0.014,0.014,0.0345,0
LHS 1903 c,LHS 1903,1,2.046,0.078,-0.074,6.226185,2.8e-05,-2.6e-05,559.0,14.0,-14.0,3664.0,70.0,-70.0,0.539,0.014,-0.014,0.538,0.039,-0.03,0.076,2.7e-05,14.0,0.014,0.014,0.0345,0
LHS 1903 d,LHS 1903,1,2.5,0.078,-0.077,12.566287,3.2e-05,-2.8e-05,442.0,11.0,-11.0,3664.0,70.0,-70.0,0.539,0.014,-0.014,0.538,0.039,-0.03,0.0775,2.9999999999999997e-05,11.0,0.014,0.014,0.0345,0
LHS 1903 e,LHS 1903,1,1.732,0.059,-0.058,29.31773,0.00028,-0.00025,333.0,9.0,-8.0,3664.0,70.0,-70.0,0.539,0.014,-0.014,0.538,0.039,-0.03,0.058499999999999996,0.000265,8.5,0.014,0.014,0.0345,0
LHS 3844 b,LHS 3844,1,1.303,0.022,-0.022,0.46292913,1.9e-06,-1.9e-06,805.0,20.0,-20.0,3036.0,77.0,-77.0,0.189,0.006,-0.006,0.151,0.014,-0.014,0.022,1.9e-06,20.0,0.006,0.006,0.014,0
LHS 475 b,LHS 475,1,0.991,0.05,-0.05,2.029088,6e-06,-6e-06,586.0,12.0,-12.0,3300.0,80.0,-30.0,0.2789,0.0014,-0.0014,0.262,,,0.05,6e-06,12.0,0.0014,0.0014,0.0,0
LP 714-47 b,LP 714-47,1,4.7,0.3,-0.3,4.052037,4e-06,-4e-06,700.0,19.0,-24.0,3950.0,51.0,-51.0,0.584,0.016,-0.016,0.59,0.02,-0.02,0.3,4e-06,21.5,0.016,0.016,0.02,0
LP 791-18 b,LP 791-18,1,1.212,0.059,-0.058,0.9479981,2.1e-06,-2.1e-06,564.3,3.5,-3.4,2960.0,55.0,-55.0,0.182,0.007,-0.007,0.139,0.005,-0.005,0.058499999999999996,2.1e-06,3.45,0.007,0.007,0.005,0
LP 890-9 b,LP 890-9,1,1.32,0.053,-0.027,2.7299025,3.4e-06,-4e-06,396.0,3.0,-3.0,2850.0,75.0,-75.0,0.1556,0.0086,-0.0086,0.118,0.002,-0.002,0.04,3.7e-06,3.0,0.0086,0.0086,0.002,0
LP 890-9 c,LP 890-9,1,1.367,0.055,-0.039,8.457463,2.4e-05,-2.4e-05,272.0,2.0,-2.0,2850.0,75.0,-75.0,0.1556,0.0086,-0.0086,0.118,0.002,-0.002,0.047,2.4e-05,2.0,0.0086,0.0086,0.002,1
LTT 1445 A c,LTT 1445 A,1,1.147,0.055,-0.054,3.1239035,3.4e-06,-3.6e-06,508.0,25.0,-25.0,3340.0,150.0,-150.0,0.265,0.011,-0.01,0.257,0.014,-0.014,0.0545,3.5e-06,25.0,0.010499999999999999,0.010499999999999999,0.014,0
LTT 3780 b,LTT 3780,1,1.325,0.057,-0.058,0.76837931,3.9e-07,-4.2e-07,903.0,26.0,-26.0,3358.0,92.0,-92.0,0.38,0.012,-0.012,0.381,0.024,-0.034,0.0575,4.0500000000000004e-07,26.0,0.012,0.012,0.029,0
LTT 3780 c,LTT 3780,1,2.39,0.1,-0.11,12.252284,1.3e-05,-1.3e-05,359.0,10.0,-10.0,3358.0,92.0,-92.0,0.38,0.012,-0.012,0.381,0.024,-0.034,0.10500000000000001,1.3e-05,10.0,0.012,0.012,0.029,0
LTT 9779 b,LTT 9779,1,4.72,0.23,-0.23,0.792052,9.3e-06,-9.3e-06,1978.0,19.0,-19.0,5443.0,14.0,-13.0,0.949,0.006,-0.006,1.02,0.02,-0.03,0.23,9.3e-06,19.0,0.006,0.006,0.025,0
MASCARA-1 b,MASCARA-1,1,17.90074218,0.20176165,-0.21297063,2.14877381,8.8e-07,-8.7e-07,2594.3,1.6,-1.5,7490.0,150.0,-150.0,2.082,0.022,-0.024,1.9,0.063,-0.068,0.20736613999999998,8.750000000000001e-07,1.55,0.023,0.023,0.0655,0
MASCARA-4 b,MASCARA-4,1,16.98160576,0.49319515,-0.49319515,2.8240932,4.6e-06,-4.6e-06,2250.0,62.0,-62.0,7800.0,200.0,-200.0,1.79,0.04,-0.04,1.75,0.05,-0.05,0.49319515,4.6e-06,62.0,0.04,0.04,0.05,0
NGTS-1 b,NGTS-1,1,14.90797,6.83749,-3.69897,2.647298,2e-05,-2e-05,790.0,20.0,-20.0,3916.0,71.0,-63.0,0.573,0.077,-0.077,0.617,0.023,-0.062,5.26823,2e-05,20.0,0.077,0.077,0.042499999999999996,0
NGTS-10 b,NGTS-10,1,13.506845,1.311453,-0.930347,0.7668944,3e-07,-3e-07,1332.0,49.0,-54.0,4600.0,150.0,-150.0,0.697,0.036,-0.036,0.696,0.04,-0.04,1.1209,3e-07,51.5,0.036,0.036,0.04,0
NGTS-11 b,NGTS-11,1,9.157753,0.313852,-0.358688,35.45533,0.00019,-0.00019,435.0,34.0,-32.0,5050.0,80.0,-80.0,0.832,0.013,-0.013,0.862,0.028,-0.028,0.33627,0.00019,33.0,0.013,0.013,0.028,0
NGTS-12 b,NGTS-12,1,11.747032,0.358688,-0.358688,7.532806,4.8e-05,-4.8e-05,1257.0,34.0,-34.0,5690.0,130.0,-130.0,1.589,0.04,-0.04,1.021,0.056,-0.049,0.358688,4.8e-05,34.0,0.04,0.04,0.052500000000000005,0
NGTS-13 b,NGTS-13,1,12.800678,0.515614,-0.515614,4.119027,2.3e-05,-2.3e-05,1605.0,30.0,-30.0,5819.0,73.0,-73.0,1.788,0.057,-0.057,1.3,0.11,-0.18,0.515614,2.3e-05,30.0,0.057,0.057,0.145,0
NGTS-14 A b,NGTS-14 A,1,4.976796,0.33627,-0.33627,3.5357173,6.9e-06,-6.9e-06,1143.0,139.0,-139.0,5187.0,11.0,-11.0,0.842,0.006,-0.006,0.898,0.035,-0.035,0.33627,6.9e-06,139.0,0.006,0.006,0.035,0
NGTS-15 b,NGTS-15,1,12.32987877,1.12089807,-1.12089807,3.27623,1e-05,-1e-05,1146.0,47.0,-47.0,5600.0,150.0,-150.0,0.954,0.082,-0.082,0.995,0.025,-0.025,1.12089807,1e-05,47.0,0.082,0.082,0.025,0
NGTS-16 b,NGTS-16,1,14.57167491,1.45716749,-1.34507768,4.84532,2e-05,-2e-05,1177.0,59.0,-59.0,5550.0,150.0,-150.0,1.213,0.11,-0.107,1.002,0.031,-0.031,1.401122585,2e-05,59.0,0.1085,0.1085,0.031,0
NGTS-17 b,NGTS-17,1,13.89913607,1.23298788,-1.23298788,3.24253,1e-05,-1e-05,1457.0,50.0,-50.0,5650.0,100.0,-100.0,1.337,0.125,-0.125,1.025,0.034,-0.033,1.23298788,1e-05,50.0,0.125,0.125,0.0335,0
NGTS-18 b,NGTS-18,1,13.56286665,2.01761653,-2.01761653,3.05125,1e-05,-1e-05,1381.0,55.0,-53.0,5610.0,150.0,-150.0,1.392,0.209,-0.209,1.003,0.03,-0.025,2.01761653,1e-05,54.0,0.209,0.209,0.0275,0
NGTS-2 b,NGTS-2,1,17.878355,0.526823,-0.504405,4.511164,6.1e-05,-6.1e-05,1468.0,45.0,-42.0,6478.0,94.0,-89.0,1.702,0.047,-0.044,1.64,0.19,-0.22,0.515614,6.1e-05,43.5,0.0455,0.0455,0.20500000000000002,0
NGTS-20 b,NGTS-20,1,11.99360935,0.44835923,-0.44835923,54.18915,0.00015,-0.00015,688.0,14.0,-13.0,5980.0,80.0,-80.0,1.78,0.05,-0.05,1.47,0.09,-0.09,0.44835923,0.00015,13.5,0.05,0.05,0.09,0
NGTS-21 b,NGTS-21,1,14.90794433,0.33626942,-0.33626942,1.5433897,1.6e-06,-1.6e-06,1357.0,15.0,-15.0,4660.0,41.0,-41.0,0.86,0.04,-0.04,0.72,0.04,-0.04,0.33626942,1.6e-06,15.0,0.04,0.04,0.04,0
NGTS-23 b,NGTS-23,1,14.20177855,0.33626942,-0.33626942,4.0764326,4.1e-06,-4.1e-06,1327.0,17.0,-16.0,6057.0,64.0,-64.0,1.24,0.03,-0.03,1.01,0.06,-0.07,0.33626942,4.1e-06,16.5,0.03,0.03,0.065,0
NGTS-24 b,NGTS-24,1,13.60770257,0.65012088,-0.6949568,3.4678796,7e-06,-7e-06,1499.0,41.0,-36.0,5820.0,93.0,-8.0,1.64,0.03,-0.09,1.26,0.05,-0.21,0.6725388400000001,7e-06,38.5,0.06,0.06,0.13,0
NGTS-25 b,NGTS-25,1,11.46678726,0.39231432,-0.582867,2.823093,3.3e-06,-3.3e-06,1101.0,15.0,-14.0,5321.0,58.0,-58.0,0.86,0.02,-0.05,0.91,0.03,-0.04,0.48759066,3.3e-06,14.5,0.035,0.035,0.035,0
NGTS-26 b,NGTS-26,1,14.88552637,0.66132986,-0.53803107,4.5199279,9e-06,-9.2e-06,1331.0,85.0,-72.0,5550.0,100.0,-100.0,1.16,0.05,-0.02,0.96,0.04,-0.03,0.599680465,9.100000000000001e-06,78.5,0.035,0.035,0.035,0
NGTS-27 b,NGTS-27,1,15.64773706,0.42594127,-0.39231432,3.3704181,5.9e-06,-5.7e-06,1783.0,104.0,-88.0,5700.0,80.0,-80.0,1.77,0.03,-0.03,1.07,0.06,-0.06,0.40912779499999996,5.8e-06,96.0,0.03,0.03,0.06,0
NGTS-30 b,NGTS-30,1,10.40193409,0.35868738,-0.35868738,98.29838,0.0001,-9e-05,500.0,55.0,-84.0,5455.0,80.0,-80.0,0.913,0.029,-0.029,0.94,0.06,-0.06,0.35868738,9.5e-05,69.5,0.029,0.029,0.06,0
NGTS-31 b,NGTS-31,1,18.04645893,1.79343691,-1.79343691,4.162734,4e-06,-4e-06,1410.0,20.0,-20.0,5710.0,70.0,-70.0,1.7,0.2,-0.21,0.96,0.11,-0.05,1.79343691,4e-06,20.0,0.20500000000000002,0.20500000000000002,0.08,0
NGTS-32 b,NGTS-32,1,15.91675259,0.33626942,-0.33626942,3.31211,2e-05,-2e-05,1750.0,20.0,-20.0,5680.0,60.0,-60.0,1.85,0.06,-0.05,1.07,0.06,-0.04,0.33626942,2e-05,20.0,0.055,0.055,0.05,0
NGTS-33 b,NGTS-33,1,18.38272835,0.78462865,-0.78462865,2.827972,1e-06,-1e-06,1991.0,21.0,-21.0,7437.0,72.0,-72.0,1.47,0.06,-0.06,1.6,0.11,-0.11,0.78462865,1e-06,21.0,0.06,0.06,0.11,0
NGTS-34 b,NGTS-34,1,3.65,0.22,-0.22,43.12655,0.00012,-0.00017,624.0,19.0,-16.0,6134.0,55.0,-50.0,1.367,0.061,-0.061,1.266,0.063,-0.081,0.22,0.000145,17.5,0.061,0.061,0.07200000000000001,0
NGTS-35 b,NGTS-35,1,10.9,0.65,-0.65,25.241192,2.2e-05,-2.2e-05,451.0,11.0,-10.0,4717.0,18.0,-84.0,0.753,0.051,-0.033,0.789,0.035,-0.048,0.65,2.2e-05,10.5,0.041999999999999996,0.041999999999999996,0.0415,0
NGTS-4 b,NGTS-4,1,3.18,0.26,-0.26,1.3373508,8e-06,-8e-06,1650.0,400.0,-400.0,5143.0,100.0,-100.0,0.84,0.01,-0.01,0.75,0.02,-0.02,0.26,8e-06,400.0,0.01,0.01,0.02,0
NGTS-5 b,NGTS-5,1,12.733424,0.257807,-0.257807,3.3569866,2.6e-06,-2.6e-06,952.0,24.0,-24.0,4987.0,41.0,-41.0,0.739,0.014,-0.012,0.661,0.068,-0.061,0.257807,2.6e-06,24.0,0.013000000000000001,0.013000000000000001,0.0645,0
NGTS-6 b,NGTS-6,1,14.863134,1.087273,-1.255408,0.882059,8e-07,-8e-07,1283.9,12.49,-12.14,4730.0,44.0,-40.0,0.754,0.013,-0.013,0.767,0.025,-0.025,1.1713405,8e-07,12.315000000000001,0.013,0.013,0.025,0
NGTS-8 b,NGTS-8,1,12.21781,0.33627,-0.33627,2.4997,1e-05,-1e-05,1345.0,19.0,-19.0,5241.0,50.0,-50.0,0.98,0.02,-0.02,0.89,0.05,-0.04,0.33627,1e-05,19.0,0.02,0.02,0.045,0
NGTS-9 b,NGTS-9,1,11.99363,0.67254,-0.67254,4.43527,2e-05,-2e-05,1448.0,36.0,-36.0,6330.0,130.0,-130.0,1.38,0.04,-0.04,1.34,0.05,-0.05,0.67254,2e-05,36.0,0.04,0.04,0.05,0
OGLE-TR-132 b,OGLE-TR-132,1,13.45,1.68,-1.23,1.689868,,,2013.0,77.0,-108.0,6210.0,75.0,-75.0,1.32,0.17,-0.12,1.305,0.075,-0.067,1.455,0.0,92.5,0.14500000000000002,0.14500000000000002,0.07100000000000001,0
OGLE-TR-56 b,OGLE-TR-56,1,15.278,1.031,-1.009,1.2119189,,,2212.0,61.0,-63.0,6050.0,100.0,-100.0,1.363,0.089,-0.086,1.228,0.072,-0.078,1.02,0.0,62.0,0.0875,0.0875,0.075,0
PH1 b,PH1,1,6.18,0.17,-0.17,138.317,0.04,-0.027,481.0,18.0,-18.0,6407.0,150.0,-150.0,1.734,0.044,-0.044,1.528,0.087,-0.087,0.17,0.0335,18.0,0.044,0.044,0.087,0
PH2 b,PH2,1,9.33708092,0.2914335,-0.26901554,282.52542,0.00011,-0.00011,295.1,5.0,-4.5,5734.0,84.0,-82.0,0.949,0.028,-0.027,0.966,0.05,-0.056,0.28022452,0.00011,4.75,0.0275,0.0275,0.053000000000000005,0
Qatar-1 b,Qatar-1,1,12.811887,0.291434,-0.280225,1.4200242,2.2e-07,-2.2e-07,1418.0,28.0,-27.0,5013.0,93.0,-88.0,0.803,0.016,-0.016,0.838,0.043,-0.041,0.2858295,2.2e-07,27.5,0.016,0.016,0.041999999999999996,0
Qatar-10 b,Qatar-10,1,17.295487,0.44836,-0.44836,1.645321,1e-05,-1e-05,1955.0,25.0,-25.0,6124.0,46.0,-46.0,1.254,0.026,-0.026,1.156,0.068,-0.068,0.44836,1e-05,25.0,0.026,0.026,0.068,0
Qatar-2 b,Qatar-2,1,14.056,0.146,-0.146,1.33711647,2.6e-07,-2.6e-07,1344.0,14.0,-14.0,4645.0,50.0,-50.0,0.776,0.008,-0.008,0.743,0.021,-0.021,0.146,2.6e-07,14.0,0.008,0.008,0.021,0
Qatar-3 b,Qatar-3,1,12.285064,1.56926,-1.56926,2.5079204,,,1681.0,84.0,-84.0,6007.0,52.0,-52.0,1.272,0.14,-0.14,1.145,0.064,-0.064,1.56926,0.0,84.0,0.14,0.14,0.064,0
Qatar-4 b,Qatar-4,1,12.722215,1.23299,-1.23299,1.8053564,,,1385.0,48.0,-48.0,5215.0,50.0,-50.0,0.849,0.063,-0.063,0.896,0.048,-0.048,1.23299,0.0,48.0,0.063,0.063,0.048,0
Qatar-5 b,Qatar-5,1,12.408363,0.717376,-0.717376,2.8792319,,,1415.0,31.0,-31.0,5747.0,49.0,-49.0,1.076,0.051,-0.051,1.128,0.056,-0.056,0.717376,0.0,31.0,0.051,0.051,0.056,0
Qatar-6 b,Qatar-6,1,11.903958,0.795839,-0.795839,3.506195,1.8e-05,-1.8e-05,1006.0,18.0,-18.0,5052.0,66.0,-66.0,0.722,0.02,-0.02,0.822,0.021,-0.021,0.795839,1.8e-05,18.0,0.02,0.02,0.021,0
Qatar-7 b,Qatar-7,1,19.0553,0.33627,-0.33627,2.032046,9.7e-06,-1.4e-05,2053.0,15.0,-15.0,6387.0,38.0,-38.0,1.564,0.021,-0.021,1.409,0.026,-0.026,0.33627,1.185e-05,15.0,0.021,0.021,0.026,0
Qatar-8 b,Qatar-8,1,14.403565,0.246598,-0.246598,3.71495,0.001,-0.001,1457.0,14.0,-14.0,5738.0,51.0,-51.0,1.315,0.02,-0.02,1.029,0.051,-0.051,0.246598,0.001,14.0,0.02,0.02,0.051,0
Qatar-9 b,Qatar-9,1,11.309881,0.156926,-0.156926,1.540731,3.8e-05,-3.8e-05,1134.0,9.0,-9.0,4309.0,31.0,-31.0,0.696,0.008,-0.008,0.719,0.024,-0.024,0.156926,3.8e-05,9.0,0.008,0.008,0.024,0
Ross 176 b,Ross 176,1,1.84,0.08,-0.08,5.0066338,8e-06,-7e-06,682.0,7.0,-8.0,4041.0,69.0,-69.0,0.569,0.02,-0.02,0.577,0.024,-0.024,0.08,7.499999999999999e-06,7.5,0.02,0.02,0.024,0
SPECULOOS-3 b,SPECULOOS-3,1,0.977,0.022,-0.022,0.71912603,5.7e-07,-5.7e-07,553.0,8.0,-8.0,2800.0,29.0,-29.0,0.123,0.0022,-0.0022,0.1009,0.0024,-0.0024,0.022,5.7e-07,8.0,0.0022,0.0022,0.0024,0
TIC 139270665 b,TIC 139270665,1,7.22979255,0.26901554,-0.24659758,23.624,0.03,-0.031,703.0,14.0,-11.0,5844.0,84.0,-82.0,1.016,0.035,-0.031,1.035,0.052,-0.062,0.25780656,0.0305,12.5,0.033,0.033,0.056999999999999995,0
TIC 237913194 b,TIC 237913194,1,12.520453,0.605286,-0.526823,15.168865,1.8e-05,-1.8e-05,974.0,,,5788.0,80.0,-80.0,1.088,0.012,-0.012,1.026,0.057,-0.055,0.5660545,1.8e-05,0.0,0.012,0.012,0.056,0
TIC 257060897 b,TIC 257060897,1,17.26183028,0.48198617,-0.50440413,3.66003639,9.9e-07,-9.8e-07,1775.0,22.0,-25.0,5993.0,89.0,-83.0,1.863,0.05,-0.054,1.187,0.11,-0.058,0.49319514999999997,9.849999999999999e-07,23.5,0.052000000000000005,0.052000000000000005,0.084,0
TIC 393818343 b,TIC 393818343,1,12.18416202,0.25780656,-0.23538859,16.24921,0.0001,-0.00011,805.5,9.6,-9.4,5756.0,67.0,-66.0,1.086,0.02,-0.02,1.082,0.055,-0.056,0.246597575,0.000105,9.5,0.02,0.02,0.0555,0
TIC 434398831 b,TIC 434398831,1,3.51,0.22,-0.21,3.685504,1.2e-05,-1.1e-05,1250.0,11.0,-11.0,5638.0,50.0,-50.0,0.909,0.048,-0.048,0.992,0.014,-0.018,0.215,1.15e-05,11.0,0.048,0.048,0.016,0
TIC 434398831 c,TIC 434398831,1,5.63,0.29,-0.28,6.210291,1.3e-05,-2e-05,1050.0,10.0,-10.0,5638.0,50.0,-50.0,0.909,0.048,-0.048,0.992,0.014,-0.018,0.28500000000000003,1.65e-05,10.0,0.048,0.048,0.016,0
TIC 46432937 b,TIC 46432937,1,13.31626907,0.33626942,-0.33626942,1.44044527,8.7e-08,-8.7e-08,872.0,14.0,-14.0,3572.0,57.0,-57.0,0.5299,0.0091,-0.0091,0.563,0.029,-0.029,0.33626942,8.7e-08,14.0,0.0091,0.0091,0.029,0
TIC 4672985 b,TIC 4672985,1,11.5004142,0.75100171,-0.72858375,69.048,0.0004,-0.0005,517.2,11.3,-11.2,5757.0,72.0,-65.0,1.15,0.01,-0.01,1.01,0.03,-0.03,0.73979273,0.00045,11.25,0.01,0.01,0.03,0
TIC 88785435 b,TIC 88785435,1,5.03,0.21,-0.2,10.508843,3.7e-05,-3.4e-05,635.0,16.0,-16.0,3998.0,95.0,-95.0,0.911,0.038,-0.038,0.724,0.017,-0.017,0.20500000000000002,3.5499999999999996e-05,16.0,0.038,0.038,0.017,0
TOI-1052 b,TOI-1052,1,2.87,0.29,-0.24,9.139703,0.00019,-0.000197,1135.0,,,6146.0,62.0,-62.0,1.264,0.033,-0.033,1.204,0.025,-0.025,0.265,0.0001935,0.0,0.033,0.033,0.025,0
TOI-1062 b,TOI-1062,1,2.265,0.096,-0.091,4.11296,0.0015,-0.0015,1077.0,10.0,-9.0,5328.0,56.0,-56.0,0.84,0.09,-0.09,0.94,0.02,-0.02,0.0935,0.0015,9.5,0.09,0.09,0.02,0
TOI-1064 b,TOI-1064,1,2.587,0.043,-0.042,6.443868,2.5e-05,-2.5e-05,784.0,13.0,-13.0,4734.0,67.0,-67.0,0.726,0.007,-0.007,0.748,0.032,-0.032,0.042499999999999996,2.5e-05,13.0,0.007,0.007,0.032,0
TOI-1064 c,TOI-1064,1,2.651,0.043,-0.042,12.226574,4.6e-05,-4.3e-05,634.0,10.0,-10.0,4734.0,67.0,-67.0,0.726,0.007,-0.007,0.748,0.032,-0.032,0.042499999999999996,4.45e-05,10.0,0.007,0.007,0.032,0
TOI-1075 b,TOI-1075,1,1.791,0.116,-0.081,0.6047328,3.2e-06,-3.2e-06,1323.0,44.0,-44.0,3875.0,75.0,-75.0,0.581,0.024,-0.024,0.604,0.03,-0.03,0.0985,3.2e-06,44.0,0.024,0.024,0.03,0
TOI-1080 b,TOI-1080,1,1.2,0.058,-0.058,3.9652482,1.4e-06,-1.5e-06,368.0,12.0,-10.0,3065.0,50.0,-50.0,0.2019,0.0075,-0.0075,0.1667,0.0041,-0.0041,0.058,1.45e-06,11.0,0.0075,0.0075,0.0041,0
TOI-1107 b,TOI-1107,1,14.57167491,0.56044903,-0.56044903,4.0782387,2.4e-06,-2.5e-06,1728.0,27.0,-27.0,6311.0,98.0,-98.0,1.81,0.06,-0.06,1.35,0.08,-0.08,0.56044903,2.4500000000000003e-06,27.0,0.06,0.06,0.08,0
TOI-1117 b,TOI-1117,1,2.46,0.13,-0.12,2.22816,1e-05,-1e-05,1538.0,21.0,-21.0,5635.0,62.0,-62.0,1.05,0.03,-0.03,0.97,0.02,-0.02,0.125,1e-05,21.0,0.03,0.03,0.02,0
TOI-1130 b,TOI-1130,1,3.66,0.03,-0.04,4.074554,1e-06,-0.000441,825.0,23.0,-23.0,4360.0,108.0,-108.0,0.697,0.005,-0.004,0.745,0.007,-0.009,0.035,0.000221,23.0,0.0045000000000000005,0.0045000000000000005,0.008,0
TOI-1130 c,TOI-1130,1,13.0,0.4,-0.4,8.3501898,9.38e-05,-1e-06,650.0,18.0,-18.0,4360.0,108.0,-108.0,0.697,0.005,-0.004,0.745,0.007,-0.009,0.4,4.74e-05,18.0,0.0045000000000000005,0.0045000000000000005,0.008,0
TOI-1135 b,TOI-1135,1,9.91994792,0.31385146,-0.31385146,8.0277327,1.9e-06,-1.8e-06,1171.0,25.0,-25.0,6320.0,120.0,-120.0,1.202,0.037,-0.037,1.119,0.069,-0.069,0.31385146,1.85e-06,25.0,0.037,0.037,0.069,0
TOI-1173 b,TOI-1173,1,9.19,0.18,-0.18,7.06466,0.00028,-0.00029,868.0,11.0,-11.0,5350.0,34.0,-34.0,0.934,0.011,-0.011,0.911,0.028,-0.03,0.18,0.000285,11.0,0.011,0.011,0.028999999999999998,0
TOI-1194 b,TOI-1194,1,8.71664516,0.15541841,-0.14858263,2.3106446,5.4e-07,-5.4e-07,1264.29,19.45,-18.73,5394.0,65.0,-63.0,0.9608,0.0158,-0.015,0.9835,0.0298,-0.029,0.15200052,5.4e-07,19.09,0.0154,0.0154,0.029400000000000003,0
TOI-1199 b,TOI-1199,1,10.5140239,0.28022452,-0.28022452,3.671463,3e-06,-3e-06,1486.0,20.0,-20.0,5710.0,40.0,-40.0,1.45,0.03,-0.03,1.23,0.07,-0.07,0.28022452,3e-06,20.0,0.03,0.03,0.07,0
TOI-1201 b,TOI-1201,1,2.415,0.091,-0.09,2.4919863,3e-06,-3.1e-06,703.0,15.0,-14.0,3476.0,51.0,-51.0,0.508,0.016,-0.016,0.512,0.02,-0.02,0.0905,3.05e-06,14.5,0.016,0.016,0.02,0
TOI-1203 b,TOI-1203,1,1.52,0.045,-0.046,4.1572888,5e-06,-4.9e-06,1361.2,18.8,-18.4,5737.0,62.0,-62.0,1.179,0.011,-0.011,0.886,0.036,-0.036,0.0455,4.95e-06,18.6,0.011,0.011,0.036,0
TOI-1203.01,TOI-1203,1,2.918,0.046,-0.045,25.502672,3.1e-05,-2.8e-05,743.6,10.3,-10.1,5737.0,62.0,-62.0,1.179,0.011,-0.011,0.886,0.036,-0.036,0.0455,2.95e-05,10.2,0.011,0.011,0.036,0
TOI-122 b,TOI-122,1,2.72,0.18,-0.18,5.07803,1.5e-05,-1.5e-05,471.0,,,3403.0,100.0,-100.0,0.334,0.01,-0.01,0.312,0.007,-0.007,0.18,1.5e-05,0.0,0.01,0.01,0.007,0
TOI-1221 b,TOI-1221,1,2.91,0.13,-0.12,91.68278,0.00032,-0.00041,440.0,60.0,-60.0,5592.0,50.0,-50.0,1.031,0.022,-0.022,0.93,0.22,-0.22,0.125,0.000365,60.0,0.022,0.022,0.22,0
TOI-1224 b,TOI-1224,1,2.104,0.094,-0.091,4.1782745,2.2e-06,-2.1e-06,541.0,26.0,-14.0,3326.0,66.0,-66.0,0.404,0.012,-0.012,0.4,0.01,-0.01,0.0925,2.1499999999999997e-06,20.0,0.012,0.012,0.01,0
TOI-1231 b,TOI-1231,1,3.65,0.16,-0.15,24.245586,6.4e-05,-6.6e-05,329.6,3.8,-3.7,3553.0,51.0,-52.0,0.476,0.015,-0.014,0.485,0.024,-0.024,0.155,6.500000000000001e-05,3.75,0.014499999999999999,0.014499999999999999,0.024,0
TOI-1238 b,TOI-1238,1,1.21,0.11,-0.1,0.764597,1.3e-05,-1.1e-05,1133.0,168.0,-168.0,4089.0,54.0,-54.0,0.58,0.02,-0.02,0.59,0.02,-0.02,0.10500000000000001,1.2e-05,168.0,0.02,0.02,0.02,0
TOI-1238 c,TOI-1238,1,2.11,0.14,-0.14,3.294736,3.4e-05,-3.6e-05,695.0,105.0,-105.0,4089.0,54.0,-54.0,0.58,0.02,-0.02,0.59,0.02,-0.02,0.14,3.5e-05,105.0,0.02,0.02,0.02,0
TOI-1243 b,TOI-1243,1,2.33,0.12,-0.12,4.6594779,4.2e-06,-4.5e-06,450.0,22.0,-19.0,3515.0,79.0,-79.0,0.511,0.024,-0.024,0.515,0.027,-0.027,0.12,4.35e-06,20.5,0.024,0.024,0.027,0
TOI-1246 b,TOI-1246,1,3.01,0.06,-0.06,4.30744,2e-05,-2e-05,955.0,,,5151.0,100.0,-100.0,0.86,0.05,-0.05,0.87,0.03,-0.03,0.06,2e-05,0.0,0.05,0.05,0.03,0
TOI-1246 c,TOI-1246,1,2.45109846,0.13824169,-0.08751012,5.904137,1.4e-05,-1.4e-05,862.49,15.71,-14.98,5213.0,71.0,-67.0,0.8649,0.0187,-0.0177,0.8889,0.0303,-0.0302,0.112875905,1.4e-05,15.345,0.0182,0.0182,0.03025,0
TOI-1246 d,TOI-1246,1,3.43139739,0.14960553,-0.11612674,18.654874,5.5e-05,-5.5e-05,587.77,10.71,-10.21,5213.0,71.0,-67.0,0.8649,0.0187,-0.0177,0.8889,0.0303,-0.0302,0.132866135,5.5e-05,10.46,0.0182,0.0182,0.03025,0
TOI-1246 e,TOI-1246,1,3.5141875,0.26911442,-0.18217943,37.92548,0.00016,-0.00016,463.98,8.45,-8.06,5213.0,71.0,-67.0,0.8649,0.0187,-0.0177,0.8889,0.0303,-0.0302,0.225646925,0.00016,8.254999999999999,0.0182,0.0182,0.03025,0
TOI-1248 b,TOI-1248,1,6.8084859,0.116716,-0.12027714,4.3601561,1.1e-06,-1.1e-06,952.09,13.52,-14.34,5205.0,56.0,-62.0,0.8686,0.0133,-0.0134,0.9042,0.0273,-0.0275,0.11849657,1.1e-06,13.93,0.01335,0.01335,0.0274,0
TOI-1249 b,TOI-1249,1,3.2710301,0.30687428,-0.18737301,13.079151,5.4e-05,-5.4e-05,726.89,11.82,-11.39,5497.0,69.0,-67.0,0.9785,0.0175,-0.0164,1.0062,0.0318,-0.0318,0.247123645,5.4e-05,11.605,0.01695,0.01695,0.0318,0
TOI-125 b,TOI-125,1,2.726,0.075,-0.075,4.65382,0.00033,-0.00031,1037.0,11.0,-11.0,5320.0,39.0,-39.0,0.848,0.011,-0.011,0.859,0.044,-0.038,0.075,0.00031999999999999997,11.0,0.011,0.011,0.040999999999999995,0
TOI-125 c,TOI-125,1,2.759,0.1,-0.1,9.15059,0.0007,-0.00082,827.8,8.6,-8.6,5320.0,39.0,-39.0,0.848,0.011,-0.011,0.859,0.044,-0.038,0.1,0.00076,8.6,0.011,0.011,0.040999999999999995,0
TOI-125 d,TOI-125,1,2.93,0.17,-0.17,19.98,0.005,-0.0056,638.1,6.6,-6.6,5320.0,39.0,-39.0,0.848,0.011,-0.011,0.859,0.044,-0.038,0.17,0.0053,6.6,0.011,0.011,0.040999999999999995,0
TOI-1259 A b,TOI-1259 A,1,11.45557828,0.33626942,-0.30264248,3.477978,1.9e-06,-1.7e-06,963.0,21.0,-21.0,4775.0,100.0,-100.0,0.711,0.02,-0.019,0.744,0.064,-0.059,0.31945595,1.8000000000000001e-06,21.0,0.0195,0.0195,0.0615,0
TOI-1260 b,TOI-1260,1,2.41,0.05,-0.05,3.127463,5e-06,-5e-06,871.0,24.0,-24.0,4227.0,85.0,-85.0,0.672,0.01,-0.01,0.679,0.095,-0.057,0.05,5e-06,24.0,0.01,0.01,0.076,0
TOI-1260 c,TOI-1260,1,2.76,0.07,-0.07,7.493134,2e-05,-2e-05,651.0,18.0,-18.0,4227.0,85.0,-85.0,0.672,0.01,-0.01,0.679,0.095,-0.057,0.07,2e-05,18.0,0.01,0.01,0.076,0
TOI-1260 d,TOI-1260,1,3.12,0.08,-0.08,16.608164,8.3e-05,-8.3e-05,499.0,14.0,-14.0,4227.0,85.0,-85.0,0.672,0.01,-0.01,0.679,0.095,-0.057,0.08,8.3e-05,14.0,0.01,0.01,0.076,0
TOI-1266 b,TOI-1266,1,2.52,0.08,-0.08,10.8945,0.00023,-0.00026,415.0,7.0,-7.0,3563.0,77.0,-77.0,0.4232,0.0077,-0.0079,0.437,0.021,-0.021,0.08,0.000245,7.0,0.0078000000000000005,0.0078000000000000005,0.021,0
TOI-1266 c,TOI-1266,1,1.98,0.1,-0.1,18.8027,0.00126,-0.00116,346.0,6.0,-6.0,3563.0,77.0,-77.0,0.4232,0.0077,-0.0079,0.437,0.021,-0.021,0.1,0.0012100000000000001,6.0,0.0078000000000000005,0.0078000000000000005,0.021,0
TOI-1268 b,TOI-1268,1,9.1,0.6,-0.6,8.1577094,4.5e-06,-4.5e-06,918.9,29.9,-30.7,5300.0,100.0,-100.0,0.92,0.06,-0.06,0.96,0.04,-0.04,0.6,4.5e-06,30.299999999999997,0.06,0.06,0.04,0
TOI-1269 b,TOI-1269,1,2.40144286,0.15036543,-0.0739539,4.2529913,6.8e-06,-6.8e-06,1004.9,15.06,-14.31,5499.0,63.0,-60.0,0.8521,0.0144,-0.0131,0.9027,0.0249,-0.0262,0.11215966499999999,6.8e-06,14.685,0.01375,0.01375,0.02555,0
TOI-1272 b,TOI-1272,1,4.13204907,0.2262768,-0.15125906,3.31599,1.8e-05,-1.8e-05,975.0,12.2,-11.69,5065.0,52.0,-50.0,0.7934,0.0102,-0.0096,0.8772,0.0145,-0.0164,0.18876793,1.8e-05,11.945,0.009899999999999999,0.009899999999999999,0.015450000000000002,0
TOI-1273 b,TOI-1273,1,11.09689089,2.46597575,-2.46597575,4.631296,3e-06,-3e-06,1211.0,15.0,-15.0,5690.0,40.0,-40.0,1.06,0.02,-0.02,1.06,0.06,-0.06,2.46597575,3e-06,15.0,0.02,0.02,0.06,0
TOI-1279 b,TOI-1279,1,2.66146528,0.13795921,-0.10646515,9.61419,4e-05,-4e-05,759.0,11.8,-11.66,5457.0,67.0,-68.0,0.8426,0.0138,-0.0128,0.8784,0.0267,-0.0253,0.12221218,4e-05,11.73,0.0133,0.0133,0.026000000000000002,0
TOI-128.01,TOI-128,1,2.21898,0.10878,-0.10878,4.9404681,,,1344.51,,,6086.0,,,1.13,,,0.851969,,,0.10878,0.0,0.0,0.0,0.0,0.0,0
TOI-1288 b,TOI-1288,1,4.96846551,0.10805813,-0.1000743,2.6998279,4.9e-06,-4.9e-06,1203.44,19.66,-19.21,5388.0,68.0,-66.0,0.9583,0.0166,-0.0167,0.9552,0.0319,-0.0304,0.104066215,4.9e-06,19.435000000000002,0.016649999999999998,0.016649999999999998,0.031149999999999997,0
TOI-1294 b,TOI-1294,1,10.12369881,0.23643767,-0.22090361,3.915292,1.5e-05,-1.5e-05,1392.74,23.26,-24.6,5718.0,58.0,-78.0,1.5566,0.0297,-0.0266,1.1578,0.0638,-0.0508,0.22867063999999998,1.5e-05,23.93,0.02815,0.02815,0.0573,0
TOI-1295 b,TOI-1295,1,15.69257298,0.89671846,-0.89671846,3.1968838,5e-07,-5e-07,2360.0,50.0,-50.0,6280.0,50.0,-50.0,1.7,0.03,-0.03,1.38,0.08,-0.08,0.89671846,5e-07,50.0,0.03,0.03,0.08,0
TOI-1296 b,TOI-1296,1,14.11645916,0.28454324,-0.26287755,3.9443736,1.6e-06,-1.6e-06,1414.84,24.69,-22.77,5567.0,78.0,-72.0,1.7031,0.033,-0.0303,1.1576,0.0277,-0.0227,0.273710395,1.6e-06,23.73,0.03165,0.03165,0.0252,0
TOI-1298 b,TOI-1298,1,9.65807033,0.19896656,-0.17319735,4.537143,3e-06,-3e-06,1278.0,19.95,-26.28,5752.0,69.0,-99.0,1.4536,0.0275,-0.0239,1.2187,0.0246,-0.0568,0.186081955,3e-06,23.115000000000002,0.0257,0.0257,0.0407,0
TOI-132 b,TOI-132,1,3.42,0.13,-0.14,2.1097019,1.2e-05,-1.1e-05,1395.0,52.0,-72.0,5397.0,46.0,-46.0,0.9,0.02,-0.02,0.97,0.06,-0.06,0.135,1.15e-05,62.0,0.02,0.02,0.06,0
TOI-1333 b,TOI-1333,1,15.647764,0.627704,-0.605286,4.720219,1.1e-05,-1.1e-05,1679.0,35.0,-34.0,6274.0,97.0,-97.0,1.925,0.064,-0.063,1.464,0.076,-0.079,0.616495,1.1e-05,34.5,0.0635,0.0635,0.0775,0
TOI-1346 b,TOI-1346,1,2.39,0.16,-0.16,1.7622538,4.7e-06,-4.6e-06,1324.0,,,5099.0,50.0,-50.0,0.78,0.05,-0.05,0.82,0.1,-0.1,0.16,4.6499999999999995e-06,0.0,0.05,0.05,0.1,0
TOI-1346 c,TOI-1346,1,2.23,0.14,-0.14,5.502558,1.5e-05,-1.5e-05,928.0,,,5099.0,50.0,-50.0,0.78,0.05,-0.05,0.82,0.1,-0.1,0.14,1.5e-05,0.0,0.05,0.05,0.1,0
TOI-1347 b,TOI-1347,1,1.8,0.1,-0.1,0.84742346,6.1e-07,-6.1e-07,1400.0,40.0,-40.0,5464.0,100.0,-100.0,0.83,0.03,-0.03,0.913,0.033,-0.033,0.1,6.1e-07,40.0,0.03,0.03,0.033,0
TOI-1347 c,TOI-1347,1,1.6,0.1,-0.1,4.841962,1.2e-05,-1.2e-05,1000.0,25.0,-25.0,5464.0,100.0,-100.0,0.83,0.03,-0.03,0.913,0.033,-0.033,0.1,1.2e-05,25.0,0.03,0.03,0.033,0
TOI-1386 b,TOI-1386,1,6.2163865,0.20643815,-0.1695697,25.8401,0.0031,-0.0031,615.03,10.3,-10.24,5735.0,75.0,-77.0,1.0235,0.018,-0.0167,1.0363,0.0349,-0.0352,0.188003925,0.0031,10.27,0.017349999999999997,0.017349999999999997,0.03505,0
TOI-139 b,TOI-139,1,2.4566,0.2122,-0.1245,11.07085,2.4e-05,-3e-05,561.17,,,4570.0,50.0,-50.0,0.7007,0.0575,-0.0575,0.69,0.0852,-0.0852,0.16835,2.7e-05,0.0,0.0575,0.0575,0.0852,0
TOI-1410.01,TOI-1410,1,3.10083009,0.22026793,-0.1612362,1.21687,3e-05,-3e-05,1236.7,24.72,-22.18,4635.0,52.0,-52.0,0.7558,0.024,-0.02,0.7941,0.0209,-0.0225,0.190752065,3e-05,23.45,0.022,0.022,0.021699999999999997,0
TOI-1411 b,TOI-1411,1,1.19880592,0.04935874,-0.04474058,1.4520527,1.7e-06,-1.7e-06,976.4,18.2,-17.55,4115.0,42.0,-45.0,0.614,0.0185,-0.0169,0.6045,0.0148,-0.0129,0.04704966,1.7e-06,17.875,0.0177,0.0177,0.013850000000000001,0
TOI-1416 b,TOI-1416,1,1.62,0.08,-0.08,1.0697568,2.8e-06,-2.8e-06,1517.0,39.0,-39.0,4884.0,70.0,-70.0,0.793,0.036,-0.028,0.798,0.035,-0.044,0.08,2.8e-06,39.0,0.032,0.032,0.0395,0
TOI-1420 b,TOI-1420,1,11.89,0.33,-0.33,6.9561063,1.7e-06,-1.7e-06,957.0,17.0,-17.0,5510.0,110.0,-110.0,0.923,0.024,-0.024,0.987,0.048,-0.048,0.33,1.7e-06,17.0,0.024,0.024,0.048,0
TOI-1431 b,TOI-1431,1,16.70138124,0.56044903,-0.56044903,2.650237,3e-06,-3e-06,2370.0,70.0,-70.0,7690.0,400.0,-250.0,1.92,0.07,-0.07,1.9,0.1,-0.08,0.56044903,3e-06,70.0,0.07,0.07,0.09,0
TOI-1438 b,TOI-1438,1,3.04,0.19,-0.19,5.13967,3e-06,-3e-06,971.0,11.0,-11.0,5230.0,60.0,-60.0,0.82,0.017,-0.017,0.876,0.038,-0.038,0.19,3e-06,11.0,0.017,0.017,0.038,0
TOI-1438 c,TOI-1438,1,2.75,0.14,-0.14,9.428089,1e-06,-1e-06,794.0,9.0,-9.0,5230.0,60.0,-60.0,0.82,0.017,-0.017,0.876,0.038,-0.038,0.14,1e-06,9.0,0.017,0.017,0.038,0
TOI-1439 b,TOI-1439,1,4.2427861,0.23014642,-0.16769357,27.644,0.00012,-0.00012,748.4,10.93,-13.14,5841.0,63.0,-65.0,1.6184,0.0278,-0.0283,1.2313,0.0351,-0.0773,0.198919995,0.00012,12.035,0.02805,0.02805,0.0562,0
TOI-1442 b,TOI-1442,1,1.17,0.06,-0.06,0.4090677,3e-07,-3e-07,1072.0,54.0,-54.0,3330.0,160.0,-160.0,0.31,0.01,-0.01,0.29,0.02,-0.02,0.06,3e-07,54.0,0.01,0.01,0.02,0
TOI-1443 b,TOI-1443,1,2.30381001,0.12697832,-0.10061016,23.540678,5.8e-05,-5.8e-05,520.66,13.62,-11.61,5224.0,59.0,-58.0,0.7511,0.0346,-0.0277,0.7663,0.0234,-0.0272,0.11379424,5.8e-05,12.614999999999998,0.031149999999999997,0.031149999999999997,0.0253,0
TOI-1444 b,TOI-1444,1,1.41792246,0.0467336,-0.04107268,0.4702743,1.1e-06,-1.1e-06,2130.02,33.47,-33.17,5460.0,66.0,-66.0,0.9105,0.0154,-0.0146,0.9513,0.0299,-0.0321,0.04390314,1.1e-06,33.32,0.015,0.015,0.031,0
TOI-1448 b,TOI-1448,1,2.749,0.067,-0.063,8.112245,1.8e-05,-1.8e-05,426.0,6.0,-6.0,3412.0,28.0,-32.0,0.38,0.007,-0.007,0.372,0.009,-0.009,0.065,1.8e-05,6.0,0.007,0.007,0.009,0
TOI-1450 A b,TOI-1450 A,1,1.13,0.043,-0.043,2.0439274,1e-06,-1e-06,722.0,35.0,-35.0,3437.0,86.0,-86.0,0.483,0.025,-0.025,0.48,0.024,-0.024,0.043,1e-06,35.0,0.025,0.025,0.024,0
TOI-1451 b,TOI-1451,1,2.61143902,0.13407193,-0.10283772,16.537944,4.5e-05,-4.5e-05,723.33,12.39,-12.2,5801.0,77.0,-78.0,1.0162,0.0181,-0.0172,1.0022,0.0364,-0.034,0.118454825,4.5e-05,12.295,0.01765,0.01765,0.0352,0
TOI-1452 b,TOI-1452,1,1.672,0.071,-0.071,11.06201,2e-05,-2e-05,326.0,7.0,-7.0,3185.0,50.0,-50.0,0.275,0.009,-0.009,0.249,0.008,-0.008,0.071,2e-05,7.0,0.009,0.009,0.008,0
TOI-1453 b,TOI-1453,1,1.173,0.059,-0.056,4.3135225,1.18e-05,-9.2e-06,944.2,17.8,-17.8,4975.0,68.0,-68.0,0.72,0.029,-0.029,0.715,0.035,-0.035,0.057499999999999996,1.0500000000000001e-05,17.8,0.029,0.029,0.035,0
TOI-1453 c,TOI-1453,1,2.224,0.095,-0.095,6.5886982,4.1e-06,-4.1e-06,819.8,15.6,-15.6,4975.0,68.0,-68.0,0.72,0.029,-0.029,0.715,0.035,-0.035,0.095,4.1e-06,15.6,0.029,0.029,0.035,0
TOI-1468 b,TOI-1468,1,1.401,0.059,-0.06,1.8805201,2.5e-06,-3e-06,683.5,6.3,-6.2,3376.0,45.0,-44.0,0.3714,0.01,-0.01,0.3527,0.0081,-0.0079,0.0595,2.75e-06,6.25,0.01,0.01,0.008,0
TOI-1468 c,TOI-1468,1,2.126,0.092,-0.093,15.532477,2.5e-05,-2.6e-05,338.1,3.1,-3.1,3376.0,45.0,-44.0,0.3714,0.01,-0.01,0.3527,0.0081,-0.0079,0.0925,2.55e-05,3.1,0.01,0.01,0.008,0
TOI-1470 b,TOI-1470,1,2.18,0.04,-0.04,2.527093,4e-06,-3e-06,734.0,,,3709.0,11.0,-11.0,0.469,0.003,-0.003,0.471,0.011,-0.011,0.04,3.5e-06,0.0,0.003,0.003,0.011,0
TOI-1470 c,TOI-1470,1,2.47,0.02,-0.02,18.08816,6e-05,-8e-05,373.0,,,3709.0,11.0,-11.0,0.469,0.003,-0.003,0.471,0.011,-0.011,0.02,7.000000000000001e-05,0.0,0.003,0.003,0.011,0
TOI-1472 b,TOI-1472,1,4.058,0.098,-0.098,6.36338574,1.1e-07,-1.1e-07,891.0,20.0,-20.0,5100.0,50.0,-50.0,0.84,0.02,-0.02,0.87,0.06,-0.06,0.098,1.1e-07,20.0,0.02,0.02,0.06,0
TOI-1472 c,TOI-1472,1,3.334,0.08,-0.08,15.5381747,3.1e-06,-3.1e-06,662.0,13.0,-13.0,5100.0,50.0,-50.0,0.84,0.02,-0.02,0.87,0.06,-0.06,0.08,3.1e-06,13.0,0.02,0.02,0.06,0
TOI-150.01,TOI-150,1,14.067295,0.235389,-0.212971,5.857487,8.9e-05,-9.7e-05,1404.5,7.1,-6.5,6255.0,90.0,-90.0,1.526,0.012,-0.012,1.351,0.038,-0.026,0.22418,9.3e-05,6.8,0.012,0.012,0.032,0
TOI-1518 b,TOI-1518,1,21.05046575,0.47077719,-0.47077719,1.90261131,4.3e-07,-4.3e-07,2546.0,35.0,-36.0,7299.0,98.0,-100.0,1.942,0.043,-0.043,1.88,0.13,-0.12,0.47077719,4.3e-07,35.5,0.043,0.043,0.125,0
TOI-157 b,TOI-157,1,14.414774,0.257807,-0.22418,2.0845435,2.3e-06,-2.3e-06,1588.0,21.0,-20.0,5404.0,70.0,-67.0,1.167,0.017,-0.014,0.948,0.023,-0.018,0.2409935,2.3e-06,20.5,0.0155,0.0155,0.020499999999999997,0
TOI-1601 b,TOI-1601,1,14.19902343,0.64857111,-0.5112186,5.33175,0.00014,-0.00014,1493.97,29.38,-27.85,5982.0,78.0,-64.0,2.195,0.0622,-0.0623,1.5055,0.0347,-0.0505,0.579894855,0.00014,28.615000000000002,0.06225,0.06225,0.0426,0
TOI-163 b,TOI-163,1,16.690201,0.381106,-0.381106,4.231306,6.3e-05,-5.7e-05,1669.0,16.0,-14.0,6495.0,90.0,-90.0,1.648,0.023,-0.025,1.4352,0.029,-0.028,0.381106,6e-05,15.0,0.024,0.024,0.0285,0
TOI-1648 b,TOI-1648,1,2.54,0.14,-0.12,7.331602,1.5e-05,-2e-05,799.0,16.0,-16.0,4850.0,50.0,-50.0,0.81,0.02,-0.02,0.83,0.06,-0.06,0.13,1.7500000000000002e-05,16.0,0.02,0.02,0.06,0
TOI-1669 c,TOI-1669,1,2.2963977,0.10169388,-0.09022874,2.6800535,6.2e-06,-6.2e-06,1285.16,21.75,-21.31,5497.0,73.0,-72.0,1.0561,0.0188,-0.0183,0.9867,0.0322,-0.0309,0.09596131,6.2e-06,21.53,0.01855,0.01855,0.03155,0
TOI-1670 b,TOI-1670,1,2.06,0.19,-0.15,10.98462,0.00046,-0.00051,1062.0,14.0,-13.0,6170.0,61.0,-61.0,1.316,0.019,-0.019,1.21,0.02,-0.02,0.16999999999999998,0.000485,13.5,0.019,0.019,0.02,0
TOI-1670 c,TOI-1670,1,11.06326395,0.28022452,-0.28022452,40.74976,2.2e-05,-0.00021,684.0,9.0,-9.0,6170.0,61.0,-61.0,1.316,0.019,-0.019,1.21,0.02,-0.02,0.28022452,0.000116,9.0,0.019,0.019,0.02,0
TOI-1680 b,TOI-1680,1,1.466,0.063,-0.049,4.8026345,4e-06,-3.9e-06,404.0,14.0,-14.0,3225.0,99.0,-100.0,0.2106,0.0061,-0.0048,0.1798,0.0044,-0.0044,0.056,3.9499999999999995e-06,14.0,0.00545,0.00545,0.0044,0
TOI-1683.01,TOI-1683,1,2.6382,0.276387,-0.276387,3.0575356,,,929.25,,,4402.0,,,0.7,,,0.694661,,,0.276387,0.0,0.0,0.0,0.0,0.0,0
TOI-1685 b,TOI-1685,1,1.421,0.06,-0.06,0.66913923,3.9e-07,-3.9e-07,1000.0,59.0,-59.0,3470.0,102.0,-102.0,0.462,0.013,-0.013,0.466,0.019,-0.019,0.06,3.9e-07,59.0,0.013,0.013,0.019,0
TOI-169 b,TOI-169,1,12.172974,0.907929,-0.538032,2.2554477,6.3e-06,-6.3e-06,1715.0,22.0,-20.0,5880.0,54.0,-49.0,1.288,0.02,-0.019,1.147,0.069,-0.075,0.7229805,6.3e-06,21.0,0.0195,0.0195,0.07200000000000001,0
TOI-1693 b,TOI-1693,1,1.41,0.1,-0.1,1.7666957,5.4e-06,-5.4e-06,764.0,19.0,-19.0,3499.0,70.0,-70.0,0.46,0.01,-0.01,0.49,0.03,-0.03,0.1,5.4e-06,19.0,0.01,0.01,0.03,0
TOI-1694 b,TOI-1694,1,5.3422266,0.14825442,-0.11897869,3.770107,8.5e-05,-8.5e-05,943.19,14.16,-13.41,5058.0,60.0,-56.0,0.8036,0.0129,-0.012,0.853,0.0227,-0.0249,0.133616555,8.5e-05,13.785,0.01245,0.01245,0.0238,0
TOI-1695 b,TOI-1695,1,1.9,0.16,-0.14,3.1342791,7.1e-06,-6.3e-06,698.0,14.0,-14.0,3690.0,50.0,-50.0,0.515,0.015,-0.015,0.513,0.012,-0.012,0.15000000000000002,6.7e-06,14.0,0.015,0.015,0.012,0
TOI-1696 b,TOI-1696,1,3.09,0.11,-0.11,2.500311,4e-06,-4e-06,489.0,13.0,-13.0,3185.0,76.0,-76.0,0.2775,0.008,-0.008,0.255,0.0066,-0.0066,0.11,4e-06,13.0,0.008,0.008,0.0066,0
TOI-1710 b,TOI-1710,1,5.20315158,0.09613295,-0.09124817,24.283377,2.6e-05,-2.6e-05,602.99,8.79,-9.14,5684.0,64.0,-68.0,0.9574,0.0162,-0.0153,1.0258,0.0236,-0.0297,0.09369056,2.6e-05,8.965,0.01575,0.01575,0.02665,0
TOI-172 b,TOI-172,1,10.816685,0.358688,-0.325061,9.47725,0.00064,-0.00079,1198.0,18.0,-17.0,5645.0,50.0,-50.0,1.777,0.047,-0.044,1.128,0.065,-0.061,0.34187449999999997,0.000715,17.5,0.0455,0.0455,0.063,0
TOI-1728 b,TOI-1728,1,5.05,0.16,-0.17,3.49151,6.2e-05,-5.7e-05,767.0,8.0,-8.0,3980.0,31.0,-32.0,0.6243,0.01,-0.0097,0.646,0.023,-0.022,0.165,5.95e-05,8.0,0.009850000000000001,0.009850000000000001,0.0225,0
TOI-1736 b,TOI-1736,1,3.18175535,0.12195694,-0.09508409,7.073076,1.7e-05,-1.7e-05,1099.79,20.73,-19.21,5636.0,86.0,-80.0,1.4286,0.0267,-0.0249,1.0373,0.0368,-0.0331,0.108520515,1.7e-05,19.97,0.0258,0.0258,0.034949999999999995,0
TOI-1742 b,TOI-1742,1,2.36507598,0.05691119,-0.051074,21.269084,5.1e-05,-5.1e-05,694.09,11.2,-10.96,5815.0,76.0,-73.0,1.131,0.0181,-0.0185,1.0861,0.034,-0.0333,0.053992595000000004,5.1e-05,11.08,0.0183,0.0183,0.03365,0
TOI-1743 b,TOI-1743,1,1.83,0.11,-0.1,4.266046,2e-06,-2e-06,485.0,14.0,-13.0,3277.0,78.0,-77.0,0.338,0.014,-0.014,0.339,0.027,-0.031,0.10500000000000001,2e-06,13.5,0.014,0.014,0.028999999999999998,0
TOI-1749 b,TOI-1749,1,1.39,0.21,-0.19,2.38839,0.00031,-0.00066,831.0,18.0,-18.0,3985.0,55.0,-55.0,0.55,0.03,-0.03,0.58,0.03,-0.03,0.2,0.00048499999999999997,18.0,0.03,0.03,0.03,0
TOI-1749 c,TOI-1749,1,2.12,0.12,-0.12,4.4929,0.0038,-0.0027,673.0,15.0,-15.0,3985.0,55.0,-55.0,0.55,0.03,-0.03,0.58,0.03,-0.03,0.12,0.0032500000000000003,15.0,0.03,0.03,0.03,0
TOI-1749 d,TOI-1749,1,2.52,0.15,-0.15,9.0497,0.0049,-0.0032,533.0,12.0,-12.0,3985.0,55.0,-55.0,0.55,0.03,-0.03,0.58,0.03,-0.03,0.15,0.00405,12.0,0.03,0.03,0.03,0
TOI-1751 b,TOI-1751,1,2.9507845,0.11061818,-0.08190008,37.46852,0.00013,-0.00013,651.64,12.0,-11.68,5970.0,86.0,-84.0,1.3137,0.0251,-0.025,0.9382,0.0363,-0.0329,0.09625913,0.00013,11.84,0.025050000000000003,0.025050000000000003,0.0346,0
TOI-1753 b,TOI-1753,1,2.47852533,0.09834485,-0.07935468,5.3846104,9.9e-06,-9.9e-06,1005.43,18.31,-17.59,5621.0,76.0,-72.0,0.9715,0.0207,-0.0203,0.9483,0.0343,-0.033,0.088849765,9.9e-06,17.95,0.020499999999999997,0.020499999999999997,0.03365,0
TOI-1759 b,TOI-1759,1,3.14,0.1,-0.1,18.85019,0.00013,-0.00013,443.0,7.0,-7.0,4065.0,51.0,-51.0,0.597,0.015,-0.015,0.606,0.02,-0.02,0.1,0.00013,7.0,0.015,0.015,0.02,0
TOI-1774.01,TOI-1774,1,2.78,0.05,-0.04,16.70988,2e-05,-2e-05,824.0,11.0,-11.0,5746.0,59.0,-59.0,1.1303,0.0069,-0.0069,0.991,0.027,-0.02,0.045,2e-05,11.0,0.0069,0.0069,0.0235,0
TOI-1775 b,TOI-1775,1,8.04728896,0.14337937,-0.12772169,10.2405549,9.6e-06,-9.6e-06,707.89,8.56,-8.3,5284.0,50.0,-51.0,0.8288,0.0115,-0.0099,0.9218,0.0143,-0.0154,0.13555053,9.6e-06,8.43,0.010700000000000001,0.010700000000000001,0.01485,0
TOI-1776 b,TOI-1776,1,1.21612741,0.0898466,-0.07715788,2.799868,2.3e-05,-2.3e-05,1269.21,21.11,-20.51,5785.0,74.0,-72.0,0.9356,0.0164,-0.0162,0.9196,0.0328,-0.0317,0.08350224,2.3e-05,20.810000000000002,0.016300000000000002,0.016300000000000002,0.03225,0
TOI-1789 b,TOI-1789,1,16.14093221,2.69015537,-1.5692573,3.208664,1.5e-05,-1.5e-05,1927.0,27.0,-17.0,5991.0,55.0,-55.0,2.168,0.036,-0.034,1.507,0.059,-0.14,2.129706335,1.5e-05,22.0,0.035,0.035,0.0995,0
TOI-1794 b,TOI-1794,1,3.29701268,0.16656615,-0.13651409,8.765528,3.5e-05,-3.5e-05,992.91,17.18,-16.51,5631.0,78.0,-74.0,1.3162,0.023,-0.023,0.9698,0.0328,-0.0308,0.15154012,3.5e-05,16.845,0.023,0.023,0.0318,0
TOI-1801 b,TOI-1801,1,2.079,0.124,-0.11,10.64387,5e-05,-6e-05,493.7,15.1,-14.3,3863.0,77.0,-77.0,0.547,0.025,-0.023,0.556,0.042,-0.035,0.11699999999999999,5.5e-05,14.7,0.024,0.024,0.038500000000000006,0
TOI-1803 b,TOI-1803,1,2.99,0.08,-0.08,6.293287,2.8e-05,-2.8e-05,747.0,11.0,-11.0,4687.0,65.0,-65.0,0.715,0.005,-0.005,0.756,0.05,-0.042,0.08,2.8e-05,11.0,0.005,0.005,0.046,0
TOI-1803 c,TOI-1803,1,4.29,0.08,-0.08,12.885779,3.6e-05,-3.6e-05,588.0,10.0,-10.0,4687.0,65.0,-65.0,0.715,0.005,-0.005,0.756,0.05,-0.042,0.08,3.6e-05,10.0,0.005,0.005,0.046,0
TOI-1806.01,TOI-1806,1,3.4095367,0.3512672,-0.3512672,15.1454693,,,337.47,,,3272.0,,,0.401575,,,0.392935,,,0.3512672,0.0,0.0,0.0,0.0,0.0,0
TOI-1807 b,TOI-1807,1,1.49681583,0.08089145,-0.06779467,0.54937097,7.2e-07,-7.2e-07,1694.1,32.35,-32.47,4914.0,60.0,-58.0,0.746,0.0206,-0.0211,0.8048,0.0231,-0.0258,0.07434306,7.2e-07,32.41,0.02085,0.02085,0.02445,0
TOI-181 b,TOI-181,1,6.9559,0.087,-0.101,4.532,2e-06,-2e-06,895.1,32.14,-33.86,4994.0,50.0,-50.0,0.745,0.024,-0.024,0.822,0.04,-0.04,0.094,2e-06,33.0,0.024,0.024,0.04,0
TOI-1811 b,TOI-1811,1,11.14172682,0.28022452,-0.25780656,3.7130765,1.7e-06,-1.7e-06,962.2,8.0,-7.9,4766.0,52.0,-54.0,0.769,0.019,-0.017,0.817,0.033,-0.03,0.26901554,1.7e-06,7.95,0.018000000000000002,0.018000000000000002,0.0315,0
TOI-1820 b,TOI-1820,1,12.778238,0.22417961,-0.22417961,4.860674,5e-06,-5e-06,1375.0,12.0,-12.0,5734.0,50.0,-50.0,1.51,0.06,-0.06,1.04,0.13,-0.13,0.22417961,5e-06,12.0,0.06,0.06,0.13,0
TOI-1823 b,TOI-1823,1,7.5406241,0.33185186,-0.25202617,38.8,0.01,-0.01,423.63,10.44,-8.68,4927.0,58.0,-57.0,0.8049,0.0339,-0.0258,0.8414,0.0259,-0.0278,0.29193901499999997,0.01,9.559999999999999,0.02985,0.02985,0.02685,0
TOI-1824 b,TOI-1824,1,2.7438269,0.08672208,-0.07211466,22.808533,5.5e-05,-5.5e-05,528.67,7.29,-7.1,5165.0,57.0,-57.0,0.8123,0.0121,-0.0105,0.8801,0.0193,-0.0222,0.07941837,5.5e-05,7.195,0.011300000000000001,0.011300000000000001,0.02075,0
TOI-1836 b,TOI-1836,1,8.00321222,0.3474784,-0.3474784,20.380799,1.6e-05,-1.6e-05,966.0,31.0,-30.0,6380.0,150.0,-150.0,1.577,0.06,-0.06,1.307,0.077,-0.076,0.3474784,1.6e-05,30.5,0.06,0.06,0.0765,0
TOI-1836 c,TOI-1836,1,2.59987579,0.22132646,-0.14409651,1.7727471,7.9e-06,-7.9e-06,2007.6,35.86,-29.1,6237.0,91.0,-69.0,1.6454,0.032,-0.0253,1.2518,0.0243,-0.0404,0.182711485,7.9e-06,32.480000000000004,0.028650000000000002,0.028650000000000002,0.03235,0
TOI-1842 b,TOI-1842,1,12.3485023,0.27917829,-0.2943366,9.5739181,9.9e-06,-9.9e-06,1199.55,21.83,-21.83,6039.0,93.0,-89.0,2.032,0.037,-0.0401,1.4643,0.0292,-0.0362,0.286757445,9.9e-06,21.83,0.03855,0.03855,0.0327,0
TOI-1846 b,TOI-1846,1,1.792,0.065,-0.068,3.9306737,4.2e-06,-4.4e-06,568.1,6.1,-5.9,3568.0,47.0,-41.0,0.397,0.011,-0.012,0.418,0.025,-0.025,0.0665,4.2999999999999995e-06,6.0,0.0115,0.0115,0.025,0
TOI-1853 b,TOI-1853,1,3.46,0.08,-0.08,1.2436258,1.5e-06,-1.5e-06,1479.0,25.0,-25.0,4985.0,70.0,-70.0,0.808,0.013,-0.013,0.837,0.039,-0.039,0.08,1.5e-06,25.0,0.013,0.013,0.039,0
TOI-1855 b,TOI-1855,1,18.49481816,5.82866996,-4.14732286,1.36414864,5.1e-07,-5.1e-07,1701.0,20.0,-20.0,5359.0,89.0,-83.0,1.041,0.031,-0.033,0.987,0.058,-0.045,4.98799641,5.1e-07,20.0,0.032,0.032,0.051500000000000004,0
TOI-1860 b,TOI-1860,1,1.31,0.04,-0.04,1.0662107,1.4e-06,-1.4e-06,1885.0,28.0,-28.0,5752.0,100.0,-100.0,0.94,0.02,-0.02,0.99,0.03,-0.03,0.04,1.4e-06,28.0,0.02,0.02,0.03,0
TOI-1883 b,TOI-1883,1,5.65,0.24,-0.24,4.50638,7e-06,-6e-06,524.92,,,3477.0,157.0,-157.0,0.494,0.015,-0.015,0.492,0.021,-0.021,0.24,6.5000000000000004e-06,0.0,0.015,0.015,0.021,0
TOI-1898 b,TOI-1898,1,9.39553231,0.2342915,-0.30913881,45.52234,6.1e-05,-6.1e-05,674.54,11.56,-11.76,6241.0,88.0,-85.0,1.6131,0.0292,-0.0312,1.2484,0.0261,-0.0375,0.271715155,6.1e-05,11.66,0.030199999999999998,0.030199999999999998,0.0318,0
TOI-1899 b,TOI-1899,1,11.09689089,0.33626942,-0.33626942,29.090312,3.6e-05,-3.5e-05,378.0,8.0,-7.0,3926.0,45.0,-47.0,0.607,0.017,-0.016,0.632,0.026,-0.025,0.33626942,3.5499999999999996e-05,7.5,0.0165,0.0165,0.025500000000000002,0
TOI-1937 A b,TOI-1937 A,1,13.97759893,0.66132986,-0.6949568,0.94667944,4.7e-07,-4.7e-07,2097.0,35.0,-36.0,5814.0,91.0,-93.0,1.08,0.025,-0.024,1.072,0.059,-0.064,0.67814333,4.7e-07,35.5,0.0245,0.0245,0.0615,0
TOI-198 b,TOI-198,1,1.44,0.08,-0.08,10.2152,6e-05,-6e-05,368.0,26.0,-26.0,3650.0,75.0,-75.0,0.441,0.019,-0.019,0.467,0.023,-0.023,0.08,6e-05,26.0,0.019,0.019,0.023,0
TOI-1994 b,TOI-1994,1,13.67495645,0.91913642,-0.79583763,4.0337142,5.1e-06,-5.1e-06,2290.0,170.0,-110.0,7700.0,720.0,-410.0,2.3,0.13,-0.12,1.86,0.18,-0.17,0.857487025,5.1e-06,140.0,0.125,0.125,0.175,0
TOI-2000 b,TOI-2000,1,2.7,0.15,-0.15,3.09833,2.1e-05,-1.9e-05,1488.0,122.0,-160.0,5611.0,85.0,-82.0,1.134,0.037,-0.036,1.082,0.059,-0.05,0.15,1.9999999999999998e-05,141.0,0.0365,0.0365,0.0545,0
TOI-2000 c,TOI-2000,1,8.14,0.31,-0.3,9.127055,7.3e-06,-7.2e-06,1038.0,84.0,-111.0,5611.0,85.0,-82.0,1.134,0.037,-0.036,1.082,0.059,-0.05,0.305,7.25e-06,97.5,0.0365,0.0365,0.0545,0
TOI-2010 b,TOI-2010,1,11.81426566,0.30264248,-0.30264248,141.834025,6.5e-05,-6.6e-05,400.2,5.6,-5.7,5929.0,74.0,-74.0,1.079,0.027,-0.026,1.112,0.048,-0.055,0.30264248,6.549999999999999e-05,5.65,0.0265,0.0265,0.051500000000000004,0
TOI-2015 b,TOI-2015,1,3.309,0.013,-0.011,3.348237,3.5e-05,-3e-05,530.9,2.9,-3.9,3297.0,14.0,-28.0,0.3273,0.0029,-0.0051,0.3041,0.0353,-0.0312,0.012,3.25e-05,3.4,0.004,0.004,0.03325,0
TOI-2019 b,TOI-2019,1,5.33275337,0.26371361,-0.20823795,15.3444,0.0057,-0.0057,917.46,20.14,-15.11,5626.0,77.0,-78.0,1.7457,0.0295,-0.0289,1.1832,0.1057,-0.0237,0.23597578,0.0057,17.625,0.029199999999999997,0.029199999999999997,0.06470000000000001,0
TOI-2025 b,TOI-2025,1,11.89272852,0.36989636,-0.3474784,8.8720982,7.7e-06,-7.7e-06,1166.0,18.0,-16.0,5977.0,79.0,-78.0,1.459,0.043,-0.042,1.199,0.074,-0.092,0.35868738,7.7e-06,17.0,0.042499999999999996,0.042499999999999996,0.08299999999999999,0
TOI-2031 A b,TOI-2031 A,1,14.20177855,0.26901554,-0.26901554,5.71548654,7.6e-07,-7.5e-07,1358.0,36.0,-28.0,6490.0,170.0,-130.0,1.241,0.022,-0.022,1.174,0.06,-0.062,0.26901554,7.55e-07,32.0,0.022,0.022,0.061,0
TOI-206 b,TOI-206,1,1.3,0.05,-0.05,0.7363104,3e-07,-3e-07,910.0,36.0,-36.0,3383.0,157.0,-157.0,0.35,0.01,-0.01,0.35,0.01,-0.01,0.05,3e-07,36.0,0.01,0.01,0.01,0
TOI-2068 b,TOI-2068,1,1.821,0.162,-0.149,7.768915,2.5e-05,-3.7e-05,520.62,14.18,-14.18,3710.0,57.0,-58.0,0.535,0.022,-0.022,0.559,0.027,-0.029,0.1555,3.1e-05,14.18,0.022,0.022,0.028,0
TOI-2076 b,TOI-2076,1,2.39,0.1,-0.1,10.355235,2e-05,-2e-05,738.0,10.0,-10.0,5201.0,66.0,-61.0,0.774,0.015,-0.015,0.883,0.017,-0.017,0.1,2e-05,10.0,0.015,0.015,0.017,0
TOI-2076 c,TOI-2076,1,3.69441587,0.14154765,-0.11063756,21.015327,2.3e-05,-2.3e-05,543.16,11.88,-9.82,5192.0,61.0,-58.0,0.796,0.0286,-0.0217,0.8557,0.0201,-0.0212,0.126092605,2.3e-05,10.850000000000001,0.02515,0.02515,0.02065,0
TOI-2076 d,TOI-2076,1,3.43087751,0.21135529,-0.25159474,35.125686,8.6e-05,-8.6e-05,457.68,10.01,-8.28,5192.0,61.0,-58.0,0.796,0.0286,-0.0217,0.8557,0.0201,-0.0212,0.231475015,8.6e-05,9.145,0.02515,0.02515,0.02065,0
TOI-2076 e,TOI-2076,1,1.355,0.101,-0.098,3.0223445,3.3e-06,-3.2e-06,1138.0,72.0,-27.0,5192.0,61.0,-58.0,0.796,0.0286,-0.0217,0.8557,0.0201,-0.0212,0.0995,3.2500000000000002e-06,49.5,0.02515,0.02515,0.02065,0
TOI-2081 b,TOI-2081,1,2.04,0.5,-0.54,10.50534,7e-05,-8e-05,488.0,28.0,-52.0,3800.0,100.0,-100.0,0.534,0.08,-0.08,0.54,0.08,-0.08,0.52,7.500000000000001e-05,40.0,0.08,0.08,0.08,0
TOI-2084 b,TOI-2084,1,2.47,0.13,-0.13,6.0784247,9.6e-06,-9.6e-06,527.0,8.0,-8.0,3551.0,49.0,-52.0,0.475,0.014,-0.014,0.453,0.029,-0.027,0.13,9.6e-06,8.0,0.014,0.014,0.028,0
TOI-2088 b,TOI-2088,1,3.6831179,0.19277867,-0.14072298,124.72997,0.00065,-0.00065,300.33,6.95,-5.49,5081.0,56.0,-54.0,0.8481,0.0339,-0.0239,0.9027,0.0223,-0.0254,0.166750825,0.00065,6.220000000000001,0.028900000000000002,0.028900000000000002,0.02385,0
TOI-2093 c,TOI-2093,1,2.3,0.12,-0.12,53.81149,0.00017,-0.00017,329.0,13.0,-11.0,4426.0,85.0,-85.0,0.729,0.029,-0.029,0.745,0.034,-0.034,0.12,0.00017,12.0,0.029,0.029,0.034,0
TOI-2094 b,TOI-2094,1,1.9,0.1,-0.1,18.793193,1.8e-05,-1.8e-05,276.0,11.0,-11.0,3435.0,55.0,-65.0,0.384,0.018,-0.018,0.425,0.059,-0.059,0.1,1.8e-05,11.0,0.018,0.018,0.059,0
TOI-2095 b,TOI-2095,1,1.25,0.07,-0.07,17.66484,7e-05,-7e-05,347.0,9.0,-9.0,3759.0,87.0,-87.0,0.44,0.02,-0.02,0.44,0.02,-0.02,0.07,7e-05,9.0,0.02,0.02,0.02,0
TOI-2095 c,TOI-2095,1,1.33,0.08,-0.08,28.17232,0.00014,-0.00014,297.0,8.0,-8.0,3759.0,87.0,-87.0,0.44,0.02,-0.02,0.44,0.02,-0.02,0.08,0.00014,8.0,0.02,0.02,0.02,1
TOI-2096 b,TOI-2096,1,1.243,0.077,-0.072,3.1190633,1e-05,-9.3e-06,445.0,13.0,-13.0,3300.0,50.0,-50.0,0.235,0.011,-0.011,0.231,0.012,-0.012,0.0745,9.65e-06,13.0,0.011,0.011,0.012,0
TOI-2096 c,TOI-2096,1,1.914,0.095,-0.095,6.38784,1.2e-05,-1.2e-05,349.0,10.0,-9.0,3300.0,50.0,-50.0,0.235,0.011,-0.011,0.231,0.012,-0.012,0.095,1.2e-05,9.5,0.011,0.011,0.012,0
TOI-2107 b,TOI-2107,1,13.57407563,0.39231432,-0.35868738,2.4545467,1.3e-06,-1.3e-06,1397.0,20.0,-18.0,5627.0,94.0,-93.0,0.932,0.027,-0.024,0.961,0.049,-0.054,0.37550085,1.3e-06,19.0,0.025500000000000002,0.025500000000000002,0.051500000000000004,0
TOI-2109 b,TOI-2109,1,15.098497,0.52682209,-0.52682209,0.67247414,2.8e-08,-2.8e-07,3646.0,88.0,-88.0,6540.0,160.0,-160.0,1.698,0.062,-0.057,1.453,0.074,-0.074,0.52682209,1.54e-07,88.0,0.0595,0.0595,0.074,0
TOI-2120 b,TOI-2120,1,2.122,0.065,-0.065,5.7998164,3.5e-06,-3.5e-06,384.0,6.0,-6.0,3131.0,30.0,-30.0,0.245,0.006,-0.006,0.211,0.005,-0.005,0.065,3.5e-06,6.0,0.006,0.006,0.005,0
TOI-2128 b,TOI-2128,1,2.08874836,0.08866263,-0.07642236,16.34136,0.00013,-0.00013,780.53,14.78,-14.42,5968.0,86.0,-84.0,1.1174,0.0239,-0.0227,1.0251,0.0381,-0.0375,0.082542495,0.00013,14.6,0.0233,0.0233,0.0378,0
TOI-2133 b,TOI-2133,1,2.37,0.09,-0.09,3.8266472,5e-06,-4e-06,798.0,12.0,-12.0,4250.0,45.0,-45.0,0.62,0.019,-0.019,0.644,0.019,-0.019,0.09,4.5e-06,12.0,0.019,0.019,0.019,0
TOI-2134 b,TOI-2134,1,2.69,0.16,-0.16,9.2292005,6.3e-06,-6.3e-06,666.0,8.0,-8.0,4580.0,50.0,-50.0,0.709,0.017,-0.017,0.744,0.027,-0.027,0.16,6.3e-06,8.0,0.017,0.017,0.027,0
TOI-2134 c,TOI-2134,1,7.27,0.42,-0.42,95.5,0.36,-0.25,306.0,4.0,-4.0,4580.0,50.0,-50.0,0.709,0.017,-0.017,0.744,0.027,-0.027,0.42,0.305,4.0,0.017,0.017,0.027,0
TOI-2136 b,TOI-2136,1,2.19,0.17,-0.17,7.851928,1.8e-05,-1.6e-05,395.0,24.0,-22.0,3342.0,100.0,-100.0,0.34,0.02,-0.02,0.34,0.02,-0.02,0.17,1.7e-05,23.0,0.02,0.02,0.02,0
TOI-2141 b,TOI-2141,1,3.147,0.043,-0.042,18.261608,1.9e-05,-2e-05,728.0,11.0,-11.0,5635.0,61.0,-61.0,0.95,0.007,-0.007,0.896,0.059,-0.051,0.042499999999999996,1.95e-05,11.0,0.007,0.007,0.05499999999999999,0
TOI-2152 A b,TOI-2152,1,14.35870428,0.56044903,-0.51561311,3.3773512,6e-06,-6.1e-06,1802.0,60.0,-54.0,6630.0,300.0,-290.0,1.612,0.056,-0.051,1.516,0.085,-0.1,0.53803107,6.05e-06,57.0,0.0535,0.0535,0.0925,0
TOI-2154 b,TOI-2154,1,16.28664896,0.59407598,-0.53803107,3.8240801,2.5e-06,-2.5e-06,1580.0,27.0,-27.0,6280.0,160.0,-160.0,1.396,0.049,-0.043,1.233,0.077,-0.09,0.566053525,2.5e-06,27.0,0.046,0.046,0.08349999999999999,0
TOI-2158 b,TOI-2158,1,10.76062147,0.13450777,-0.13450777,8.60077,3e-05,-3e-05,1188.0,10.0,-10.0,5673.0,50.0,-50.0,1.41,0.03,-0.03,1.12,0.12,-0.12,0.13450777,3e-05,10.0,0.03,0.03,0.12,0
TOI-2169 A b,TOI-2169 A,1,12.50922246,0.41473229,-0.40352331,8.2148282,8.1e-06,-8e-06,1364.0,21.0,-21.0,6270.0,130.0,-130.0,1.82,0.047,-0.046,1.42,0.069,-0.07,0.40912780000000004,8.05e-06,21.0,0.0465,0.0465,0.0695,0
TOI-2180 b,TOI-2180,1,11.32107051,0.24659758,-0.21297063,260.79,0.59,-0.58,348.0,3.3,-3.6,5695.0,58.0,-60.0,1.636,0.033,-0.029,1.111,0.047,-0.046,0.22978410500000002,0.585,3.45,0.031,0.031,0.0465,0
TOI-2193 A b,TOI-2193 A,1,19.83989584,,,2.1225735,1.6e-06,-1.6e-06,1763.0,21.0,-22.0,5966.0,73.0,-72.0,1.248,0.026,-0.028,1.082,0.052,-0.049,0.0,1.6e-06,21.5,0.027,0.027,0.0505,0
TOI-2194 b,TOI-2194,1,1.9892,0.1313,-0.0668,15.337597,0.001585,-0.001616,590.88,,,4756.0,50.0,-50.0,0.6909,0.0492,-0.0492,0.74,0.0854,-0.0854,0.09905,0.0016005,0.0,0.0492,0.0492,0.0854,0
TOI-2196 b,TOI-2196,1,3.51,0.15,-0.15,1.1947268,7.9e-06,-9.3e-06,1860.0,20.0,-20.0,5634.0,31.0,-31.0,1.043,0.017,-0.017,1.032,0.038,-0.038,0.15,8.6e-06,20.0,0.017,0.017,0.038,0
TOI-220 b,TOI-220,1,3.03,0.15,-0.15,10.695264,8.6e-05,-8.6e-05,805.0,21.0,-21.0,5298.0,65.0,-65.0,0.858,0.032,-0.032,0.825,0.028,-0.028,0.15,8.6e-05,21.0,0.032,0.032,0.028,0
TOI-2207 b,TOI-2207,1,11.1529358,0.31385146,-0.30264248,8.001968,2.4e-05,-2.5e-05,1259.0,16.0,-15.0,6101.0,75.0,-73.0,1.564,0.041,-0.04,1.296,0.069,-0.072,0.30824697,2.45e-05,15.5,0.0405,0.0405,0.07050000000000001,0
TOI-2236 b,TOI-2236,1,14.36991326,0.35868738,-0.3474784,3.5315902,2.6e-06,-2.6e-06,1688.0,19.0,-21.0,6248.0,72.0,-77.0,1.573,0.033,-0.033,1.343,0.066,-0.065,0.35308289000000004,2.6e-06,20.0,0.033,0.033,0.0655,0
TOI-2257 b,TOI-2257,1,2.194,0.113,-0.111,35.189346,9e-05,-9e-05,256.0,61.0,-17.0,3430.0,130.0,-130.0,0.313,0.015,-0.015,0.328,0.021,-0.019,0.112,9e-05,39.0,0.015,0.015,0.02,0
TOI-2260 b,TOI-2260,1,1.62,0.13,-0.13,0.3524728,4.7e-06,-4.7e-06,2609.0,86.0,-86.0,5534.0,100.0,-100.0,0.94,0.05,-0.05,0.99,0.04,-0.04,0.13,4.7e-06,86.0,0.05,0.05,0.04,0
TOI-2266 b,TOI-2266,1,1.54,0.09,-0.09,2.326318,4.8e-06,-4.8e-06,550.0,47.0,-47.0,3200.0,170.0,-170.0,0.24,0.01,-0.01,0.23,0.02,-0.02,0.09,4.8e-06,47.0,0.01,0.01,0.02,0
TOI-2267 b,TOI-2267 A,1,1.0,0.11,-0.11,2.28909,1.2e-06,-1.1e-06,424.0,19.0,-17.0,3030.0,100.0,-100.0,0.2075,0.0225,-0.0225,0.171,0.0079,-0.0079,0.11,1.15e-06,18.0,0.0225,0.0225,0.0079,0
TOI-2267 c,TOI-2267 A,1,1.14,0.13,-0.13,3.4950412,2.2e-06,-2.2e-06,374.0,23.0,-21.0,3030.0,100.0,-100.0,0.2075,0.0225,-0.0225,0.171,0.0079,-0.0079,0.13,2.2e-06,22.0,0.0225,0.0225,0.0079,0
TOI-2274 b,TOI-2274,1,2.45,0.23,-0.13,2.67963,3e-06,-3e-06,771.46,,,3943.0,157.0,-157.0,0.631,0.019,-0.019,0.612,0.0202,-0.0202,0.18,3e-06,0.0,0.019,0.019,0.0202,0
TOI-2285 b,TOI-2285,1,1.77,0.12,-0.09,13.635109,3.1e-05,-3.1e-05,358.0,8.0,-8.0,3491.0,58.0,-58.0,0.464,0.013,-0.013,0.454,0.01,-0.01,0.105,3.1e-05,8.0,0.013,0.013,0.01,0
TOI-2295 b,TOI-2295,1,16.47720163,9.52763359,-5.94075977,30.033302,7.2e-05,-7.3e-05,747.0,24.0,-24.0,5730.0,140.0,-140.0,1.459,0.056,-0.058,1.168,0.07,-0.071,7.73419668,7.25e-05,24.0,0.057,0.057,0.07050000000000001,0
TOI-2322 b,TOI-2322,1,0.994,0.057,-0.059,11.30717,8.5e-05,-7.9e-05,603.1,33.6,-23.2,4664.0,14.0,-14.0,0.662,0.004,-0.004,0.703,0.014,-0.017,0.057999999999999996,8.2e-05,28.4,0.004,0.004,0.0155,0
TOI-2322 c,TOI-2322,1,1.874,0.066,-0.057,20.225528,3.9e-05,-4.4e-05,496.8,27.7,-19.1,4664.0,14.0,-14.0,0.662,0.004,-0.004,0.703,0.014,-0.017,0.0615,4.15e-05,23.4,0.004,0.004,0.0155,0
TOI-2328 b,TOI-2328,1,9.97599282,0.33626942,-0.44835923,17.10197,1e-05,-1e-05,842.0,20.0,-21.0,5525.0,147.0,-144.0,0.9,0.06,-0.06,0.95,0.06,-0.06,0.39231432499999996,1e-05,20.5,0.06,0.06,0.06,0
TOI-2338 b,TOI-2338,1,11.2089807,0.22417961,-0.22417961,22.65398,2e-05,-2e-05,799.0,10.0,-11.0,5581.0,60.0,-60.0,1.05,0.01,-0.01,0.99,0.03,-0.02,0.22417961,2e-05,10.5,0.01,0.01,0.025,0
TOI-2345 b,TOI-2345,1,1.504,0.047,-0.044,1.0528573,2.5e-06,-2.6e-06,1478.0,20.0,-20.0,4687.0,60.0,-60.0,0.729,0.007,-0.007,0.727,0.033,-0.033,0.0455,2.55e-06,20.0,0.007,0.007,0.033,0
TOI-2345 c,TOI-2345,1,2.451,0.045,-0.046,21.064302,4.1e-05,-4.1e-05,544.0,7.0,-7.0,4687.0,60.0,-60.0,0.729,0.007,-0.007,0.727,0.033,-0.033,0.0455,4.1e-05,7.0,0.007,0.007,0.033,0
TOI-2346 b,TOI-2346,1,16.11851425,0.48198617,-0.45956821,3.3312029,2.4e-06,-2.4e-06,1689.0,47.0,-42.0,6480.0,200.0,-180.0,1.38,0.027,-0.026,1.271,0.07,-0.074,0.47077718999999996,2.4e-06,44.5,0.0265,0.0265,0.07200000000000001,0
TOI-2364 b,TOI-2364,1,8.60849718,0.25780656,-0.20176165,4.0197517,4.3e-06,-4.3e-06,1091.0,17.0,-14.0,5306.0,76.0,-68.0,0.886,0.021,-0.017,0.954,0.041,-0.046,0.22978410500000002,4.3e-06,15.5,0.019000000000000003,0.019000000000000003,0.0435,0
TOI-2368 b,TOI-2368,1,10.83908434,0.40352331,-0.3474784,5.1750073,1.6e-06,-1.6e-06,1000.0,44.0,-31.0,5360.0,230.0,-170.0,0.846,0.031,-0.026,0.897,0.048,-0.049,0.375500855,1.6e-06,37.5,0.028499999999999998,0.028499999999999998,0.0485,0
TOI-237 b,TOI-237,1,1.44,0.12,-0.12,5.436098,3.9e-05,-3.9e-05,388.0,,,3212.0,100.0,-100.0,0.211,0.006,-0.006,0.179,0.004,-0.004,0.12,3.9e-05,0.0,0.006,0.006,0.004,0
TOI-2373 b,TOI-2373,1,10.42435205,0.22417961,-0.22417961,13.33668,1e-05,-1e-05,860.0,10.0,-10.0,5651.0,80.0,-80.0,1.102,0.019,-0.019,1.041,0.032,-0.028,0.22417961,1e-05,10.0,0.019,0.019,0.03,0
TOI-2374 b,TOI-2374,1,6.81,0.3,-0.3,4.31361,1e-05,-1e-05,885.0,22.0,-22.0,4802.0,97.0,-97.0,0.69,0.02,-0.02,0.75,0.01,-0.01,0.3,1e-05,22.0,0.02,0.02,0.01,0
TOI-2379 b,TOI-2379,1,11.72459381,0.25780656,-0.25780656,5.4693827,2.3e-06,-2.3e-06,624.0,12.0,-12.0,3707.0,58.0,-58.0,0.622,0.011,-0.011,0.645,0.033,-0.033,0.25780656,2.3e-06,12.0,0.011,0.011,0.033,0
TOI-238 b,TOI-238,1,1.559,0.047,-0.047,1.273099,1.6e-06,-1.6e-06,1378.0,30.0,-30.0,5059.0,89.0,-89.0,0.756,0.007,-0.007,0.781,0.04,-0.039,0.047,1.6e-06,30.0,0.007,0.007,0.0395,0
TOI-238 c,TOI-238,1,2.18,0.18,-0.18,8.465651,3.5e-05,-3.5e-05,696.0,15.0,-15.0,5059.0,89.0,-89.0,0.733,0.015,-0.015,0.79,0.022,-0.022,0.18,3.5e-05,15.0,0.015,0.015,0.022,0
TOI-2382 b,TOI-2382,1,12.25141591,0.85188253,-0.57165802,4.6612061,3.2e-06,-3.2e-06,1426.0,15.0,-14.0,6033.0,81.0,-83.0,1.417,0.041,-0.038,1.26,0.064,-0.065,0.711770275,3.2e-06,14.5,0.0395,0.0395,0.0645,0
TOI-2384 b,TOI-2384,1,11.48920522,0.23538859,-0.23538859,2.13570304,3.8e-07,-3.8e-07,889.7,5.0,-5.0,3943.0,14.0,-14.0,0.6113,0.008,-0.008,0.635,0.016,-0.016,0.23538859,3.8e-07,5.0,0.008,0.008,0.016,0
TOI-2406 b,TOI-2406,1,2.86,0.063,-0.069,3.0766891,2.4e-06,-2.4e-06,449.0,7.0,-7.0,3100.0,31.0,-24.0,0.204,0.004,-0.004,0.166,0.004,-0.004,0.066,2.4e-06,7.0,0.004,0.004,0.004,0
TOI-2407 b,TOI-2407,1,4.26,0.26,-0.26,2.702969,1e-06,-1e-06,705.0,12.0,-12.0,3530.0,100.0,-100.0,0.567,0.034,-0.034,0.548,0.016,-0.016,0.26,1e-06,12.0,0.034,0.034,0.016,0
TOI-2411 b,TOI-2411,1,1.68,0.11,-0.11,0.7826942,3.7e-06,-3.7e-06,1355.0,45.0,-45.0,4099.0,123.0,-123.0,0.68,0.02,-0.02,0.65,0.02,-0.02,0.11,3.7e-06,45.0,0.02,0.02,0.02,0
TOI-2416 b,TOI-2416,1,9.86390302,0.22417961,-0.22417961,8.275479,9e-06,-9e-06,1080.0,10.0,-10.0,5808.0,80.0,-80.0,1.236,0.018,-0.018,1.118,0.029,-0.027,0.22417961,9e-06,10.0,0.018,0.018,0.028,0
TOI-2421 b,TOI-2421,1,10.36830715,0.39231432,-0.38110534,4.3474032,7.9e-06,-7.8e-06,1534.0,20.0,-28.0,5607.0,68.0,-68.0,1.75,0.051,-0.049,1.131,0.13,-0.064,0.38670983000000003,7.850000000000001e-06,24.0,0.05,0.05,0.097,0
TOI-2427 b,TOI-2427,1,1.8,0.12,-0.12,1.3060011,1.02e-05,-1.02e-05,1117.0,46.0,-46.0,4072.0,121.0,-121.0,0.65,0.02,-0.02,0.64,0.02,-0.02,0.12,1.02e-05,46.0,0.02,0.02,0.02,0
TOI-244 b,TOI-244,1,1.52,0.12,-0.12,7.397225,2.6e-05,-2.3e-05,458.0,20.0,-20.0,3433.0,100.0,-100.0,0.426,0.025,-0.025,0.428,0.029,-0.029,0.12,2.45e-05,20.0,0.025,0.025,0.029,0
TOI-2443 b,TOI-2443,1,2.363,0.066,-0.066,15.66858,0.0001,-0.0001,519.0,6.0,-6.0,4375.0,65.0,-65.0,0.631,0.014,-0.014,0.642,0.026,-0.026,0.066,0.0001,6.0,0.014,0.014,0.026,0
TOI-2445 b,TOI-2445,1,1.25,0.08,-0.08,0.3711281,5e-07,-5e-07,1060.0,54.0,-54.0,3333.0,157.0,-157.0,0.27,0.01,-0.01,0.25,0.01,-0.01,0.08,5e-07,54.0,0.01,0.01,0.01,0
TOI-2447 b,TOI-2447,1,9.60609646,0.13450777,-0.12329879,69.33684,9e-05,-0.00011,414.0,28.0,-7.0,5730.0,80.0,-80.0,1.006,0.009,-0.009,1.034,0.032,-0.032,0.12890328,0.0001,17.5,0.009,0.009,0.032,0
TOI-2449 b,TOI-2449,1,11.24,0.1,-0.1,106.14468,0.00022,-0.00021,400.0,40.0,-70.0,6021.0,62.0,-62.0,1.065,0.007,-0.007,1.079,0.045,-0.048,0.1,0.00021500000000000002,55.0,0.007,0.007,0.0465,0
TOI-2458 b,TOI-2458,1,2.83,0.2,-0.18,3.73659,0.00044,-0.00047,1509.4,41.4,-35.2,6005.0,50.0,-50.0,1.31,0.03,-0.03,1.05,0.03,-0.03,0.19,0.000455,38.3,0.03,0.03,0.03,0
TOI-2459 b,TOI-2459,1,2.9531,0.0916,-0.0658,19.104718,2.3e-05,-2.4e-05,445.01,,,4195.0,124.0,-124.0,0.6751,0.063,-0.063,0.66,0.0763,-0.0763,0.07869999999999999,2.3500000000000002e-05,0.0,0.063,0.063,0.0763,0
TOI-2497 b,TOI-2497,1,11.14172682,0.61649394,-0.54924005,10.655669,3.8e-05,-3.8e-05,1595.0,45.0,-42.0,7360.0,320.0,-300.0,2.36,0.12,-0.11,1.859,0.087,-0.083,0.582866995,3.8e-05,43.5,0.11499999999999999,0.11499999999999999,0.08499999999999999,0
TOI-2498 b,TOI-2498,1,6.06,0.29,-0.27,3.738252,4e-06,-4e-06,1443.0,15.0,-28.0,5905.0,12.0,-12.0,1.26,0.04,-0.04,1.12,0.02,-0.02,0.28,4e-06,21.5,0.04,0.04,0.02,0
TOI-2524 b,TOI-2524,1,11.2089807,0.22417961,-0.33626942,7.18585,1e-05,-1e-05,1100.0,20.0,-20.0,5831.0,80.0,-80.0,1.119,0.024,-0.023,1.007,0.032,-0.029,0.280224515,1e-05,20.0,0.0235,0.0235,0.0305,0
TOI-2529 b,TOI-2529,1,11.54525012,0.56044903,-0.56044903,64.5949,0.0003,-0.0003,636.0,15.6,-15.7,5802.0,60.0,-52.0,1.7,0.02,-0.03,1.11,0.01,-0.02,0.56044903,0.0003,15.649999999999999,0.025,0.025,0.015,0
TOI-2537 b,TOI-2537,1,11.25381662,0.66132986,-0.68374782,94.1022,0.0011,-0.0011,338.0,14.0,-14.0,4870.0,150.0,-150.0,0.771,0.039,-0.04,0.771,0.049,-0.049,0.6725388400000001,0.0011,14.0,0.0395,0.0395,0.049,0
TOI-2567 b,TOI-2567,1,10.92875618,0.3474784,-0.32506044,5.983944,1.3e-05,-1.3e-05,1352.0,18.0,-19.0,5611.0,62.0,-65.0,1.686,0.043,-0.044,1.13,0.13,-0.059,0.33626942000000004,1.3e-05,18.5,0.0435,0.0435,0.0945,0
TOI-257 b,TOI-257,1,7.16253867,0.14571675,-0.14571675,18.38818,0.00085,-0.00084,1027.0,18.0,-18.0,6095.0,89.0,-89.0,1.867,0.033,-0.032,1.407,0.045,-0.046,0.14571675,0.000845,18.0,0.0325,0.0325,0.0455,0
TOI-2570 b,TOI-2570,1,13.64132951,0.39231432,-0.38110534,2.9887615,2.2e-06,-2.2e-06,1431.0,24.0,-23.0,5771.0,89.0,-87.0,1.095,0.026,-0.025,1.063,0.063,-0.065,0.38670983000000003,2.2e-06,23.5,0.025500000000000002,0.025500000000000002,0.064,0
TOI-2580 b,TOI-2580,1,17.37392009,0.56044903,-0.56044903,3.39775,2e-06,-2e-06,2410.0,60.0,-60.0,6120.0,30.0,-30.0,1.81,0.06,-0.06,1.33,0.08,-0.08,0.56044903,2e-06,60.0,0.06,0.06,0.08,0
TOI-2583 A b,TOI-2583 A,1,14.4595851,0.44835923,-0.36989636,4.5207265,4.9e-06,-4.9e-06,1456.0,19.0,-16.0,5936.0,65.0,-68.0,1.477,0.036,-0.032,1.215,0.063,-0.082,0.40912779499999996,4.9e-06,17.5,0.034,0.034,0.07250000000000001,0
TOI-2587 A b,TOI-2587 A,1,12.07207221,0.47077719,-0.44835923,5.45664,1.1e-05,-1.1e-05,1445.0,23.0,-26.0,5760.0,80.0,-79.0,1.726,0.049,-0.047,1.15,0.14,-0.07,0.45956821000000003,1.1e-05,24.5,0.048,0.048,0.10500000000000001,0
TOI-2589 b,TOI-2589,1,12.10569916,0.33626942,-0.33626942,61.6277,0.0002,-0.0002,592.0,7.0,-8.0,5579.0,70.0,-70.0,1.07,0.01,-0.01,0.93,0.03,-0.02,0.33626942,0.0002,7.5,0.01,0.01,0.025,0
TOI-260 b,TOI-260,1,1.71,0.08,-0.08,13.475853,1.3e-05,-1.1e-05,493.0,12.0,-12.0,4026.0,14.0,-14.0,0.607,0.014,-0.014,0.616,0.032,-0.032,0.08,1.2e-05,12.0,0.014,0.014,0.032,0
TOI-261.01,TOI-261,1,3.0449863,0.2114907,-0.2114907,3.3639254,,,1722.49,,,5890.3,,,1.28018,,,0.496728,,,0.2114907,0.0,0.0,0.0,0.0,0.0,0
TOI-262 b,TOI-262,1,2.07,0.15,-0.15,11.14529,3e-05,-3e-05,584.0,45.0,-45.0,5310.0,124.0,-124.0,0.853,0.021,-0.021,0.913,0.029,-0.029,0.15,3e-05,45.0,0.021,0.021,0.029,0
TOI-2641 b,TOI-2641,1,18.10250383,5.17854908,-7.17374765,4.880974,2.3e-05,-3.7e-05,1387.0,22.0,-23.0,6100.0,100.0,-100.0,1.336,0.055,-0.055,1.16,0.07,-0.07,6.1761483649999995,2.9999999999999997e-05,22.5,0.055,0.055,0.07,0
TOI-269 b,TOI-269,1,2.77,0.12,-0.12,3.6977104,3.7e-06,-3.7e-06,531.0,25.0,-25.0,3514.0,70.0,-70.0,0.398,0.012,-0.012,0.3917,0.0095,-0.0095,0.12,3.7e-06,25.0,0.012,0.012,0.0095,0
TOI-270 b,TOI-270,1,1.28,0.05,-0.04,3.35992,5e-05,-5e-05,600.0,16.0,-16.0,3506.0,70.0,-70.0,0.38,0.008,-0.008,0.386,0.008,-0.008,0.045,5e-05,16.0,0.008,0.008,0.008,0
TOI-270 c,TOI-270,1,2.33,0.01,-0.01,5.66051,4e-05,-4e-05,489.0,11.0,-11.0,3506.0,70.0,-70.0,0.38,0.008,-0.008,0.386,0.008,-0.008,0.01,4e-05,11.0,0.008,0.008,0.008,0
TOI-270 d,TOI-270,1,2.0,0.05,-0.05,11.38194,0.00011,-0.00011,383.0,9.0,-9.0,3506.0,70.0,-70.0,0.38,0.008,-0.008,0.386,0.008,-0.008,0.05,0.00011,9.0,0.008,0.008,0.008,0
TOI-2714 b,TOI-2714,1,13.72,0.7,-0.67,2.499387,4e-06,-4e-06,1603.0,65.0,-65.0,5665.0,115.0,-115.0,1.25,0.054,-0.054,1.07,0.06,-0.06,0.685,4e-06,65.0,0.054,0.054,0.06,0
TOI-2719 b,TOI-2719,1,5.98,0.46,-0.46,3.37594,5e-05,-5e-05,1710.0,,,5762.0,50.0,-50.0,1.69,0.1,-0.1,1.02,0.13,-0.13,0.46,5e-05,0.0,0.1,0.1,0.13,0
TOI-2768 b,TOI-2768,1,2.63,0.45,-0.44,1.50801,6e-06,-6e-06,855.0,,,4008.0,130.39,-130.39,0.657,0.069,-0.069,0.63,0.079,-0.079,0.445,6e-06,0.0,0.069,0.069,0.079,0
TOI-2796 b,TOI-2796,1,17.26183028,,,4.8084983,5.7e-06,-5.6e-06,1205.0,18.0,-17.0,5764.0,81.0,-78.0,1.069,0.024,-0.024,1.063,0.057,-0.062,0.0,5.65e-06,17.5,0.024,0.024,0.0595,0
TOI-2803 A b,TOI-2803 A,1,18.11371281,0.38110534,-0.35868738,1.96229325,8.2e-07,-8.2e-07,1893.0,29.0,-28.0,6280.0,99.0,-96.0,1.245,0.022,-0.021,1.118,0.056,-0.054,0.36989636000000004,8.2e-07,28.5,0.0215,0.0215,0.055,0
TOI-2818 b,TOI-2818,1,15.27784069,0.51561311,-0.50440413,4.039709,2.4e-06,-2.3e-06,1376.0,26.0,-24.0,5721.0,88.0,-83.0,1.229,0.032,-0.031,0.977,0.063,-0.049,0.51000862,2.35e-06,25.0,0.0315,0.0315,0.056,0
TOI-283 b,TOI-283,1,2.34,0.09,-0.09,17.61745,2e-05,-1e-05,661.0,9.0,-9.0,5213.0,70.0,-70.0,0.85,0.03,-0.03,0.8,0.01,-0.01,0.09,1.5000000000000002e-05,9.0,0.03,0.03,0.01,0
TOI-2842 b,TOI-2842,1,12.84549188,0.57165802,-0.53803107,3.5514058,7.7e-06,-7.8e-06,1471.0,29.0,-27.0,5910.0,100.0,-100.0,1.265,0.04,-0.037,1.135,0.077,-0.079,0.5548445449999999,7.75e-06,28.0,0.0385,0.0385,0.078,0
TOI-286 b,TOI-286,1,1.42,0.1,-0.1,4.5117244,3.1e-06,-2.7e-06,979.0,31.0,-31.0,5152.0,12.0,-12.0,0.78,0.036,-0.036,0.832,0.049,-0.049,0.1,2.9e-06,31.0,0.036,0.036,0.049,0
TOI-286 c,TOI-286,1,1.88,0.12,-0.12,39.361826,7e-05,-8.1e-05,475.0,15.0,-15.0,5152.0,12.0,-12.0,0.78,0.036,-0.036,0.832,0.049,-0.049,0.12,7.549999999999999e-05,15.0,0.036,0.036,0.049,0
TOI-2876 b,TOI-2876,1,9.6397234,0.33626942,-0.31385146,6.2996431,7e-06,-7e-06,929.0,17.0,-15.0,5271.0,110.0,-96.0,0.873,0.021,-0.02,0.939,0.041,-0.045,0.32506044,7e-06,16.0,0.0205,0.0205,0.043,0
TOI-2886 b,TOI-2886,1,18.6405349,0.45956821,-0.39231432,1.60200105,4.4e-07,-4.3e-07,1978.0,45.0,-46.0,6240.0,150.0,-150.0,1.241,0.024,-0.022,1.229,0.057,-0.065,0.42594126499999996,4.35e-07,45.5,0.023,0.023,0.061,0
TOI-2969 b,TOI-2969,1,12.32987877,0.89671846,-0.89671846,1.8237146,2e-07,-2e-07,1186.0,52.0,-52.0,4738.0,100.0,-100.0,0.7,0.05,-0.05,0.71,0.02,-0.02,0.89671846,2e-07,52.0,0.05,0.05,0.02,0
TOI-2977 b,TOI-2977,1,13.15934334,0.3474784,-0.30264248,2.3505614,2.5e-06,-2.5e-06,1544.0,26.0,-26.0,5691.0,94.0,-93.0,1.073,0.024,-0.02,0.936,0.057,-0.041,0.32506044,2.5e-06,26.0,0.022,0.022,0.049,0
TOI-2981 b,TOI-2981,1,13.4,0.42,-0.42,3.601501,2e-06,-2e-06,1358.0,39.0,-39.0,5940.0,75.0,-75.0,1.08,0.032,-0.032,1.03,0.06,-0.06,0.42,2e-06,39.0,0.032,0.032,0.06,0
TOI-2986 b,TOI-2986,1,9.292245,0.25780656,-0.23538859,3.2783662,4.4e-06,-4.3e-06,1622.0,18.0,-18.0,5906.0,66.0,-69.0,1.458,0.033,-0.031,1.122,0.074,-0.064,0.246597575,4.350000000000001e-06,18.0,0.032,0.032,0.069,0
TOI-2989 b,TOI-2989,1,12.55405838,0.56044903,-0.56044903,3.122832,1e-06,-1e-06,1001.0,43.0,-42.0,4672.0,170.0,-170.0,0.76,0.03,-0.03,0.77,0.02,-0.02,0.56044903,1e-06,42.5,0.03,0.03,0.02,0
TOI-2992 b,TOI-2992,1,13.75341932,0.50440413,-0.50440413,3.007812,1.9e-06,-1.9e-06,1726.0,25.0,-24.0,6000.0,100.0,-110.0,1.545,0.046,-0.047,1.21,0.07,-0.1,0.50440413,1.9e-06,24.5,0.0465,0.0465,0.085,0
TOI-3023 b,TOI-3023,1,16.43236571,0.48198617,-0.35868738,3.9014971,3.1e-06,-3.1e-06,1596.0,24.0,-25.0,5760.0,85.0,-88.0,1.668,0.046,-0.033,1.12,0.11,-0.06,0.420336775,3.1e-06,24.5,0.0395,0.0395,0.08499999999999999,0
TOI-3071 b,TOI-3071,1,7.16,0.57,-0.51,1.266938,2e-06,-2e-06,2155.0,40.0,-40.0,6177.0,62.0,-62.0,1.31,0.04,-0.04,1.29,0.02,-0.02,0.54,2e-06,40.0,0.04,0.04,0.02,0
TOI-3082 b,TOI-3082,1,3.6621,0.1464,-0.1448,1.926907,0.000128,-0.000134,1032.78,,,4263.0,100.0,-100.0,0.6847,0.0613,-0.0613,0.664,0.0798,-0.0798,0.1456,0.00013099999999999999,0.0,0.0613,0.0613,0.0798,0
TOI-3135 b,TOI-3135,1,13.65253849,0.33626942,-0.33626942,3.7065585,1.3e-06,-1.3e-06,1292.0,31.0,-30.0,5890.0,150.0,-140.0,0.985,0.019,-0.019,1.044,0.042,-0.047,0.33626942,1.3e-06,30.5,0.019,0.019,0.0445,0
TOI-3160 A b,TOI-3160 A,1,13.7646283,0.51561311,-0.50440413,3.971281,2.5e-06,-2.5e-06,1539.0,39.0,-40.0,6190.0,170.0,-170.0,1.346,0.042,-0.041,1.088,0.082,-0.078,0.51000862,2.5e-06,39.5,0.0415,0.0415,0.08,0
TOI-3235 b,TOI-3235,1,11.39953337,0.49319515,-0.49319515,2.59261842,4.1e-07,-4.1e-07,604.0,19.0,-19.0,3388.8,68.0,-68.0,0.3697,0.016,-0.016,0.3939,0.02,-0.02,0.49319515,4.1e-07,19.0,0.016,0.016,0.02,0
TOI-3261 b,TOI-3261,1,3.82,0.42,-0.35,0.8831331,1e-06,-1e-06,1722.0,26.0,-18.0,5068.0,61.0,-42.0,0.849,0.024,-0.017,0.861,0.02,-0.03,0.385,1e-06,22.0,0.0205,0.0205,0.025,0
TOI-3288 b,TOI-3288,1,12.24020692,0.36989636,-0.36989636,1.4338647,3e-07,-3e-07,973.0,24.0,-23.0,4072.0,80.0,-80.0,0.672,0.02,-0.02,0.643,0.014,-0.014,0.36989636,3e-07,23.5,0.02,0.02,0.014,0
TOI-329 b,TOI-329,1,4.94057819,0.29202617,-0.25614214,5.70439,0.00013,-0.00013,1213.02,22.71,-21.61,5614.0,79.0,-74.0,1.5326,0.0348,-0.034,1.0678,0.0312,-0.0304,0.274084155,0.00013,22.16,0.0344,0.0344,0.0308,0
TOI-332 b,TOI-332,1,3.2,0.16,-0.11,0.777038,1e-06,-1e-06,1871.0,30.0,-25.0,5251.0,71.0,-71.0,0.87,0.03,-0.02,0.88,0.02,-0.02,0.135,1e-06,27.5,0.025,0.025,0.02,0
TOI-3321 b,TOI-3321,1,15.55806521,0.78462865,-0.71737476,3.6525145,2.7e-06,-2.8e-06,1616.0,29.0,-28.0,5850.0,140.0,-140.0,1.549,0.067,-0.062,1.041,0.084,-0.068,0.751001705,2.75e-06,28.5,0.0645,0.0645,0.07600000000000001,0
TOI-333 b,TOI-333,1,4.26,0.11,-0.11,3.7852503,5.7e-06,-5.7e-06,1445.0,18.0,-18.0,6241.0,73.0,-62.0,1.1,0.03,-0.03,1.2,0.1,-0.1,0.11,5.7e-06,18.0,0.03,0.03,0.1,0
TOI-3331 A b,TOI-3331 A,1,12.97999965,0.48198617,-0.48198617,2.0180231,4.3e-06,-4.4e-06,1488.0,31.0,-29.0,5609.0,92.0,-87.0,0.952,0.029,-0.029,1.016,0.047,-0.052,0.48198617,4.350000000000001e-06,30.0,0.029,0.029,0.0495,0
TOI-3353.01,TOI-3353,1,2.6667555,0.230776,-0.230776,4.6657965,,,1264.36,,,6365.0,,,1.0207,,,1.332089,,,0.230776,0.0,0.0,0.0,0.0,0.0,0
TOI-3364 b,TOI-3364,1,12.22899794,0.42594127,-0.35868738,5.8768918,6.9e-06,-6.9e-06,1264.0,22.0,-21.0,5706.0,95.0,-91.0,1.419,0.036,-0.03,1.186,0.059,-0.083,0.39231432499999996,6.9e-06,21.5,0.033,0.033,0.07100000000000001,0
TOI-3464 b,TOI-3464,1,13.7646283,0.6389119,-0.59407598,3.6515568,6e-06,-6.1e-06,1693.0,54.0,-45.0,6370.0,290.0,-250.0,1.56,0.046,-0.045,1.363,0.095,-0.099,0.61649394,6.05e-06,49.5,0.0455,0.0455,0.097,0
TOI-3474 b,TOI-3474,1,14.67255574,0.36989636,-0.35868738,3.8795105,4.5e-06,-4.5e-06,1451.0,38.0,-36.0,6020.0,170.0,-160.0,1.256,0.025,-0.025,1.121,0.069,-0.067,0.36429186999999996,4.5e-06,37.0,0.025,0.025,0.068,0
TOI-3486 b,TOI-3486,1,10.5700688,0.33626942,-0.32506044,2.21778105,8.8e-07,-8.8e-07,1190.0,28.0,-24.0,4930.0,120.0,-110.0,0.788,0.017,-0.017,0.837,0.037,-0.034,0.33066492999999997,8.8e-07,26.0,0.017,0.017,0.035500000000000004,0
TOI-3493 b,TOI-3493,1,3.22,0.08,-0.08,8.1594667,1.6e-06,-1.7e-06,1102.0,20.0,-14.0,5844.0,42.0,-42.0,1.228,0.017,-0.017,1.023,0.041,-0.041,0.08,1.6499999999999999e-06,17.0,0.017,0.017,0.041,0
TOI-3523 A b,TOI-3523 A,1,15.9727975,0.41473229,-0.39231432,2.30458952,8.2e-07,-8.2e-07,1984.0,33.0,-33.0,6450.0,110.0,-110.0,1.448,0.035,-0.035,1.131,0.074,-0.078,0.403523305,8.2e-07,33.0,0.035,0.035,0.076,0
TOI-3540 A b,TOI-3540 A,1,23.53885947,,,3.119999,7.9e-06,-7.9e-06,1498.0,22.0,-22.0,5810.0,79.0,-79.0,1.228,0.033,-0.033,1.081,0.071,-0.069,0.0,7.9e-06,22.0,0.033,0.033,0.07,0
TOI-3568 b,TOI-3568,1,5.3,0.27,-0.27,4.417965,5e-06,-5e-06,899.0,12.0,-12.0,4969.0,45.0,-45.0,0.719,0.013,-0.013,0.78,0.02,-0.02,0.27,5e-06,12.0,0.013,0.013,0.02,0
TOI-3593 b,TOI-3593,1,11.02963701,0.31385146,-0.2914335,3.8212867,1.6e-06,-1.6e-06,1170.0,19.0,-22.0,5550.0,100.0,-120.0,0.918,0.024,-0.022,1.015,0.037,-0.043,0.30264248000000005,1.6e-06,20.5,0.023,0.023,0.039999999999999994,0
TOI-3629 b,TOI-3629,1,8.29464572,0.22417961,-0.22417961,3.936551,5e-06,-6e-06,690.0,20.0,-20.0,3870.0,90.0,-90.0,0.6,0.02,-0.01,0.63,0.02,-0.02,0.22417961,5.5e-06,20.0,0.015,0.015,0.02,0
TOI-3682 b,TOI-3682,1,12.80065596,0.40352331,-0.39231432,3.3462406,2.3e-06,-2.3e-06,1657.0,25.0,-24.0,5703.0,100.0,-98.0,1.735,0.045,-0.045,1.32,0.05,-0.12,0.39791881500000004,2.3e-06,24.5,0.045,0.045,0.08499999999999999,0
TOI-3688 A b,TOI-3688 A,1,13.08088048,0.53803107,-0.49319515,3.246075,1.2e-05,-1.2e-05,1534.0,29.0,-28.0,5950.0,100.0,-100.0,1.302,0.038,-0.035,1.199,0.072,-0.076,0.51561311,1.2e-05,28.5,0.036500000000000005,0.036500000000000005,0.074,0
TOI-3693 b,TOI-3693,1,12.59889431,0.32506044,-0.25780656,9.088516,2.6e-05,-2.7e-05,801.0,13.0,-12.0,5321.0,86.0,-82.0,0.791,0.017,-0.014,0.867,0.036,-0.037,0.2914335,2.65e-05,12.5,0.0155,0.0155,0.0365,0
TOI-3714 b,TOI-3714,1,11.32107051,0.33626942,-0.33626942,2.154849,1e-06,-1e-06,750.0,20.0,-20.0,3660.0,90.0,-90.0,0.51,0.01,-0.01,0.53,0.02,-0.02,0.33626942,1e-06,20.0,0.01,0.01,0.02,0
TOI-375 b,TOI-375,1,10.77183045,0.49319515,-0.48198617,9.45469,2e-05,-2e-05,1373.0,47.0,-45.0,5259.9,136.9,-135.3,2.9,0.129,-0.127,1.441,0.076,-0.075,0.48759066,2e-05,46.0,0.128,0.128,0.0755,0
TOI-3757 b,TOI-3757,1,12.0,0.4,-0.5,3.438753,4e-06,-4e-06,759.0,13.0,-13.0,3913.0,56.0,-56.0,0.62,0.01,-0.01,0.64,0.02,-0.02,0.45,4e-06,13.0,0.01,0.01,0.02,0
TOI-3785 b,TOI-3785,1,5.14,0.16,-0.16,4.6747373,3.8e-06,-3.8e-06,582.0,16.0,-16.0,3576.0,88.0,-88.0,0.5,0.01,-0.01,0.52,0.02,-0.02,0.16,3.8e-06,16.0,0.01,0.01,0.02,0
TOI-3807 b,TOI-3807,1,18.49481816,,,2.8989727,3.8e-06,-3.9e-06,1646.0,25.0,-24.0,5772.0,84.0,-80.0,1.468,0.037,-0.037,1.181,0.064,-0.092,0.0,3.85e-06,24.5,0.037,0.037,0.078,0
TOI-3819 b,TOI-3819,1,13.13692538,0.40352331,-0.39231432,3.2443141,5.5e-06,-5.5e-06,1633.0,21.0,-19.0,5859.0,72.0,-71.0,1.538,0.037,-0.037,1.242,0.057,-0.076,0.39791881500000004,5.5e-06,20.0,0.037,0.037,0.0665,0
TOI-3837 b,TOI-3837,1,10.87271128,0.56044903,-0.67253884,11.88865,3e-05,-3e-05,1178.0,29.0,-31.0,5905.0,157.0,-155.0,1.2,0.06,-0.05,0.89,0.05,-0.05,0.616493935,3e-05,30.0,0.055,0.055,0.05,0
TOI-3856 b,TOI-3856,1,13.59649359,0.28022452,-0.26901554,2.04360352,9.4e-07,-9.4e-07,1544.0,14.0,-13.0,5622.0,50.0,-50.0,1.055,0.017,-0.017,1.096,0.045,-0.049,0.27462003,9.4e-07,13.5,0.017,0.017,0.047,0
TOI-3862 b,TOI-3862,1,5.53,0.18,-0.18,1.55745774,3.6e-07,-4.2e-07,1539.0,36.0,-36.0,5300.0,50.0,-50.0,0.92,0.03,-0.03,0.9,0.07,-0.07,0.18,3.8999999999999997e-07,36.0,0.03,0.03,0.07,0
TOI-3877 b,TOI-3877,1,11.67975789,0.49319515,-0.48198617,4.123596,6.7e-06,-6.7e-06,1445.0,19.0,-17.0,5731.0,82.0,-81.0,1.445,0.043,-0.042,1.16,0.066,-0.089,0.48759066,6.7e-06,18.0,0.042499999999999996,0.042499999999999996,0.0775,0
TOI-3884 b,TOI-3884,1,6.43,0.2,-0.2,4.5445828,9.8e-06,-9.8e-06,441.0,15.0,-15.0,3180.0,88.0,-88.0,0.302,0.012,-0.012,0.298,0.018,-0.018,0.2,9.8e-06,15.0,0.012,0.012,0.018,0
TOI-3894 b,TOI-3894,1,15.27784069,0.61649394,-0.57165802,4.33454,2.2e-06,-2.2e-06,1531.0,17.0,-15.0,6000.0,110.0,-110.0,1.502,0.055,-0.052,1.138,0.089,-0.075,0.59407598,2.2e-06,16.0,0.0535,0.0535,0.08199999999999999,0
TOI-3912 b,TOI-3912,1,14.28024141,0.45956821,-0.44835923,3.4936264,3.8e-06,-3.8e-06,1512.0,20.0,-20.0,5725.0,69.0,-68.0,1.392,0.035,-0.034,1.088,0.086,-0.07,0.45396371999999996,3.8e-06,20.0,0.0345,0.0345,0.078,0
TOI-3919 b,TOI-3919,1,12.31866979,0.582867,-0.56044903,7.433234,1.4e-05,-1.4e-05,1198.0,15.0,-14.0,6100.0,110.0,-110.0,1.319,0.052,-0.048,1.208,0.067,-0.07,0.571658015,1.4e-05,14.5,0.05,0.05,0.0685,0
TOI-3976 A b,TOI-3976 A,1,12.27383387,0.40352331,-0.39231432,6.607662,1.6e-05,-1.5e-05,1295.0,16.0,-14.0,5975.0,70.0,-69.0,1.501,0.039,-0.038,1.254,0.067,-0.072,0.39791881500000004,1.55e-05,15.0,0.0385,0.0385,0.0695,0
TOI-3980 b,TOI-3980,1,14.4595851,2.24179614,-1.12089807,3.6089254,3e-06,-3.1e-06,1621.0,29.0,-28.0,5840.0,140.0,-140.0,1.626,0.055,-0.05,1.24,0.08,-0.13,1.681347105,3.05e-06,28.5,0.052500000000000005,0.052500000000000005,0.10500000000000001,0
TOI-3984 A b,TOI-3984 A,1,7.9,0.24,-0.24,4.353326,5e-06,-5e-06,563.0,15.0,-15.0,3476.0,88.0,-88.0,0.47,0.01,-0.01,0.49,0.02,-0.02,0.24,5e-06,15.0,0.01,0.01,0.02,0
TOI-4010 b,TOI-4010,1,3.02,0.08,-0.08,1.348335,3e-06,-2e-06,1441.0,14.0,-13.0,4960.0,36.0,-36.0,0.83,0.01,-0.01,0.88,0.03,-0.03,0.08,2.4999999999999998e-06,13.5,0.01,0.01,0.03,0
TOI-4010 c,TOI-4010,1,5.93,0.11,-0.12,5.414654,7e-06,-7e-06,907.0,9.0,-8.0,4960.0,36.0,-36.0,0.83,0.01,-0.01,0.88,0.03,-0.03,0.11499999999999999,7e-06,8.5,0.01,0.01,0.03,0
TOI-4010 d,TOI-4010,1,6.18,0.14,-0.15,14.70886,3e-05,-3e-05,650.0,6.0,-6.0,4960.0,36.0,-36.0,0.83,0.01,-0.01,0.88,0.03,-0.03,0.14500000000000002,3e-05,6.0,0.01,0.01,0.03,0
TOI-406 c,TOI-406,1,1.32,0.12,-0.12,3.307441,1e-05,-8e-06,584.0,22.0,-22.0,3392.0,44.0,-44.0,0.41,0.029,-0.027,0.408,0.046,-0.042,0.12,9e-06,22.0,0.028,0.028,0.044,0
TOI-406.01,TOI-406,1,2.08,0.16,-0.15,13.175682,1.7e-05,-1.6e-05,368.0,14.0,-14.0,3392.0,44.0,-44.0,0.41,0.029,-0.027,0.408,0.046,-0.042,0.155,1.65e-05,14.0,0.028,0.028,0.044,0
TOI-4087 b,TOI-4087,1,13.04725353,0.28022452,-0.26901554,3.1774835,9.4e-07,-9.4e-07,1458.0,20.0,-17.0,6060.0,74.0,-67.0,1.112,0.021,-0.02,1.178,0.039,-0.042,0.27462003,9.4e-07,18.5,0.0205,0.0205,0.0405,0
TOI-411 b,HD 22946,1,1.362,0.04,-0.04,4.040295,1.5e-05,-1.4e-05,1241.0,14.0,-14.0,6169.0,64.0,-64.0,1.117,0.009,-0.009,1.098,0.04,-0.039,0.04,1.45e-05,14.0,0.009,0.009,0.0395,0
TOI-411 c,HD 22946,1,2.328,0.038,-0.039,9.573083,1.4e-05,-1.4e-05,931.0,11.0,-11.0,6169.0,64.0,-64.0,1.117,0.009,-0.009,1.098,0.04,-0.039,0.0385,1.4e-05,11.0,0.009,0.009,0.0395,0
TOI-4127 b,TOI-4127,1,12.28504285,0.43715025,-0.35868738,56.39879,0.0001,-0.0001,605.1,9.6,-8.2,6096.0,115.0,-115.0,1.293,0.05,-0.05,1.23,0.07,-0.07,0.39791881500000004,0.0001,8.899999999999999,0.05,0.05,0.07,0
TOI-4137 b,TOI-4137,1,13.57407563,0.44835923,-0.43715025,3.8016122,6.5e-06,-6.5e-06,1570.0,25.0,-24.0,6202.0,94.0,-90.0,1.438,0.039,-0.038,1.313,0.068,-0.071,0.44275474000000004,6.5e-06,24.5,0.0385,0.0385,0.0695,0
TOI-4145 A b,TOI-4145 A,1,13.30506009,0.35868738,-0.3474784,4.0664428,5.8e-06,-5.8e-06,1074.0,19.0,-16.0,5281.0,86.0,-76.0,0.859,0.018,-0.017,0.905,0.043,-0.044,0.35308289000000004,5.8e-06,17.5,0.0175,0.0175,0.0435,0
TOI-4153 b,TOI-4153,1,16.11851425,0.50440413,-0.47077719,4.6174141,1.5e-06,-1.5e-06,1669.0,29.0,-39.0,6860.0,150.0,-180.0,1.605,0.048,-0.046,1.572,0.064,-0.071,0.48759065999999995,1.5e-06,34.0,0.047,0.047,0.0675,0
TOI-4155 b,TOI-4155,1,3.21,0.17,-0.17,3.320729,5.8e-05,-5.8e-05,1255.0,,,5724.0,50.0,-50.0,0.95,0.05,-0.05,1.16,0.22,-0.22,0.17,5.8e-05,0.0,0.05,0.05,0.22,0
TOI-4184 b,TOI-4184,1,2.43,0.21,-0.21,4.9019804,5.2e-06,-5.2e-06,412.0,8.0,-8.0,3238.0,48.0,-49.0,0.2347,0.015,-0.015,0.2109,0.029,-0.026,0.21,5.2e-06,8.0,0.015,0.015,0.0275,0
TOI-4201 b,TOI-4201,1,13.67495645,0.44835923,-0.44835923,3.5819194,1.1e-06,-1.1e-06,725.0,20.0,-20.0,3794.0,79.0,-79.0,0.63,0.02,-0.02,0.61,0.02,-0.02,0.44835923,1.1e-06,20.0,0.02,0.02,0.02,0
TOI-421 b,TOI-421,1,2.64,0.08,-0.08,5.197576,5e-06,-5e-06,922.0,14.0,-14.0,5291.0,64.0,-64.0,0.866,0.006,-0.006,0.833,0.048,-0.054,0.08,5e-06,14.0,0.006,0.006,0.051000000000000004,0
TOI-421 c,TOI-421,1,5.09,0.07,-0.07,16.067541,4e-06,-4e-06,635.0,9.0,-9.0,5291.0,64.0,-64.0,0.866,0.006,-0.006,0.833,0.048,-0.054,0.07,4e-06,9.0,0.006,0.006,0.051000000000000004,0
TOI-4214 b,TOI-4214,1,10.68215861,0.35868738,-0.33626942,3.4913885,3.3e-06,-3.2e-06,1642.0,47.0,-40.0,6370.0,220.0,-210.0,1.434,0.04,-0.038,1.382,0.064,-0.076,0.34747839999999997,3.2500000000000002e-06,43.5,0.039,0.039,0.07,0
TOI-4308 b,TOI-4308,1,2.4189,0.1195,-0.1333,9.151201,3.6e-05,-3.7e-05,763.05,,,5243.0,126.0,-126.0,0.7934,0.0465,-0.0465,0.9,0.1133,-0.1133,0.1264,3.65e-05,0.0,0.0465,0.0465,0.1133,0
TOI-431 b,TOI-431,1,1.28,0.04,-0.04,0.490047,1e-05,-7e-06,1862.0,42.0,-42.0,4850.0,75.0,-75.0,0.731,0.022,-0.022,0.78,0.07,-0.07,0.04,8.5e-06,42.0,0.022,0.022,0.07,0
TOI-431 d,TOI-431,1,3.29,0.09,-0.09,12.46103,2e-05,-2e-05,633.0,14.0,-14.0,4850.0,75.0,-75.0,0.731,0.022,-0.022,0.78,0.07,-0.07,0.09,2e-05,14.0,0.022,0.022,0.07,0
TOI-4336 A b,TOI-4336 A,1,2.137,0.08,-0.08,16.336351,1.7e-05,-1.7e-05,309.4,6.9,-7.4,3307.0,94.0,-94.0,0.326,0.01,-0.01,0.306,0.008,-0.008,0.08,1.7e-05,7.15,0.01,0.01,0.008,0
TOI-4336 A c,TOI-4336 A,1,1.251,0.066,-0.066,7.587266,1.2e-05,-1.2e-05,399.5,8.9,-9.5,3307.0,94.0,-94.0,0.326,0.01,-0.01,0.306,0.008,-0.008,0.066,1.2e-05,9.2,0.01,0.01,0.008,0
TOI-4342 b,TOI-4342,1,2.329,0.086,-0.085,5.5382592,3.4e-06,-3.4e-06,639.0,20.0,-19.0,3866.0,92.0,-92.0,0.598,0.018,-0.018,0.587,0.013,-0.013,0.08549999999999999,3.4e-06,19.5,0.018,0.018,0.013,0
TOI-4342 c,TOI-4342,1,2.349,0.094,-0.092,10.688662,0.00015,-0.00015,514.0,16.0,-16.0,3866.0,92.0,-92.0,0.598,0.018,-0.018,0.587,0.013,-0.013,0.093,0.00015,16.0,0.018,0.018,0.013,0
TOI-4364 b,TOI-4364,1,2.01,0.1,-0.08,5.424019,1e-05,-1.1e-05,488.0,9.0,-7.0,3528.0,33.0,-20.0,0.4684,0.0087,-0.01,0.487,0.017,-0.016,0.09,1.0500000000000001e-05,8.0,0.00935,0.00935,0.0165,0
TOI-4406 b,TOI-4406,1,11.2089807,0.22417961,-0.22417961,30.08364,5e-05,-5e-05,904.0,16.0,-17.0,6219.0,70.0,-70.0,1.29,0.01,-0.01,1.19,0.03,-0.03,0.22417961,5e-05,16.5,0.01,0.01,0.03,0
TOI-4438 b,TOI-4438,1,2.52,0.13,-0.13,7.44628,9e-06,-9e-06,435.0,15.0,-15.0,3422.0,81.0,-81.0,0.372,0.018,-0.018,0.368,0.021,-0.021,0.13,9e-06,15.0,0.018,0.018,0.021,0
TOI-444 b,TOI-444,1,2.77,0.2,-0.2,17.9636,4e-05,-4e-05,609.0,61.0,-61.0,5225.0,70.0,-70.0,0.779,0.053,-0.053,0.96,0.13,-0.13,0.2,4e-05,61.0,0.053,0.053,0.13,0
TOI-4443.01,TOI-4443,1,1.7193265,0.1346603,-0.1346603,1.8498567,,,1638.82,,,5834.0,,,1.01733,,,1.049133,,,0.1346603,0.0,0.0,0.0,0.0,0.0,0
TOI-4463 A b,TOI-4463 A,1,13.26022417,0.71737476,-0.50440413,2.8807198,2.8e-06,-2.7e-06,1395.0,25.0,-22.0,5640.0,89.0,-82.0,1.062,0.027,-0.024,1.056,0.059,-0.063,0.610889445,2.75e-06,23.5,0.025500000000000002,0.025500000000000002,0.061,0
TOI-4465 b,TOI-4465,1,14.01122587,0.89671846,-0.78462865,101.94054,0.0004,-0.00036,427.0,65.0,-65.0,5545.0,19.0,-19.0,1.014,0.041,-0.041,0.93,0.06,-0.06,0.840673555,0.00038,65.0,0.041,0.041,0.06,0
TOI-4479 b,TOI-4479,1,2.82,0.65,-0.63,1.1589,1e-05,-2e-05,861.0,64.0,-103.0,3400.0,100.0,-100.0,0.451,0.085,-0.085,0.452,0.09,-0.09,0.64,1.5000000000000002e-05,83.5,0.085,0.085,0.09,0
TOI-4487 A b,TOI-4487 A,1,14.60530185,0.77341967,-0.71737476,3.9540709,2.1e-06,-2.1e-06,1639.0,17.0,-16.0,6206.0,90.0,-88.0,1.634,0.046,-0.046,1.378,0.065,-0.064,0.745397215,2.1e-06,16.5,0.046,0.046,0.0645,0
TOI-4495 b,TOI-4495,1,2.483,0.138,-0.095,2.56699,0.00019,-0.0002,1735.0,60.0,-60.0,6210.0,70.0,-70.0,1.309,0.059,-0.059,1.247,0.045,-0.045,0.1165,0.00019500000000000002,60.0,0.059,0.059,0.045,0
TOI-4495 c,TOI-4495,1,4.03,0.23,-0.15,5.18553,0.0002,-0.00018,1365.0,33.0,-33.0,6210.0,70.0,-70.0,1.309,0.059,-0.059,1.247,0.045,-0.045,0.19,0.00019,33.0,0.059,0.059,0.045,0
TOI-451 b,TOI-451,1,1.84,0.11,-0.11,1.8587033,9.3e-06,-1.14e-05,1474.0,45.0,-40.0,5490.0,115.0,-115.0,0.85,0.03,-0.03,0.93,0.04,-0.04,0.11,1.0350000000000001e-05,42.5,0.03,0.03,0.04,0
TOI-451 c,TOI-451,1,2.93,0.16,-0.16,9.192463,1.7e-05,-1.7e-05,865.0,27.0,-24.0,5490.0,115.0,-115.0,0.85,0.03,-0.03,0.93,0.04,-0.04,0.16,1.7e-05,25.5,0.03,0.03,0.04,0
TOI-451 d,TOI-451,1,3.93,0.2,-0.2,16.364962,1.5e-05,-1.5e-05,714.0,22.0,-19.0,5490.0,115.0,-115.0,0.85,0.03,-0.03,0.93,0.04,-0.04,0.2,1.5e-05,20.5,0.03,0.03,0.04,0
TOI-4515 b,TOI-4515,1,12.17,0.43,-0.43,15.266446,1.3e-05,-1.3e-05,705.0,10.0,-10.0,5433.0,70.0,-70.0,0.86,0.03,-0.03,0.949,0.02,-0.02,0.43,1.3e-05,10.0,0.03,0.03,0.02,0
TOI-4527.01,TOI-4527,1,0.9086617,0.953413,-0.953413,0.3994445,,,1362.93,,,3702.0,,,0.485948,,,0.483901,,,0.953413,0.0,0.0,0.0,0.0,0.0,0
TOI-4529 b,TOI-4529,1,1.77,0.09,-0.08,5.879577,1.1e-05,-1e-05,511.0,34.0,-15.0,3697.0,71.0,-71.0,0.48,0.019,-0.019,0.482,0.023,-0.023,0.08499999999999999,1.0500000000000001e-05,24.5,0.019,0.019,0.023,0
TOI-4559 b,TOI-4559,1,1.415,0.126,-0.112,3.965991,0.000314,-0.000332,554.16,19.14,-19.14,3558.0,73.0,-83.0,0.374,0.017,-0.015,0.392,0.027,-0.026,0.119,0.000323,19.14,0.016,0.016,0.0265,0
TOI-4600 b,TOI-4600,1,6.8,0.31,-0.3,82.6869,0.0003,-0.0003,347.0,12.0,-11.0,5170.0,120.0,-120.0,0.81,0.03,-0.03,0.89,0.05,-0.05,0.305,0.0003,11.5,0.03,0.03,0.05,0
TOI-4600 c,TOI-4600,1,9.42,0.42,-0.41,482.8191,0.0018,-0.0017,191.0,6.0,-6.0,5170.0,120.0,-120.0,0.81,0.03,-0.03,0.89,0.05,-0.05,0.415,0.0017499999999999998,6.0,0.03,0.03,0.05,0
TOI-4602.01,TOI-4602,1,2.550449,0.7836124,-0.7836124,3.9812091,,,1380.27,,,6011.9,,,1.15664,,,1.116795,,,0.7836124,0.0,0.0,0.0,0.0,0.0,0
TOI-4603 b,TOI-4603,1,11.67975789,0.42594127,-0.39231432,7.24599,0.00022,-0.00021,1677.0,24.0,-24.0,6264.0,95.0,-94.0,2.738,0.048,-0.05,1.765,0.061,-0.061,0.40912779499999996,0.00021500000000000002,24.0,0.049,0.049,0.061,0
TOI-4666 b,TOI-4666,1,12.53164042,0.39231432,-0.39231432,2.9089165,7e-06,-7e-06,695.0,15.0,-15.0,3793.0,80.0,-80.0,0.585,0.018,-0.018,0.576,0.012,-0.012,0.39231432,7e-06,15.0,0.018,0.018,0.012,0
TOI-469.01,TOI-469,1,3.41,0.046,-0.046,13.6308205,9e-06,-9e-06,716.0,12.0,-12.0,5289.0,69.0,-69.0,0.98,0.007,-0.007,0.901,0.043,-0.043,0.046,9e-06,12.0,0.007,0.007,0.043,0
TOI-470 b,TOI-470,1,4.34,0.29,-0.29,12.19148,3e-05,-3e-05,660.0,70.0,-70.0,5190.0,90.0,-90.0,0.831,0.021,-0.021,0.87,0.09,-0.09,0.29,3e-05,70.0,0.021,0.021,0.09,0
TOI-4734 b,TOI-4734,1,10.9175472,0.28022452,-0.25780656,6.235633,1e-05,-1.1e-05,1468.0,36.0,-33.0,6070.0,160.0,-150.0,1.857,0.038,-0.036,1.391,0.074,-0.097,0.26901554,1.0500000000000001e-05,34.5,0.037,0.037,0.08549999999999999,0
TOI-4773 b,TOI-4773,1,15.22179579,0.54924005,-0.53803107,1.7452851,1.4e-06,-1.4e-06,2255.0,73.0,-59.0,6740.0,250.0,-200.0,1.55,0.046,-0.046,1.452,0.082,-0.075,0.54363556,1.4e-06,66.0,0.046,0.046,0.0785,0
TOI-4791 b,TOI-4791,1,12.44196858,0.56044903,-0.56044903,4.28088,2.2e-05,-2.3e-05,1472.0,26.0,-24.0,6058.0,99.0,-94.0,1.409,0.039,-0.038,1.242,0.072,-0.077,0.56044903,2.2499999999999998e-05,25.0,0.0385,0.0385,0.0745,0
TOI-4794 b,TOI-4794,1,14.35870428,0.49319515,-0.43715025,3.5658116,6.3e-06,-6.3e-06,1673.0,35.0,-33.0,6390.0,160.0,-150.0,1.451,0.036,-0.03,1.25,0.068,-0.075,0.4651727,6.3e-06,34.0,0.033,0.033,0.07150000000000001,0
TOI-480 b,TOI-480,1,2.85372018,0.13233983,-0.10240654,6.866196,1.4e-05,-1.4e-05,1198.94,25.36,-27.14,6174.0,90.0,-119.0,1.4877,0.0443,-0.0338,1.2793,0.0282,-0.0288,0.11737318499999999,1.4e-05,26.25,0.03905,0.03905,0.028499999999999998,0
TOI-481 b,TOI-481,1,11.09691,0.11209,-0.11209,10.33111,2e-05,-2e-05,1370.0,10.0,-10.0,5735.0,72.0,-72.0,1.66,0.02,-0.02,1.14,0.02,-0.01,0.11209,2e-05,10.0,0.02,0.02,0.015,0
TOI-4860 b,TOI-4860,1,8.7,0.4,-0.4,1.5227591,3e-07,-3e-07,694.0,15.0,-15.0,3260.0,50.0,-50.0,0.358,0.015,-0.015,0.34,0.009,-0.009,0.4,3e-07,15.0,0.015,0.015,0.009,0
TOI-4914 b,TOI-4914,1,12.87,0.36,-0.36,10.60057,1e-05,-1e-05,894.0,20.0,-20.0,5805.0,62.0,-62.0,1.0,0.023,-0.023,1.03,0.06,-0.06,0.36,1e-05,20.0,0.023,0.023,0.06,0
TOI-4940 b,TOI-4940,1,6.61,0.37,-0.37,25.867811,5.8e-05,-5.6e-05,643.0,21.0,-18.0,5504.0,43.0,-55.0,1.163,0.054,-0.053,1.012,0.04,-0.047,0.37,5.7e-05,19.5,0.0535,0.0535,0.0435,0
TOI-4961 b,TOI-4961,1,12.34108775,0.45956821,-0.43715025,7.479182,8.2e-06,-8.2e-06,919.0,30.0,-29.0,5380.0,180.0,-170.0,0.912,0.032,-0.03,0.912,0.051,-0.04,0.44835923,8.2e-06,29.5,0.031,0.031,0.0455,0
TOI-4994 b,TOI-4994,1,8.54124329,0.33626942,-0.30264248,21.491984,2.3e-05,-2.3e-05,717.6,9.7,-10.0,5640.0,110.0,-110.0,1.055,0.04,-0.037,1.005,0.064,-0.061,0.31945595,2.3e-05,9.85,0.0385,0.0385,0.0625,0
TOI-500 b,TOI-500,1,1.166,0.061,-0.058,0.548177,1.9e-05,-1.9e-05,1617.0,41.0,-41.0,4440.0,100.0,-100.0,0.678,0.016,-0.016,0.74,0.017,-0.017,0.0595,1.9e-05,41.0,0.016,0.016,0.017,0
TOI-5005 b,TOI-5005,1,6.25,0.24,-0.24,6.3085044,9.2e-06,-8.8e-06,1040.0,20.0,-20.0,5749.0,61.0,-61.0,0.93,0.03,-0.03,0.97,0.02,-0.02,0.24,9e-06,20.0,0.03,0.03,0.02,0
TOI-5007 b,TOI-5007,1,11.07447293,0.3474784,-0.3474784,2.543371,1e-06,-1e-06,774.0,19.0,-19.0,3793.0,80.0,-80.0,0.656,0.019,-0.019,0.632,0.013,-0.013,0.3474784,1e-06,19.0,0.019,0.019,0.013,0
TOI-5027 b,TOI-5027,1,10.76062147,0.56044903,-0.67253884,10.24368,1e-05,-1e-05,1056.0,23.0,-24.0,5909.0,145.0,-144.0,0.92,0.04,-0.04,1.02,0.05,-0.05,0.616493935,1e-05,23.5,0.04,0.04,0.05,0
TOI-5076 b,TOI-5076,1,3.48935569,0.09975993,-0.09415544,23.443162,6.2e-05,-6.3e-05,550.0,14.0,-14.0,4780.0,120.0,-120.0,0.844,0.02,-0.019,0.789,0.046,-0.047,0.096957685,6.25e-05,14.0,0.0195,0.0195,0.0465,0
TOI-5082.01,TOI-5082,1,2.54811,0.129562,-0.129562,4.240122,,,1164.91,,,5670.0,,,0.93,,,0.99665,,,0.129562,0.0,0.0,0.0,0.0,0.0,0
TOI-5108 b,TOI-5108,1,6.6,0.1,-0.1,6.753581,7e-06,-7e-06,1180.0,40.0,-40.0,5808.0,40.0,-40.0,1.29,0.04,-0.04,1.1,0.03,-0.03,0.1,7e-06,40.0,0.04,0.04,0.03,0
TOI-5110 b,TOI-5110,1,11.98240037,0.60528496,-0.582867,30.158577,9.2e-05,-9.5e-05,976.0,33.0,-32.0,6160.0,150.0,-150.0,2.333,0.097,-0.096,1.469,0.089,-0.088,0.59407598,9.35e-05,32.5,0.0965,0.0965,0.0885,0
TOI-512 b,TOI-512,1,1.54,0.1,-0.1,7.18886,6.9e-05,-7.7e-05,1009.0,29.0,-29.0,5277.0,67.0,-67.0,0.89,0.03,-0.03,0.74,0.03,-0.03,0.1,7.3e-05,29.0,0.03,0.03,0.03,0
TOI-5126 b,TOI-5126,1,4.74,0.16,-0.14,5.4588385,7e-06,-7.2e-06,1442.0,46.0,-40.0,6150.0,110.0,-130.0,1.241,0.032,-0.027,1.24,0.05,-0.046,0.15000000000000002,7.1e-06,43.0,0.0295,0.0295,0.048,0
TOI-5126 c,TOI-5126,1,3.86,0.17,-0.16,17.8999,0.0018,-0.0013,971.0,31.0,-27.0,6150.0,110.0,-130.0,1.241,0.032,-0.027,1.24,0.05,-0.046,0.165,0.00155,29.0,0.0295,0.0295,0.048,0
TOI-5153 b,TOI-5153,1,11.88151954,0.44835923,-0.44835923,20.33003,7e-05,-7e-05,906.0,13.0,-13.0,6300.0,80.0,-80.0,1.4,0.04,-0.04,1.24,0.07,-0.07,0.44835923,7e-05,13.0,0.04,0.04,0.07,0
TOI-5181 A b,TOI-5181 A,1,13.34989601,0.44835923,-0.42594127,3.8922295,2.3e-06,-2.3e-06,1585.0,25.0,-32.0,6060.0,120.0,-140.0,1.53,0.041,-0.041,1.25,0.06,-0.072,0.43715024999999996,2.3e-06,28.5,0.041,0.041,0.066,0
TOI-519 b,TOI-519,1,11.54525012,0.33626942,-0.33626942,1.2652328,5e-07,-5e-07,687.0,14.0,-14.0,3322.0,49.0,-49.0,0.35,0.01,-0.01,0.335,0.008,-0.008,0.33626942,5e-07,14.0,0.01,0.01,0.008,0
TOI-5205 b,TOI-5205,1,11.6,0.3,-0.3,1.630757,1e-06,-1e-06,737.0,15.0,-15.0,3430.0,54.0,-54.0,0.394,0.011,-0.011,0.392,0.015,-0.015,0.3,1e-06,15.0,0.011,0.011,0.015,0
TOI-521 b,TOI-521,1,1.98,0.14,-0.14,1.54285047,1e-06,-8e-07,794.0,35.0,-35.0,3544.0,100.0,-100.0,0.421,0.028,-0.028,0.42,0.03,-0.03,0.14,9e-07,35.0,0.028,0.028,0.03,0
TOI-5210 b,TOI-5210,1,10.72699453,0.35868738,-0.26901554,4.5661061,2.4e-06,-2.3e-06,1286.0,19.0,-21.0,5723.0,95.0,-120.0,1.209,0.032,-0.026,1.105,0.063,-0.068,0.31385145999999997,2.35e-06,20.0,0.028999999999999998,0.028999999999999998,0.0655,0
TOI-5218 b,TOI-5218,1,9.86,0.39,-0.39,4.291452,4e-06,-4e-06,783.0,21.0,-21.0,4230.0,88.0,-88.0,0.708,0.022,-0.022,0.739,0.03,-0.03,0.39,4e-06,21.0,0.022,0.022,0.03,0
TOI-5232 b,TOI-5232,1,12.778238,0.57165802,-0.50440413,4.0966692,6.7e-06,-6.7e-06,1772.0,40.0,-45.0,6500.0,180.0,-190.0,1.785,0.067,-0.057,1.389,0.068,-0.075,0.5380310749999999,6.7e-06,42.5,0.062,0.062,0.07150000000000001,0
TOI-5261 b,TOI-5261,1,11.60129502,0.47077719,-0.45956821,4.1509768,6.8e-06,-6.8e-06,1244.0,30.0,-25.0,5790.0,140.0,-120.0,1.021,0.033,-0.032,1.037,0.053,-0.057,0.4651727,6.8e-06,27.5,0.0325,0.0325,0.055,0
TOI-5292 A b,TOI-5292 A,1,12.64373023,0.43715025,-0.41473229,2.02191,3e-06,-3e-06,809.0,22.0,-21.0,3919.0,80.0,-80.0,0.611,0.019,-0.019,0.596,0.013,-0.013,0.42594127000000004,3e-06,21.5,0.019,0.019,0.013,0
TOI-5293 A b,TOI-5293 A,1,11.9,0.4,-0.4,2.930289,4e-06,-4e-06,675.0,42.0,-30.0,3586.0,88.0,-88.0,0.52,0.02,-0.01,0.54,0.02,-0.02,0.4,4e-06,36.0,0.015,0.015,0.02,0
TOI-530 b,TOI-530,1,9.30345398,0.67253884,-0.67253884,6.387597,1.9e-05,-1.8e-05,565.0,28.0,-31.0,3659.0,120.0,-120.0,0.54,0.03,-0.03,0.53,0.02,-0.02,0.67253884,1.8500000000000002e-05,29.5,0.03,0.03,0.02,0
TOI-5300 b,TOI-5300,1,9.86390302,0.89671846,-0.89671846,2.262196,3e-06,-3e-06,1043.0,67.0,-66.0,4610.0,207.0,-207.0,0.65,0.06,-0.06,0.67,0.02,-0.02,0.89671846,3e-06,66.5,0.06,0.06,0.02,0
TOI-5301 b,TOI-5301,1,13.09208946,0.85188253,-0.78462865,5.858858,1.6e-05,-1.6e-05,1648.0,34.0,-31.0,6240.0,160.0,-160.0,2.19,0.12,-0.11,1.483,0.081,-0.14,0.81825559,1.6e-05,32.5,0.11499999999999999,0.11499999999999999,0.11050000000000001,0
TOI-5319 b,TOI-5319,1,2.83,0.57,-0.59,4.07853,8e-06,-8e-06,695.0,,,3580.0,124.25,-124.25,0.485,0.067,-0.067,0.5,0.096,-0.096,0.58,8e-06,0.0,0.067,0.067,0.096,0
TOI-532 b,TOI-532,1,5.82,0.19,-0.19,2.3266508,3e-06,-3e-06,867.0,18.0,-18.0,3927.0,37.0,-37.0,0.612,0.013,-0.012,0.639,0.023,-0.023,0.19,3e-06,18.0,0.0125,0.0125,0.023,0
TOI-5322 b,TOI-5322,1,16.6117094,0.3474784,-0.30264248,5.4233207,3.9e-06,-3.8e-06,1350.0,21.0,-19.0,5692.0,87.0,-83.0,1.462,0.028,-0.025,0.998,0.051,-0.046,0.32506044,3.85e-06,20.0,0.026500000000000003,0.026500000000000003,0.0485,0
TOI-5340 b,TOI-5340,1,15.07607904,0.57165802,-0.54924005,4.9394392,7.1e-06,-7.2e-06,1566.0,26.0,-29.0,5990.0,130.0,-150.0,1.842,0.055,-0.054,1.35,0.07,-0.15,0.560449035,7.149999999999999e-06,27.5,0.0545,0.0545,0.11,0
TOI-5344 b,TOI-5344,1,10.60369574,0.23538859,-0.23538859,3.792622,6.2e-06,-6.2e-06,689.0,12.0,-12.0,3747.0,64.0,-64.0,0.588,0.011,-0.011,0.612,0.034,-0.034,0.23538859,6.2e-06,12.0,0.011,0.011,0.034,0
TOI-5349 b,TOI-5349,1,10.2,0.3,-0.3,3.317921,2e-06,-2e-06,719.0,15.0,-15.0,3751.0,59.0,-59.0,0.58,0.01,-0.01,0.61,0.02,-0.02,0.3,2e-06,15.0,0.01,0.01,0.02,0
TOI-5350 b,TOI-5350,1,12.41955062,0.42594127,-0.32506044,7.581367,1.2e-05,-1.1e-05,1195.0,21.0,-19.0,6220.0,130.0,-120.0,1.263,0.037,-0.03,1.167,0.063,-0.066,0.37550085499999997,1.15e-05,20.0,0.0335,0.0335,0.0645,0
TOI-5386 A b,TOI-5386 A,1,14.70618268,0.32506044,-0.31385146,3.62156552,8.3e-07,-8.3e-07,1488.0,16.0,-16.0,6094.0,67.0,-65.0,1.245,0.022,-0.022,1.165,0.055,-0.055,0.31945595000000004,8.3e-07,16.0,0.022,0.022,0.055,0
TOI-5388.01,TOI-5388,1,0.99,0.07,-0.06,2.5946748,4.2e-06,-3e-06,488.0,54.0,-25.0,3440.0,85.0,-85.0,0.3,0.015,-0.015,0.292,0.018,-0.018,0.065,3.6e-06,39.5,0.015,0.015,0.018,0
TOI-5398 b,TOI-5398,1,10.3,0.4,-0.4,10.590547,1.2e-05,-1.1e-05,947.0,28.0,-28.0,6000.0,75.0,-75.0,1.051,0.013,-0.013,1.146,0.013,-0.013,0.4,1.15e-05,28.0,0.013,0.013,0.013,0
TOI-5398 c,TOI-5398,1,3.52,0.19,-0.19,4.77271,0.00016,-0.00014,1242.0,37.0,-37.0,6000.0,75.0,-75.0,1.051,0.013,-0.013,1.146,0.013,-0.013,0.19,0.00015000000000000001,37.0,0.013,0.013,0.013,0
TOI-540 b,TOI-540,1,0.903,0.052,-0.052,1.2391491,1.7e-06,-1.7e-06,611.0,23.0,-23.0,3216.0,83.0,-83.0,0.1895,0.0079,-0.0079,0.159,0.014,-0.014,0.052,1.7e-06,23.0,0.0079,0.0079,0.014,0
TOI-5422 b,TOI-5422,1,9.10169233,0.3474784,-0.28022452,5.377219,1e-05,-1e-05,1369.0,27.0,-25.0,5820.0,120.0,-120.0,1.474,0.048,-0.04,1.066,0.094,-0.069,0.31385145999999997,1e-05,26.0,0.044,0.044,0.0815,0
TOI-544 b,TOI-544,1,2.018,0.076,-0.076,1.548352,2e-06,-2e-06,999.0,14.0,-14.0,4169.0,70.0,-70.0,0.623,0.012,-0.012,0.631,0.018,-0.018,0.076,2e-06,14.0,0.012,0.012,0.018,0
TOI-5489 b,TOI-5489,1,1.4,0.05,-0.05,3.15222,1e-05,-1e-05,624.0,,,3547.0,157.0,-157.0,0.42,0.01,-0.01,0.41,0.02,-0.02,0.05,1e-05,0.0,0.01,0.01,0.02,0
TOI-5489 c,TOI-5489,1,1.28,0.07,-0.07,4.92126,1e-05,-1e-05,536.0,,,3547.0,157.0,-157.0,0.42,0.01,-0.01,0.41,0.02,-0.02,0.07,1e-05,0.0,0.01,0.01,0.02,0
TOI-5542 b,TOI-5542,1,11.30986153,0.40352331,-0.39231432,75.12375,0.00019,-0.00018,441.0,48.0,-74.0,5700.0,80.0,-80.0,1.058,0.036,-0.036,0.89,0.056,-0.031,0.39791881500000004,0.000185,61.0,0.036,0.036,0.0435,0
TOI-5573 b,TOI-5573,1,9.75,0.47,-0.47,8.79758977,9.86e-06,-1.001e-05,528.0,10.0,-10.0,3790.0,59.0,-59.0,0.594,0.011,-0.011,0.619,0.023,-0.023,0.47,9.935e-06,10.0,0.011,0.011,0.023,0
TOI-558 b,TOI-558,1,12.17295304,0.45956821,-0.42594127,14.574071,2.6e-05,-2.6e-05,1061.0,13.0,-12.0,6466.0,95.0,-93.0,1.496,0.042,-0.04,1.349,0.064,-0.065,0.44275474,2.6e-05,12.5,0.041,0.041,0.0645,0
TOI-559 b,TOI-559,1,12.22899794,0.31385146,-0.28022452,6.9839095,5.1e-06,-5.1e-06,1180.0,18.0,-16.0,5925.0,85.0,-76.0,1.233,0.028,-0.026,1.026,0.057,-0.057,0.29703799,5.1e-06,17.0,0.027,0.027,0.057,0
TOI-5592 b,TOI-5592,1,17.14974047,3.58687382,-1.79343691,2.6085846,1.8e-06,-1.8e-06,1789.0,25.0,-23.0,6237.0,100.0,-96.0,1.393,0.038,-0.038,1.194,0.069,-0.073,2.690155365,1.8e-06,24.0,0.038,0.038,0.07100000000000001,0
TOI-5616 b,TOI-5616,1,10.78,0.54,-0.47,2.002849,4e-06,-4e-06,939.0,27.0,-27.0,3996.0,88.0,-88.0,0.646,0.017,-0.017,0.666,0.025,-0.025,0.505,4e-06,27.0,0.017,0.017,0.025,0
TOI-5634 A b,TOI-5634 A,1,10.42,0.62,-0.55,2.2035373,8.4e-06,-8.4e-06,837.0,34.0,-34.0,3896.0,88.0,-88.0,0.54,0.017,-0.016,0.556,0.022,-0.022,0.585,8.4e-06,34.0,0.0165,0.0165,0.022,0
TOI-564 b,TOI-564,1,11.43318,7.95839,-3.25061,1.651144,1.8e-05,-1.8e-05,1714.0,20.0,-21.0,5640.0,34.0,-37.0,1.088,0.014,-0.014,0.998,0.068,-0.057,5.6045,1.8e-05,20.5,0.014,0.014,0.0625,0
TOI-5678 b,TOI-5678,1,4.91,0.08,-0.08,47.73022,0.00014,-0.00013,513.0,8.0,-7.0,5485.0,63.0,-63.0,0.938,0.007,-0.007,0.905,0.039,-0.041,0.08,0.00013499999999999997,7.5,0.007,0.007,0.04,0
TOI-5688 A b,TOI-5688 A,1,10.3,0.6,-0.7,2.94815527,4.52e-06,-4.48e-06,742.0,18.0,-18.0,3713.0,59.0,-59.0,0.57,0.02,-0.02,0.6,0.02,-0.02,0.6499999999999999,4.5e-06,18.0,0.02,0.02,0.02,0
TOI-5704 b,TOI-5704,1,3.2274,0.1873,-0.1398,3.771116,1.15e-05,-1.07e-05,949.07,,,4590.0,126.0,-126.0,0.7575,0.0593,-0.0593,0.73,0.0846,-0.0846,0.16355,1.1099999999999999e-05,0.0,0.0593,0.0593,0.0846,0
TOI-5713 b,TOI-5713,1,1.77,0.17,-0.14,10.441989,1.5e-05,-1.4e-05,347.2,3.0,-3.2,3225.0,41.0,-40.0,0.2992,0.0073,-0.0072,0.2653,0.0061,-0.0061,0.15500000000000003,1.45e-05,3.1,0.0072499999999999995,0.0072499999999999995,0.0061,0
TOI-5716 b,TOI-5716,1,0.96,0.05,-0.05,6.7663,1e-05,-1e-05,400.0,,,3436.0,79.0,-79.0,0.22,0.01,-0.01,0.19,0.01,-0.01,0.05,1e-05,0.0,0.01,0.01,0.01,0
TOI-5720 b,TOI-5720,1,1.09,0.07,-0.07,1.4344555,3.6e-06,-3.6e-06,708.0,19.0,-19.0,3325.0,75.0,-75.0,0.383,0.018,-0.018,0.383,0.019,-0.019,0.07,3.6e-06,19.0,0.018,0.018,0.019,0
TOI-5728 b,TOI-5728,1,1.31,0.05,-0.05,11.49761,3e-05,-3e-05,382.0,,,3419.0,70.0,-70.0,0.37,0.01,-0.01,0.36,0.02,-0.02,0.05,3e-05,0.0,0.01,0.01,0.02,0
TOI-5734 b,TOI-5734,1,2.1,0.12,-0.12,6.1841876,8e-06,-9.4e-06,688.0,23.0,-23.0,4750.0,100.0,-100.0,0.639,0.034,-0.034,0.724,0.009,-0.009,0.12,8.7e-06,23.0,0.034,0.034,0.009,0
TOI-5736 b,TOI-5736,1,1.56,0.07,-0.07,0.64899,1e-05,-1e-05,1311.0,,,3949.0,157.0,-157.0,0.58,0.02,-0.02,0.57,0.02,-0.02,0.07,1e-05,0.0,0.02,0.02,0.02,0
TOI-5786 b,TOI-5786,1,8.54,0.13,-0.13,12.779107,1.5e-05,-1.5e-05,1040.0,40.0,-40.0,6235.0,50.0,-50.0,1.36,0.03,-0.05,1.23,0.04,-0.03,0.13,1.5e-05,40.0,0.04,0.04,0.035,0
TOI-5788 b,TOI-5788,1,1.528,0.075,-0.075,6.340758,3e-05,-3e-05,910.0,,,5615.0,25.0,-25.0,0.87,0.006,-0.006,0.87,0.04,-0.04,0.075,3e-05,0.0,0.006,0.006,0.04,0
TOI-5788 c,TOI-5788,1,2.272,0.039,-0.039,16.213362,2.6e-05,-2.6e-05,667.0,,,5615.0,25.0,-25.0,0.87,0.006,-0.006,0.87,0.04,-0.04,0.039,2.6e-05,0.0,0.006,0.006,0.04,0
TOI-5789 c,TOI-5789,1,2.86,0.18,-0.15,12.927748,1.6e-05,-1.6e-05,718.0,15.0,-15.0,5185.0,80.0,-80.0,0.833,0.023,-0.023,0.821,0.032,-0.027,0.16499999999999998,1.6e-05,15.0,0.023,0.023,0.0295,0
TOI-5795 b,TOI-5795,1,5.62,0.11,-0.11,6.1406325,5.4e-06,-5.4e-06,1136.78,18.89,-18.02,5715.0,55.0,-55.0,1.082,0.026,-0.026,0.901,0.055,-0.037,0.11,5.4e-06,18.455,0.026,0.026,0.046,0
TOI-5799 b,TOI-5799,1,1.733,0.096,-0.09,4.164507,5e-06,-6e-06,505.0,16.0,-16.0,3452.0,96.0,-96.0,0.321,0.014,-0.014,0.325,0.03,-0.03,0.093,5.5e-06,16.0,0.014,0.014,0.03,0
TOI-5799 c,TOI-5799,1,1.76,0.11,-0.1,14.010449,5.6e-05,-4.6e-05,337.0,11.0,-11.0,3452.0,96.0,-96.0,0.321,0.014,-0.014,0.325,0.03,-0.03,0.10500000000000001,5.1e-05,11.0,0.014,0.014,0.03,0
TOI-5800 b,TOI-5800,1,2.46,0.18,-0.16,2.6278838,3.7e-06,-3.7e-06,1108.0,20.0,-20.0,4850.0,78.0,-78.0,0.773,0.023,-0.023,0.778,0.037,-0.032,0.16999999999999998,3.7e-06,20.0,0.023,0.023,0.0345,0
TOI-5803 b,TOI-5803,1,3.2732,0.1251,-0.1194,5.38305,0.000207,-0.0002,678.87,,,5134.0,121.0,-121.0,0.7625,0.0451,-0.0451,0.87,0.1032,-0.1032,0.12225,0.0002035,0.0,0.0451,0.0451,0.1032,0
TOI-5817 b,TOI-5817,1,3.08,0.14,-0.14,15.61031,0.00012,-0.0001,950.0,21.0,-18.0,5770.0,50.0,-50.0,1.427,0.043,-0.04,0.97,0.072,-0.055,0.14,0.00011,19.5,0.041499999999999995,0.041499999999999995,0.0635,0
TOI-5882 b,TOI-5882,1,11.46678726,0.50440413,-0.42594127,7.148972,1.4e-05,-1.4e-05,1515.0,50.0,-46.0,5920.0,210.0,-210.0,2.26,0.072,-0.052,1.334,0.055,-0.065,0.4651727,1.4e-05,48.0,0.062,0.062,0.06,0
TOI-5916 b,TOI-5916,1,11.35469745,0.35868738,-0.36989636,2.367128,1e-06,-1e-06,683.0,43.0,-29.0,3613.0,80.0,-80.0,0.48,0.015,-0.015,0.477,0.011,-0.011,0.36429186999999996,1e-06,36.0,0.015,0.015,0.011,0
TOI-5938 b,TOI-5938,1,3.82,0.11,-0.11,2.260424,3.6e-06,-3.3e-06,1077.0,16.0,-15.0,4650.0,50.0,-50.0,0.712,0.018,-0.018,0.744,0.016,-0.016,0.11,3.45e-06,15.5,0.018,0.018,0.016,0
TOI-6000 b,TOI-6000,1,0.94,0.05,-0.05,0.448959,1.1e-05,-1.1e-05,1120.0,,,3419.0,157.0,-157.0,0.38,0.01,-0.01,0.37,0.02,-0.02,0.05,1.1e-05,0.0,0.01,0.01,0.02,0
TOI-6002 b,TOI-6002,1,1.65,0.22,-0.19,10.904821,2.1e-05,-1.8e-05,321.4,6.6,-5.2,3229.0,77.0,-57.0,0.2432,0.0063,-0.0065,0.2101,0.0049,-0.0048,0.20500000000000002,1.95e-05,5.9,0.0063999999999999994,0.0063999999999999994,0.00485,0
TOI-6008 b,TOI-6008,1,1.03,0.05,-0.05,0.8574347,4.24e-05,-4.24e-05,707.0,19.0,-19.0,3075.0,75.0,-75.0,0.242,0.013,-0.013,0.23,0.011,-0.011,0.05,4.24e-05,19.0,0.013,0.013,0.011,0
TOI-6016 b,TOI-6016,1,13.67495645,0.33626942,-0.33626942,4.023687,3e-06,-3e-06,1890.0,40.0,-40.0,6110.0,50.0,-50.0,1.51,0.03,-0.03,1.31,0.08,-0.08,0.33626942,3e-06,40.0,0.03,0.03,0.08,0
TOI-6034 b,TOI-6034,1,11.92,0.48,-0.48,2.576184,2e-06,-2e-06,714.0,21.0,-21.0,3635.0,88.0,-88.0,0.489,0.015,-0.014,0.514,0.025,-0.022,0.48,2e-06,21.0,0.014499999999999999,0.014499999999999999,0.0235,0
TOI-6038 A b,TOI-6038 A,1,6.41,0.2,-0.16,5.8267311,7.4e-06,-6.8e-06,1439.0,25.0,-24.0,6110.0,100.0,-100.0,1.648,0.045,-0.035,1.291,0.066,-0.06,0.18,7.1e-06,24.5,0.04,0.04,0.063,0
TOI-6041 b,TOI-6041,1,4.55,0.18,-0.17,26.04945,0.00033,-0.00034,605.6,8.4,-8.3,5445.0,97.0,-96.0,0.879,0.026,-0.026,0.885,0.042,-0.036,0.175,0.000335,8.350000000000001,0.026,0.026,0.039,0
TOI-6054.01,TOI-6054,1,2.64,0.15,-0.15,7.501428,6e-05,-6.3e-05,1360.0,34.0,-30.0,6047.0,50.0,-50.0,1.662,0.071,-0.071,1.107,0.04,-0.04,0.15,6.15e-05,32.0,0.071,0.071,0.04,0
TOI-6054.02,TOI-6054,1,2.82,0.17,-0.16,12.563636,9.1e-05,-7.9e-05,1143.0,29.0,-26.0,6047.0,50.0,-50.0,1.662,0.071,-0.071,1.107,0.04,-0.04,0.165,8.5e-05,27.5,0.071,0.071,0.04,0
TOI-6086 b,TOI-6086,1,1.18,0.07,-0.07,1.3888725,8.27e-05,-8.27e-05,634.0,16.0,-16.0,3200.0,75.0,-75.0,0.259,0.013,-0.013,0.254,0.013,-0.013,0.07,8.27e-05,16.0,0.013,0.013,0.013,0
TOI-6130 b,TOI-6130,1,14.3474953,0.33626942,-0.33626942,2.392679,2e-06,-2e-06,1750.0,40.0,-40.0,6110.0,50.0,-50.0,1.51,0.03,-0.03,1.31,0.08,-0.08,0.33626942,2e-06,40.0,0.03,0.03,0.08,0
TOI-615 b,TOI-615,1,18.97680433,0.582867,-0.6389119,4.6615983,2.5e-06,-1.6e-06,1666.0,24.0,-24.0,6850.0,100.0,-100.0,1.732,0.055,-0.055,1.449,0.087,-0.087,0.61088945,2.05e-06,24.0,0.055,0.055,0.087,0
TOI-620 b,TOI-620,1,3.76,0.15,-0.15,5.0988179,4.5e-06,-4.6e-06,603.6,5.5,-5.3,3708.0,57.0,-56.0,0.55,0.017,-0.017,0.577,0.024,-0.023,0.15,4.5500000000000005e-06,5.4,0.017,0.017,0.0235,0
TOI-622 b,TOI-622,1,9.2362001,0.31385146,-0.32506044,6.402513,3.1e-05,-5.4e-05,1388.0,22.0,-22.0,6400.0,100.0,-100.0,1.415,0.047,-0.047,1.313,0.079,-0.079,0.31945595000000004,4.25e-05,22.0,0.047,0.047,0.079,0
TOI-6223 b,TOI-6223,1,5.07,0.22,-0.22,3.855219,4e-06,-4e-06,714.0,14.0,-14.0,3895.0,44.0,-44.0,0.576,0.022,-0.022,0.582,0.027,-0.027,0.22,4e-06,14.0,0.022,0.022,0.027,0
TOI-628 b,TOI-628,1,11.88154,0.459569,-0.381106,3.4095675,7e-06,-6.9e-06,1586.0,52.0,-40.0,6250.0,220.0,-190.0,1.345,0.046,-0.04,1.311,0.066,-0.075,0.42033750000000003,6.9499999999999995e-06,46.0,0.043,0.043,0.07050000000000001,0
TOI-6303 b,TOI-6303,1,11.59,0.61,-0.64,9.485236,1.62e-05,-1.62e-05,541.0,14.0,-14.0,3977.0,59.0,-59.0,0.609,0.016,-0.016,0.644,0.024,-0.024,0.625,1.62e-05,14.0,0.016,0.016,0.024,0
TOI-6324 b,TOI-6324,1,1.059,0.041,-0.041,0.279221,1e-07,-1e-07,1216.0,60.0,-60.0,3247.0,70.0,-70.0,0.293,0.01,-0.01,0.269,0.012,-0.012,0.041,1e-07,60.0,0.01,0.01,0.012,0
TOI-6330 b,TOI-6330,1,10.89,0.37,-0.35,6.8500246,3.3e-06,-3.3e-06,495.0,14.0,-14.0,3539.0,59.0,-59.0,0.49,0.011,-0.011,0.531,0.021,-0.021,0.36,3.3e-06,14.0,0.011,0.011,0.021,0
TOI-6383 A b,TOI-6383 A,1,11.29,0.41,-0.37,1.79058695,8.7e-07,-8.6e-07,745.0,23.0,-23.0,3444.0,88.0,-88.0,0.457,0.019,-0.019,0.458,0.011,-0.011,0.39,8.65e-07,23.0,0.019,0.019,0.011,0
TOI-640 b,TOI-640,1,19.2794468,0.56044903,-0.56044903,5.003777,2e-06,-3e-06,1816.0,39.0,-39.0,6460.0,130.0,-150.0,2.082,0.064,-0.058,1.536,0.069,-0.076,0.56044903,2.4999999999999998e-06,39.0,0.061,0.061,0.07250000000000001,0
TOI-6420 b,TOI-6420,1,11.93756445,0.72858375,-0.66132986,6.961508,1.2e-05,-1.2e-05,1213.0,20.0,-21.0,6020.0,140.0,-150.0,1.312,0.051,-0.048,1.165,0.069,-0.078,0.694956805,1.2e-05,20.5,0.0495,0.0495,0.07350000000000001,0
TOI-6448 b,TOI-6448,1,8.47398941,0.76221069,-0.76221069,14.844261,2.7e-05,-2.8e-05,745.0,28.0,-31.0,5910.0,90.0,-90.0,0.897,0.07,-0.07,1.03,0.05,-0.05,0.76221069,2.7499999999999998e-05,29.5,0.07,0.07,0.05,0
TOI-6478 b,TOI-6478,1,4.6,0.24,-0.24,34.005019,2.5e-05,-2.5e-05,204.4,4.9,-4.9,3230.0,75.0,-75.0,0.234,0.012,-0.012,0.23,0.007,-0.007,0.24,2.5e-05,4.9,0.012,0.012,0.007,0
TOI-654.01,TOI-654,1,2.378,0.089,-0.089,1.527561,1e-06,-1e-06,794.0,15.0,-15.0,3521.0,33.0,-48.0,0.43,0.013,-0.013,0.419,0.009,-0.009,0.089,1e-06,15.0,0.013,0.013,0.009,0
TOI-6628 b,TOI-6628,1,10.98480109,0.67253884,-0.67253884,18.18424,1e-05,-1e-05,833.0,21.0,-23.0,5463.0,143.0,-142.0,1.01,0.06,-0.05,0.97,0.06,-0.06,0.67253884,1e-05,22.0,0.055,0.055,0.06,0
TOI-663 b,TOI-663,1,2.27,0.1,-0.09,2.598902,3.2e-06,-3e-06,674.0,30.0,-30.0,3681.0,70.0,-70.0,0.512,0.015,-0.015,0.514,0.012,-0.012,0.095,3.1e-06,30.0,0.015,0.015,0.012,0
TOI-663 c,TOI-663,1,2.26,0.1,-0.1,4.6955507,9.5e-06,-9.4e-06,553.0,24.0,-24.0,3681.0,70.0,-70.0,0.512,0.015,-0.015,0.514,0.012,-0.012,0.1,9.45e-06,24.0,0.015,0.015,0.012,0
TOI-663 d,TOI-663,1,1.92,0.13,-0.13,7.1027268,2.97e-05,-2.79e-05,482.0,21.0,-21.0,3681.0,70.0,-70.0,0.512,0.015,-0.015,0.514,0.012,-0.012,0.13,2.8800000000000002e-05,21.0,0.015,0.015,0.012,0
TOI-6651 b,TOI-6651,1,5.09,0.27,-0.26,5.056973,1.6e-05,-1.8e-05,1493.0,14.0,-15.0,5940.0,110.0,-110.0,1.721,0.065,-0.062,1.323,0.05,-0.045,0.265,1.7e-05,14.5,0.0635,0.0635,0.0475,0
TOI-669 b,TOI-669,1,2.58606487,0.13042739,-0.11014467,3.945152,1.8e-05,-1.8e-05,1124.85,18.76,-18.66,5597.0,72.0,-72.0,0.9882,0.0176,-0.0175,0.9245,0.0327,-0.0303,0.12028603,1.8e-05,18.71,0.017550000000000003,0.017550000000000003,0.0315,0
TOI-6692 b,TOI-6692,1,11.67975789,0.56044903,-0.54924005,131.125,0.012,-0.012,467.0,9.3,-9.5,5890.0,170.0,-180.0,1.385,0.054,-0.052,1.047,0.089,-0.071,0.5548445399999999,0.012,9.4,0.053,0.053,0.07999999999999999,0
TOI-6695 b,TOI-6695,1,9.52763359,0.22417961,-0.22417961,80.389,0.003,-0.005,599.0,8.0,-8.0,6400.0,100.0,-100.0,1.517,0.023,-0.022,1.338,0.023,-0.022,0.22417961,0.004,8.0,0.0225,0.0225,0.0225,0
TOI-6716 b,TOI-6716,1,0.982,0.067,-0.067,4.7185898,5.4e-06,-4.1e-06,369.0,17.0,-16.0,3110.0,80.0,-80.0,0.231,0.015,-0.015,0.223,0.011,-0.011,0.067,4.75e-06,16.5,0.015,0.015,0.011,0
TOI-672 b,TOI-672,1,5.2604,0.0827,-0.0985,3.633575,1e-06,-1e-06,676.15,,,3765.0,65.0,-65.0,0.5441,0.0163,-0.0163,0.5399,0.0204,-0.0204,0.0906,1e-06,0.0,0.0163,0.0163,0.0204,0
TOI-674 b,TOI-674,1,5.25,0.17,-0.17,1.977143,3e-06,-3e-06,635.0,15.0,-15.0,3514.0,57.0,-57.0,0.42,0.013,-0.013,0.42,0.01,-0.01,0.17,3e-06,15.0,0.013,0.013,0.01,0
TOI-6894 b,TOI-6894,1,9.5836785,0.24659758,-0.24659758,3.37077196,5.9e-07,-5.9e-07,417.9,8.6,-8.6,3007.0,58.0,-58.0,0.2276,0.0057,-0.0057,0.207,0.011,-0.011,0.24659758,5.9e-07,8.6,0.0057,0.0057,0.011,0
TOI-7009 b,TOI-7009,1,3.71,0.15,-0.15,2.3206612,4.2e-06,-4.4e-06,872.0,11.0,-10.0,4080.0,25.0,-25.0,0.564,0.016,-0.016,0.583,0.014,-0.014,0.15,4.2999999999999995e-06,10.5,0.016,0.016,0.014,0
TOI-712 b,TOI-712,1,2.049,0.012,-0.08,9.531361,1.8e-05,-1.7e-05,650.0,6.0,-5.9,4622.0,61.0,-59.0,0.674,0.017,-0.016,0.732,0.027,-0.025,0.046,1.75e-05,5.95,0.0165,0.0165,0.026000000000000002,0
TOI-712 c,TOI-712,1,2.701,0.092,-0.082,51.69906,0.00017,-0.00017,369.9,3.4,-3.4,4622.0,61.0,-59.0,0.674,0.017,-0.016,0.732,0.027,-0.025,0.087,0.00017,3.4,0.0165,0.0165,0.026000000000000002,0
TOI-712 d,TOI-712,1,2.474,0.09,-0.082,84.8396,0.00043,-0.0004,313.6,2.9,-2.8,4622.0,61.0,-59.0,0.674,0.017,-0.016,0.732,0.027,-0.025,0.086,0.000415,2.8499999999999996,0.0165,0.0165,0.026000000000000002,0
TOI-7149 b,TOI-7149,1,13.2,0.51,-0.51,2.65206166,8e-07,-8e-07,593.0,21.0,-21.0,3363.0,59.0,-59.0,0.351,0.015,-0.015,0.344,0.03,-0.03,0.51,8e-07,21.0,0.015,0.015,0.03,0
TOI-715 b,TOI-715,1,1.55,0.064,-0.064,19.288004,2.7e-05,-2.4e-05,234.0,12.0,-12.0,3075.0,75.0,-75.0,0.24,0.012,-0.012,0.225,0.012,-0.012,0.064,2.55e-05,12.0,0.012,0.012,0.012,1
TOI-7166 b,TOI-7166,1,2.01,0.06,-0.05,12.92063621,9.98e-07,-9.98e-07,249.0,5.0,-5.0,3099.0,51.0,-50.0,0.222,0.006,-0.004,0.19,0.004,-0.004,0.055,9.98e-07,5.0,0.005,0.005,0.004,0
TOI-733 b,TOI-733,1,1.992,0.085,-0.09,4.884765,1.9e-05,-2.4e-05,1055.8,36.2,-31.3,5585.0,60.0,-60.0,0.949,0.008,-0.012,0.956,0.05,-0.026,0.0875,2.15e-05,33.75,0.01,0.01,0.038,0
TOI-7384 b,TOI-7384,1,3.56,0.21,-0.21,6.2340258,3.4e-06,-3.6e-06,378.0,15.0,-13.0,3185.0,75.0,-75.0,0.319,0.018,-0.018,0.318,0.016,-0.016,0.21,3.5e-06,14.0,0.018,0.018,0.016,0
TOI-7510 b,TOI-7510,1,7.31,0.23,-0.23,11.530869,,,878.0,13.0,-13.0,5720.0,50.0,-50.0,1.035,0.026,-0.026,1.063,0.065,-0.065,0.23,0.0,13.0,0.026,0.026,0.065,0
TOI-7510 c,TOI-7510,1,10.81,0.32,-0.32,22.5687423,,,702.0,10.0,-10.0,5720.0,50.0,-50.0,1.035,0.026,-0.026,1.063,0.065,-0.065,0.32,0.0,10.0,0.026,0.026,0.065,0
TOI-7510 d,TOI-7510,1,10.52,0.32,-0.32,48.864468,,,542.4,7.8,-7.8,5720.0,50.0,-50.0,1.035,0.026,-0.026,1.063,0.065,-0.065,0.32,0.0,7.8,0.026,0.026,0.065,0
TOI-756 b,TOI-756,1,2.81,0.1,-0.1,1.2392495,7e-07,-7e-07,934.0,23.0,-24.0,3657.0,72.0,-72.0,0.505,0.015,-0.015,0.505,0.019,-0.019,0.1,7e-07,23.5,0.015,0.015,0.019,0
TOI-757 b,TOI-757,1,2.5,0.1,-0.1,17.46819,2e-05,-2e-05,641.0,10.0,-10.0,5278.0,63.0,-63.0,0.78,0.03,-0.03,0.8,0.05,-0.05,0.1,2e-05,10.0,0.03,0.03,0.05,0
TOI-762 A b,TOI-762 A,1,8.33948164,0.19055267,-0.19055267,3.4716826,7.2e-07,-7.2e-07,555.4,6.4,-6.4,3266.0,36.0,-36.0,0.425,0.0091,-0.0091,0.442,0.025,-0.025,0.19055267,7.2e-07,6.4,0.0091,0.0091,0.025,0
TOI-763 b,TOI-763,1,2.28,0.11,-0.11,5.6057,0.0013,-0.0013,1038.0,16.0,-16.0,5450.0,60.0,-60.0,0.897,0.013,-0.013,0.917,0.028,-0.028,0.11,0.0013,16.0,0.013,0.013,0.028,0
TOI-763 c,TOI-763,1,2.63,0.12,-0.12,12.2737,0.0053,-0.0077,800.0,12.0,-12.0,5450.0,60.0,-60.0,0.897,0.013,-0.013,0.917,0.028,-0.028,0.12,0.006500000000000001,12.0,0.013,0.013,0.028,0
TOI-771 b,TOI-771,1,1.36,0.1,-0.1,2.3260155,1e-06,-9e-07,543.0,28.0,-34.0,3370.0,100.0,-100.0,0.232,0.017,-0.023,0.22,0.03,-0.035,0.1,9.5e-07,31.0,0.02,0.02,0.0325,0
TOI-776 b,TOI-776,1,1.798,0.078,-0.077,8.24662,2.4e-05,-3.1e-05,520.0,12.0,-12.0,3725.0,60.0,-60.0,0.547,0.017,-0.017,0.542,0.04,-0.039,0.0775,2.75e-05,12.0,0.017,0.017,0.0395,0
TOI-776 c,TOI-776,1,2.047,0.081,-0.078,15.665323,7.5e-05,-7e-05,420.0,10.0,-10.0,3725.0,60.0,-60.0,0.547,0.017,-0.017,0.542,0.04,-0.039,0.0795,7.25e-05,10.0,0.017,0.017,0.0395,0
TOI-778 b,TOI-778,1,15.4,0.5,-0.5,4.633611,1e-06,-1e-06,1561.0,33.0,-32.0,6643.0,150.0,-150.0,1.71,0.05,-0.05,1.4,0.05,-0.05,0.5,1e-06,32.5,0.05,0.05,0.05,0
TOI-782 b,TOI-782,1,2.734,0.085,-0.085,8.0240015,7.7e-06,-7.2e-06,435.0,6.0,-6.0,3370.0,29.0,-32.0,0.413,0.008,-0.008,0.397,0.01,-0.01,0.085,7.45e-06,6.0,0.008,0.008,0.01,0
TOI-813 b,TOI-813,1,6.71,0.38,-0.38,83.8911,0.0027,-0.0031,610.0,28.0,-21.0,5907.0,150.0,-150.0,1.94,0.1,-0.1,1.32,0.06,-0.06,0.38,0.0029,24.5,0.1,0.1,0.06,0
TOI-815 b,TOI-815,1,2.94,0.05,-0.05,11.197259,1.8e-05,-1.7e-05,686.0,13.0,-14.0,4869.0,77.0,-77.0,0.77,0.009,-0.009,0.776,0.036,-0.036,0.05,1.75e-05,13.5,0.009,0.009,0.036,0
TOI-815 c,TOI-815,1,2.62,0.1,-0.09,34.976145,9.9e-05,-9.7e-05,469.0,9.0,-9.0,4869.0,77.0,-77.0,0.77,0.009,-0.009,0.776,0.036,-0.036,0.095,9.8e-05,9.0,0.009,0.009,0.036,0
TOI-824 b,TOI-824,1,2.926,0.202,-0.191,1.392978,1.8e-05,-1.7e-05,1253.0,38.0,-37.0,4600.0,110.0,-100.0,0.695,0.027,-0.027,0.71,0.032,-0.031,0.1965,1.75e-05,37.5,0.027,0.027,0.0315,0
TOI-833 b,TOI-833,1,1.27,0.07,-0.07,1.0418777,3.24e-05,-3.24e-05,1118.0,49.0,-49.0,3920.0,160.0,-160.0,0.6,0.02,-0.02,0.61,0.03,-0.03,0.07,3.24e-05,49.0,0.02,0.02,0.03,0
TOI-836 b,TOI-836,1,1.704,0.067,-0.067,3.81673,1e-05,-1e-05,871.0,36.0,-36.0,4552.0,154.0,-154.0,0.665,0.01,-0.01,0.678,0.049,-0.041,0.067,1e-05,36.0,0.01,0.01,0.045,0
TOI-836.01,TOI-836,1,2.587,0.088,-0.088,8.59545,1e-05,-1e-05,665.0,27.0,-27.0,4552.0,154.0,-154.0,0.665,0.01,-0.01,0.678,0.049,-0.041,0.088,1e-05,27.0,0.01,0.01,0.045,0
TOI-837 b,TOI-837,1,9.16894621,0.38110534,-0.26901554,8.3249113,3.6e-06,-3.6e-06,995.3,20.4,-19.1,5995.0,79.0,-79.0,1.052,0.012,-0.007,1.142,0.008,-0.011,0.32506044,3.6e-06,19.75,0.0095,0.0095,0.0095,0
TOI-858 B b,TOI-858 B,1,14.06727078,0.43715025,-0.43715025,3.2797178,1.4e-06,-1.4e-06,1529.0,23.0,-22.0,5842.0,84.0,-79.0,1.308,0.037,-0.038,1.081,0.076,-0.07,0.43715025,1.4e-06,22.5,0.0375,0.0375,0.07300000000000001,0
TOI-871 b,TOI-871,1,1.664,0.114,-0.113,14.362565,9e-05,-9e-05,621.0,16.05,-16.05,4929.0,80.0,-75.0,0.719,0.025,-0.025,0.758,0.046,-0.044,0.1135,9e-05,16.05,0.025,0.025,0.045,0
TOI-880 c,TOI-880,1,4.95,0.2,-0.2,6.3872703,6.9e-06,-7.3e-06,805.0,25.0,-23.0,5050.0,100.0,-100.0,0.83,0.03,-0.03,0.87,0.03,-0.03,0.2,7.1e-06,24.0,0.03,0.03,0.03,0
TOI-880.02,TOI-880,1,2.19,0.11,-0.11,2.57571,0.00028,-0.00012,1085.0,31.0,-29.0,5050.0,100.0,-100.0,0.83,0.03,-0.03,0.87,0.03,-0.03,0.11,0.00019999999999999998,30.0,0.03,0.03,0.03,0
TOI-892 b,TOI-892,1,11.99363,0.22418,-0.22418,10.62656,7e-05,-7e-05,1397.0,40.0,-40.0,6261.0,80.0,-80.0,1.39,0.02,-0.02,1.28,0.03,-0.02,0.22418,7e-05,40.0,0.02,0.02,0.025,0
TOI-904 b,TOI-904,1,2.426,0.163,-0.152,10.8772,0.0003,-0.0003,429.43,32.61,-32.61,3770.2,70.0,-70.0,0.527,0.021,-0.021,0.557,0.028,-0.028,0.1575,0.0003,32.61,0.021,0.021,0.028,0
TOI-904 c,TOI-904,1,2.167,0.13,-0.118,83.9997,0.0006,-0.0007,217.26,9.1,-9.1,3770.2,70.0,-70.0,0.527,0.021,-0.021,0.557,0.028,-0.028,0.124,0.00065,9.1,0.021,0.021,0.028,0
TOI-905 b,TOI-905,1,13.125739,0.594077,-0.571659,3.739494,3.8e-05,-3.8e-05,1192.0,39.0,-36.0,5570.0,150.0,-140.0,0.918,0.038,-0.036,0.968,0.061,-0.068,0.5828679999999999,3.8e-05,37.5,0.037,0.037,0.0645,0
TOI-907.01,TOI-907,1,9.6158851,0.6116279,-0.6116279,4.5849129,,,1846.6,,,6272.0,,,2.059789,,,1.069357,,,0.6116279,0.0,0.0,0.0,0.0,0.0,0
TOI-908 b,TOI-908,1,3.186,0.155,-0.155,3.183792,7e-06,-7e-06,1317.0,38.0,-38.0,5626.0,61.0,-61.0,1.028,0.03,-0.03,0.95,0.01,-0.01,0.155,7e-06,38.0,0.03,0.03,0.01,0
TOI-912 b,TOI-912,1,1.93,0.13,-0.13,4.6780691,1.7e-06,-1.7e-06,551.0,27.0,-27.0,3572.0,100.0,-100.0,0.419,0.028,-0.028,0.418,0.03,-0.03,0.13,1.7e-06,27.0,0.028,0.028,0.03,0
TOI-913 b,TOI-913,1,2.4528,0.1269,-0.1009,11.098644,0.000587,-0.000581,712.01,,,4969.0,129.0,-129.0,0.7325,0.0488,-0.0488,0.82,0.0973,-0.0973,0.1139,0.000584,0.0,0.0488,0.0488,0.0973,0
TOI-954 b,TOI-954,1,9.550068,0.594077,-0.694958,3.6849729,2.7e-06,-2.8e-06,1526.0,123.0,-164.0,5710.0,53.0,-49.0,1.892,0.077,-0.076,1.201,0.066,-0.064,0.6445175,2.75e-06,143.5,0.0765,0.0765,0.065,0
TOI-969 b,TOI-969,1,2.765,0.088,-0.097,1.8237305,2e-06,-2.1e-06,941.0,31.0,-31.0,4435.0,80.0,-80.0,0.671,0.015,-0.015,0.734,0.014,-0.014,0.0925,2.05e-06,31.0,0.015,0.015,0.014,0
TrES-5 b,TrES-5,1,13.383546,0.168135,-0.168135,1.48224686,6.14e-06,-6.14e-06,1480.0,13.0,-13.0,5171.0,36.0,-36.0,0.868,0.013,-0.013,0.901,0.03,-0.03,0.168135,6.14e-06,13.0,0.013,0.013,0.03,0
V1298 Tau b,V1298 Tau,1,9.41,0.57,-0.57,24.140006,1.7e-05,-1.7e-05,666.0,25.0,-25.0,4970.0,120.0,-120.0,1.32,0.05,-0.05,1.1,0.05,-0.05,0.57,1.7e-05,25.0,0.05,0.05,0.05,0
V1298 Tau c,V1298 Tau,1,5.08,0.37,-0.37,8.249164,3e-06,-3e-06,953.0,36.0,-36.0,4970.0,120.0,-120.0,1.32,0.05,-0.05,1.1,0.05,-0.05,0.37,3e-06,36.0,0.05,0.05,0.05,0
V1298 Tau d,V1298 Tau,1,6.53,0.42,-0.42,12.401394,9e-06,-9e-06,831.0,31.0,-31.0,4970.0,120.0,-120.0,1.32,0.05,-0.05,1.1,0.05,-0.05,0.42,9e-06,31.0,0.05,0.05,0.05,0
V1298 Tau e,V1298 Tau,1,10.17,0.75,-0.75,48.677714,5.3e-05,-5.3e-05,527.0,20.0,-20.0,4970.0,120.0,-120.0,1.32,0.05,-0.05,1.1,0.05,-0.05,0.75,5.3e-05,20.0,0.05,0.05,0.05,0
WASP-10 b,WASP-10,1,12.106,0.224,-0.224,3.0927616,1.12e-05,-1.12e-05,1370.0,50.0,-50.0,4675.0,100.0,-100.0,0.698,0.012,-0.012,0.75,0.04,-0.028,0.224,1.12e-05,50.0,0.012,0.012,0.034,0
WASP-102 b,WASP-102,1,14.90794433,0.56044903,-0.56044903,2.709813,3e-07,-3e-07,1671.0,65.0,-65.0,5990.0,100.0,-100.0,1.375,0.048,-0.048,1.08,0.07,-0.07,0.56044903,3e-07,65.0,0.048,0.048,0.07,0
WASP-103 b,WASP-103,1,17.127,0.818,-0.527,0.925542,1.9e-05,-1.9e-05,2508.0,75.0,-70.0,6110.0,160.0,-160.0,1.436,0.052,-0.031,1.22,0.039,-0.036,0.6725,1.9e-05,72.5,0.041499999999999995,0.041499999999999995,0.0375,0
WASP-104 b,WASP-104,1,12.745,0.415,-0.415,1.7554137,1.8e-06,-3.6e-06,1516.0,39.0,-39.0,5475.0,127.0,-127.0,0.963,0.027,-0.027,1.076,0.049,-0.049,0.415,2.7e-06,39.0,0.027,0.027,0.049,0
WASP-105 b,WASP-105,1,10.76064,0.33627,-0.33627,7.87288,1e-05,-1e-05,900.0,20.0,-20.0,5070.0,130.0,-130.0,0.9,0.03,-0.03,0.89,0.09,-0.09,0.33627,1e-05,20.0,0.03,0.03,0.09,0
WASP-110 b,WASP-110,1,13.19297028,0.31385146,-0.26901554,3.7784022,1.6e-06,-1.6e-06,1158.0,95.0,-95.0,5392.0,50.0,-50.0,0.853,0.011,-0.011,0.814,0.014,-0.022,0.2914335,1.6e-06,95.0,0.011,0.011,0.018,0
WASP-113 b,WASP-113,1,15.793481,1.076064,-1.56926,4.54216874538,4.2e-06,-4.2e-06,1496.0,60.0,-60.0,5890.0,140.0,-140.0,1.608,0.09,-0.12,1.318,0.069,-0.069,1.322662,4.2e-06,60.0,0.105,0.105,0.069,0
WASP-114 b,WASP-114,1,15.008851,0.717376,-0.717376,1.5487743,1.2e-06,-9.1e-07,2043.0,58.0,-58.0,5940.0,140.0,-140.0,1.43,0.06,-0.06,1.289,0.053,-0.053,0.717376,1.055e-06,58.0,0.06,0.06,0.053,0
WASP-116 b,WASP-116,1,13.67495645,0.67253884,-0.67253884,6.6132,2e-06,-2e-06,1414.0,70.0,-70.0,6250.0,125.0,-125.0,1.426,0.064,-0.064,1.25,0.08,-0.08,0.67253884,2e-06,70.0,0.064,0.064,0.08,0
WASP-118 b,WASP-118,1,16.14096,0.403524,-0.403524,4.0460435,4.4e-06,-4.4e-06,1729.0,36.0,-36.0,6410.0,125.0,-125.0,1.696,0.029,-0.029,1.32,0.035,-0.035,0.403524,4.4e-06,36.0,0.029,0.029,0.035,0
WASP-119 b,WASP-119,1,15.6926,2.2418,-2.2418,2.49979,1e-05,-1e-05,1600.0,80.0,-80.0,5650.0,100.0,-100.0,1.2,0.1,-0.1,1.02,0.06,-0.06,2.2418,1e-05,80.0,0.1,0.1,0.06,0
WASP-121 b,WASP-121,1,19.52604438,0.06725388,-0.06725388,1.27492504,1.5e-07,-1.5e-07,2409.0,24.0,-24.0,6628.0,66.0,-66.0,1.461,0.005,-0.005,1.33,0.019,-0.019,0.06725388,1.5e-07,24.0,0.005,0.005,0.019,0
WASP-124 b,WASP-124,1,13.89916,0.33627,-0.33627,3.37265,1e-06,-1e-06,1400.0,30.0,-30.0,6050.0,100.0,-100.0,1.02,0.02,-0.02,1.07,0.05,-0.05,0.33627,1e-06,30.0,0.02,0.02,0.05,0
WASP-129 b,WASP-129,1,10.42437,0.33627,-0.33627,5.748145,4e-06,-4e-06,1100.0,25.0,-25.0,5900.0,100.0,-100.0,0.9,0.02,-0.02,1.0,0.03,-0.03,0.33627,4e-06,25.0,0.02,0.02,0.03,0
WASP-130 b,WASP-130,1,9.97601,0.33627,-0.33627,11.55098,1e-05,-1e-05,833.0,18.0,-18.0,5625.0,90.0,-90.0,0.96,0.03,-0.03,1.04,0.04,-0.04,0.33627,1e-05,18.0,0.03,0.03,0.04,0
WASP-132 b,WASP-132,1,10.09929161,0.42594127,-0.42594127,7.1335164,1.9e-06,-1.9e-06,682.0,75.0,-114.0,4686.0,99.0,-99.0,0.758,0.032,-0.032,0.789,0.039,-0.039,0.42594127,1.9e-06,94.5,0.032,0.032,0.039,0
WASP-132 c,WASP-132,1,1.841,0.094,-0.093,1.01153624,9.3e-07,-8.6e-07,1329.0,123.0,-173.0,4686.0,99.0,-99.0,0.758,0.032,-0.032,0.789,0.039,-0.039,0.0935,8.95e-07,148.0,0.032,0.032,0.039,0
WASP-133 b,WASP-133,1,13.56289,0.56045,-0.56045,2.176423,1e-06,-1e-06,1790.0,40.0,-40.0,5700.0,100.0,-100.0,1.44,0.05,-0.05,1.16,0.08,-0.08,0.56045,1e-06,40.0,0.05,0.05,0.08,0
WASP-138 b,WASP-138,1,12.21781,0.56045,-0.56045,3.634433,5e-06,-5e-06,1590.0,31.0,-31.0,6272.0,96.0,-96.0,1.36,0.05,-0.05,1.22,0.05,-0.05,0.56045,5e-06,31.0,0.05,0.05,0.05,0
WASP-139 b,WASP-139,1,8.9672,0.56045,-0.56045,5.924262,4e-06,-4e-06,910.0,30.0,-30.0,5310.0,90.0,-90.0,0.8,0.04,-0.04,0.92,0.1,-0.1,0.56045,4e-06,30.0,0.04,0.04,0.1,0
WASP-141 b,WASP-141,1,13.56289,0.89672,-0.89672,3.310651,5e-06,-5e-06,1540.0,50.0,-50.0,5900.0,120.0,-120.0,1.37,0.07,-0.07,1.25,0.06,-0.06,0.89672,5e-06,50.0,0.07,0.07,0.06,0
WASP-142 b,WASP-142,1,17.14977,0.89672,-0.89672,2.052868,2e-06,-2e-06,2000.0,60.0,-60.0,6010.0,140.0,-140.0,1.64,0.08,-0.08,1.33,0.08,-0.08,0.89672,2e-06,60.0,0.08,0.08,0.08,0
WASP-144 b,WASP-144,1,9.52765,0.56045,-0.56045,2.2783152,1.3e-06,-1.3e-06,1260.0,40.0,-40.0,5200.0,140.0,-140.0,0.81,0.04,-0.04,0.81,0.04,-0.04,0.56045,1.3e-06,40.0,0.04,0.04,0.04,0
WASP-145 A b,WASP-145 A,1,10.0881,4.4836,-4.4836,1.7690381,8e-07,-8e-07,1200.0,60.0,-60.0,4900.0,150.0,-150.0,0.68,0.07,-0.07,0.76,0.04,-0.04,4.4836,8e-07,60.0,0.07,0.07,0.04,0
WASP-147 b,WASP-147,1,12.498035,1.56926,-1.042437,4.60273,2.7e-05,-2.7e-05,1404.0,69.0,-43.0,5702.0,100.0,-100.0,1.429,0.14,-0.076,1.044,0.07,-0.073,1.3058485000000002,2.7e-05,56.0,0.10800000000000001,0.10800000000000001,0.07150000000000001,0
WASP-149 b,WASP-149,1,15.24421375,0.67253884,-0.67253884,1.332813,6e-07,-5e-07,1855.0,93.0,-93.0,5750.0,125.0,-125.0,1.08,0.049,-0.049,1.05,0.06,-0.06,0.67253884,5.5e-07,93.0,0.049,0.049,0.06,0
WASP-150 b,WASP-150,1,11.99363,0.269016,-0.280225,5.644207,3e-06,-4e-06,1460.0,11.0,-11.0,6218.0,49.0,-45.0,1.651,0.024,-0.03,1.394,0.07,-0.049,0.2746205,3.5e-06,11.0,0.027,0.027,0.059500000000000004,0
WASP-153 b,WASP-153,1,17.37395,1.1209,-0.89672,3.332609,2e-06,-2e-06,1700.0,40.0,-40.0,5914.0,64.0,-64.0,1.73,0.1,-0.09,1.336,0.086,-0.086,1.00881,2e-06,40.0,0.095,0.095,0.086,0
WASP-154 b,WASP-154,1,10.76062147,0.67253884,-0.67253884,3.811678,1e-06,-1e-06,994.0,63.0,-63.0,4774.0,133.0,-133.0,0.823,0.047,-0.047,0.8,0.05,-0.05,0.67253884,1e-06,63.0,0.047,0.047,0.05,0
WASP-155 b,WASP-155,1,13.45077684,0.67253884,-0.67253884,3.110413,1e-06,-1e-06,1468.0,76.0,-76.0,5660.0,100.0,-100.0,1.24,0.06,-0.06,1.09,0.07,-0.07,0.67253884,1e-06,76.0,0.06,0.06,0.07,0
WASP-156 b,WASP-156,1,6.02802815,0.12763915,-0.12019801,3.8361623,1.5e-06,-1.5e-06,934.5,13.95,-14.04,4987.0,57.0,-56.0,0.8268,0.0138,-0.014,0.8712,0.025,-0.0267,0.12391858,1.5e-06,13.995,0.0139,0.0139,0.02585,0
WASP-157 b,WASP-157,1,11.19,0.28,-0.28,3.951623,1.8e-05,-1.8e-05,1193.0,24.0,-24.0,5772.0,86.0,-86.0,1.1,0.03,-0.03,1.06,0.04,-0.04,0.28,1.8e-05,24.0,0.03,0.03,0.04,0
WASP-158 b,WASP-158,1,11.99363,1.68135,-1.68135,3.656333,4e-06,-4e-06,1590.0,80.0,-80.0,6350.0,150.0,-150.0,1.39,0.18,-0.18,1.38,0.14,-0.14,1.68135,4e-06,80.0,0.18,0.18,0.14,0
WASP-159 b,WASP-159,1,15.46842,1.00881,-1.00881,3.840401,7e-06,-7e-06,1850.0,50.0,-50.0,6120.0,140.0,-140.0,2.11,0.1,-0.1,1.41,0.12,-0.12,1.00881,7e-06,50.0,0.1,0.1,0.12,0
WASP-160 B b,WASP-160 B,1,12.21781,0.526823,-0.459569,3.7684952,3.5e-06,-3.5e-06,1119.0,25.0,-23.0,5298.0,99.0,-99.0,0.868,0.031,-0.028,0.87,0.071,-0.068,0.493196,3.5e-06,24.0,0.0295,0.0295,0.0695,0
WASP-161 b,WASP-161,1,12.811887,0.728585,-0.650122,5.4060425,4.8e-06,-4.8e-06,1557.0,34.0,-29.0,6400.0,100.0,-100.0,1.712,0.083,-0.072,1.39,0.14,-0.14,0.6893535,4.8e-06,31.5,0.0775,0.0775,0.14,0
WASP-162 b,WASP-162,1,11.209,0.56045,-0.56045,9.62468,1e-05,-1e-05,910.0,20.0,-20.0,5300.0,100.0,-100.0,1.11,0.05,-0.05,0.95,0.04,-0.04,0.56045,1e-05,20.0,0.05,0.05,0.04,0
WASP-163 b,WASP-163,1,13.473218,1.087273,-1.087273,1.6096884,1.5e-06,-1.5e-06,1638.0,68.0,-68.0,5500.0,200.0,-200.0,1.015,0.071,-0.074,0.97,0.15,-0.15,1.087273,1.5e-06,68.0,0.0725,0.0725,0.15,0
WASP-164 b,WASP-164,1,12.643752,0.459569,-0.481987,1.7771255,2.8e-06,-2.8e-06,1610.0,58.0,-53.0,5806.0,190.0,-200.0,0.932,0.028,-0.03,0.946,0.067,-0.071,0.47077800000000003,2.8e-06,55.5,0.028999999999999998,0.028999999999999998,0.069,0
WASP-165 b,WASP-165,1,14.12334,2.12971,-1.90553,3.465509,2.3e-05,-2.3e-05,1624.0,93.0,-89.0,5599.0,150.0,-150.0,1.75,0.18,-0.18,1.248,0.072,-0.07,2.01762,2.3e-05,91.0,0.18,0.18,0.07100000000000001,0
WASP-166 b,WASP-166,1,7.06167,0.33627,-0.33627,5.44354,4e-06,-4e-06,1270.0,30.0,-30.0,6050.0,50.0,-50.0,1.22,0.06,-0.06,1.19,0.06,-0.06,0.33627,4e-06,30.0,0.06,0.06,0.06,0
WASP-167 b,WASP-167,1,17.71022,0.56045,-0.56045,2.0219596,6e-07,-6e-07,2329.0,64.0,-64.0,7000.0,250.0,-250.0,1.79,0.05,-0.05,1.59,0.08,-0.08,0.56045,6e-07,64.0,0.05,0.05,0.08,0
WASP-168 b,WASP-168,1,16.8135,5.6045,-3.3627,4.153658,3e-06,-3e-06,1340.0,40.0,-40.0,6000.0,100.0,-100.0,1.12,0.06,-0.06,1.08,0.05,-0.05,4.4836,3e-06,40.0,0.06,0.06,0.05,0
WASP-169 b,WASP-169,1,14.616536,1.68135,-0.818257,5.6114118,9.2e-06,-9.2e-06,1604.0,74.0,-42.0,6110.0,101.0,-101.0,2.011,0.188,-0.089,1.337,0.083,-0.083,1.2498035,9.2e-06,58.0,0.1385,0.1385,0.083,0
WASP-170 b,WASP-170,1,12.285064,0.952765,-0.952765,2.34478022,3.6e-06,-3.6e-06,1422.0,42.0,-42.0,5600.0,150.0,-150.0,0.938,0.056,-0.061,0.93,0.15,-0.15,0.952765,3.6e-06,42.0,0.058499999999999996,0.058499999999999996,0.15,0
WASP-171 b,WASP-171,1,10.98482,0.78463,-0.44836,3.8186244,3.8e-06,-3.8e-06,1642.0,51.0,-35.0,5965.0,100.0,-100.0,1.637,0.091,-0.046,1.171,0.058,-0.058,0.616495,3.8e-06,43.0,0.0685,0.0685,0.058,0
WASP-172 b,WASP-172,1,17.59813,1.1209,-1.1209,5.477433,7e-06,-7e-06,1740.0,60.0,-60.0,6900.0,140.0,-140.0,1.91,0.1,-0.1,1.49,0.07,-0.07,1.1209,7e-06,60.0,0.1,0.1,0.07,0
WASP-173 A b,WASP-173 A,1,13.4508,0.67254,-0.67254,1.38665318,2.7e-07,-2.7e-07,1880.0,55.0,-55.0,5800.0,140.0,-140.0,1.11,0.05,-0.05,1.05,0.08,-0.08,0.67254,2.7e-07,55.0,0.05,0.05,0.08,0
WASP-174 b,WASP-174,1,16.10730527,0.56044903,-0.56044903,4.2337005,1.8e-06,-1.8e-06,1528.0,17.0,-17.0,6399.0,68.0,-68.0,1.347,0.018,-0.018,1.24,0.038,-0.038,0.56044903,1.8e-06,17.0,0.018,0.018,0.038,0
WASP-175 b,WASP-175,1,13.540472,0.907929,-0.907929,3.0652907,1.1e-06,-1.6e-06,1571.0,49.0,-49.0,6229.0,100.0,-100.0,1.204,0.064,-0.064,1.212,0.045,-0.045,0.907929,1.35e-06,49.0,0.064,0.064,0.045,0
WASP-176 b,WASP-176,1,16.869545,0.56045,-0.504405,3.899052,5e-06,-5e-06,1721.0,28.0,-21.0,5941.0,77.0,-79.0,1.925,0.047,-0.044,1.345,0.08,-0.13,0.5324275,5e-06,24.5,0.0455,0.0455,0.10500000000000001,0
WASP-177 b,WASP-177,1,17.71022,7.39794,-4.03524,3.071722,1e-06,-1e-06,1142.0,32.0,-32.0,5017.0,70.0,-70.0,0.885,0.046,-0.046,0.876,0.038,-0.038,5.71659,1e-06,32.0,0.046,0.046,0.038,0
WASP-178 b,WASP-178,1,20.28829,1.00881,-1.00881,3.3448285,1.2e-06,-1.2e-06,2470.0,60.0,-60.0,9360.0,150.0,-150.0,1.67,0.07,-0.07,2.07,0.11,-0.11,1.00881,1.2e-06,60.0,0.07,0.07,0.11,0
WASP-18 b,WASP-18,1,13.89913607,0.88550948,-0.88550948,0.94145223,2.4e-07,-2.4e-07,2429.0,77.0,-70.0,6432.0,48.0,-48.0,1.319,0.061,-0.062,1.294,0.063,-0.061,0.88550948,2.4e-07,73.5,0.0615,0.0615,0.062,0
WASP-180 A b,WASP-180 A,1,13.89916,0.44836,-0.44836,3.409264,1e-06,-1e-06,1540.0,40.0,-40.0,6600.0,200.0,-200.0,1.19,0.06,-0.06,1.3,0.1,-0.1,0.44836,1e-06,40.0,0.06,0.06,0.1,0
WASP-181 b,WASP-181,1,13.271456,0.795839,-0.661331,4.5195064,3.4e-06,-3.4e-06,1186.0,32.0,-26.0,5839.0,70.0,-70.0,0.965,0.043,-0.043,1.04,0.04,-0.04,0.728585,3.4e-06,29.0,0.043,0.043,0.04,0
WASP-182 b,WASP-182,1,9.52765,0.33627,-0.33627,3.3769848,2.4e-06,-2.4e-06,1479.0,34.0,-34.0,5638.0,100.0,-100.0,1.34,0.03,-0.03,1.076,0.064,-0.064,0.33627,2.4e-06,34.0,0.03,0.03,0.064,0
WASP-183 b,WASP-183,1,16.47723,10.53646,-3.69897,4.1117771,5.1e-06,-5.1e-06,1111.0,30.0,-30.0,5313.0,72.0,-72.0,0.871,0.038,-0.038,0.784,0.038,-0.038,7.1177150000000005,5.1e-06,30.0,0.038,0.038,0.038,0
WASP-184 b,WASP-184,1,14.90797,1.00881,-1.00881,5.1817,1e-05,-1e-05,1480.0,50.0,-50.0,6000.0,100.0,-100.0,1.65,0.09,-0.09,1.23,0.07,-0.07,1.00881,1e-05,50.0,0.09,0.09,0.07,0
WASP-185 b,WASP-185,1,14.01125,0.89672,-0.89672,9.38755,2e-05,-2e-05,1160.0,35.0,-35.0,5900.0,100.0,-100.0,1.5,0.08,-0.08,1.12,0.06,-0.06,0.89672,2e-05,35.0,0.08,0.08,0.06,0
WASP-188 b,WASP-188,1,14.81827249,0.57165802,-0.57165802,5.748916,3e-06,-3e-06,1666.0,70.0,-70.0,6850.0,125.0,-125.0,1.83,0.069,-0.069,1.5,0.09,-0.09,0.57165802,3e-06,70.0,0.069,0.069,0.09,0
WASP-189 b,WASP-189,1,18.14733975,0.23538859,-0.23538859,2.724033,,,3353.0,27.0,-34.0,8000.0,80.0,-80.0,2.36,0.03,-0.03,2.03,0.066,-0.066,0.23538859,0.0,30.5,0.03,0.03,0.066,0
WASP-19 b,WASP-19,1,15.86070769,0.49319515,-0.53803107,0.78883852,7.5e-07,-8.2e-07,2113.0,29.0,-29.0,5616.0,66.0,-65.0,1.006,0.031,-0.034,0.965,0.091,-0.095,0.51561311,7.85e-07,29.0,0.0325,0.0325,0.093,0
WASP-190 b,WASP-190,1,12.89035,1.00881,-1.00881,5.367753,4e-06,-4e-06,1500.0,50.0,-50.0,6400.0,100.0,-100.0,1.6,0.1,-0.1,1.35,0.05,-0.05,1.00881,4e-06,50.0,0.1,0.1,0.05,0
WASP-192 b,WASP-192,1,13.78707,0.89672,-0.89672,2.8786765,2.8e-06,-2.8e-06,1620.0,60.0,-60.0,5910.0,145.0,-145.0,1.32,0.07,-0.07,1.09,0.06,-0.06,0.89672,2.8e-06,60.0,0.07,0.07,0.06,0
WASP-193 b,WASP-193,1,14.78464554,0.62770292,-0.53803107,6.2463475,1.5e-06,-1.5e-06,1250.0,22.0,-21.0,6080.0,130.0,-130.0,1.213,0.05,-0.042,1.018,0.064,-0.062,0.582866995,1.5e-06,21.5,0.046,0.046,0.063,0
WASP-194 b,WASP-194,1,15.47960235,0.9863903,-0.9863903,3.183387,4e-07,-5e-07,1693.0,122.0,-122.0,6405.0,200.0,-200.0,1.409,0.09,-0.09,1.29,0.08,-0.08,0.9863903,4.5e-07,122.0,0.09,0.09,0.08,0
WASP-195 b,WASP-195,1,10.31226224,0.56044903,-0.56044903,5.051928,4e-06,-4e-06,1522.0,71.0,-71.0,6300.0,125.0,-125.0,1.578,0.066,-0.066,1.3,0.08,-0.08,0.56044903,4e-06,71.0,0.066,0.066,0.08,0
WASP-197 b,WASP-197,1,14.44837612,0.54924005,-0.54924005,5.167228,3e-06,-3e-06,1665.0,67.0,-67.0,6050.0,100.0,-100.0,2.112,0.077,-0.077,1.36,0.08,-0.08,0.54924005,3e-06,67.0,0.077,0.077,0.08,0
WASP-2 b,WASP-2,1,12.116929,0.459569,-0.44836,2.152175,1.2e-05,-1.1e-05,1311.0,52.0,-50.0,5180.0,190.0,-190.0,0.866,0.031,-0.03,0.895,0.077,-0.072,0.4539645,1.15e-05,51.0,0.0305,0.0305,0.0745,0
WASP-25 b,WASP-25,1,13.80946422,0.15692573,-0.19055267,3.7648337,1.2e-06,-1.2e-06,1217.0,101.0,-101.0,5697.0,80.0,-80.0,0.884,0.008,-0.009,0.962,0.027,-0.021,0.1737392,1.2e-06,101.0,0.0085,0.0085,0.024,0
WASP-33 b,WASP-33,1,17.855937,0.829466,-0.829466,1.21987,1e-06,-1e-06,2781.7,41.1,-41.1,7430.0,100.0,-100.0,1.444,0.034,-0.034,1.495,0.031,-0.031,0.829466,1e-06,41.1,0.034,0.034,0.031,0
WASP-36 b,WASP-36,1,14.874343,0.235389,-0.235389,1.53736596,2.4e-07,-2.4e-07,1733.0,19.0,-19.0,5959.0,134.0,-134.0,0.985,0.014,-0.014,1.081,0.034,-0.034,0.235389,2.4e-07,19.0,0.014,0.014,0.034,0
WASP-39 b,WASP-39,1,14.336311,0.44836,-0.44836,4.0552941,3.4e-06,-3.4e-06,1166.0,14.0,-14.0,5485.0,50.0,-50.0,0.939,0.022,-0.022,0.913,0.047,-0.047,0.44836,3.4e-06,14.0,0.022,0.022,0.047,0
WASP-42 b,WASP-42,1,12.576498,0.437151,-0.437151,4.9816819,1.1e-06,-1.1e-06,1021.0,19.0,-19.0,5315.0,79.0,-79.0,0.892,0.026,-0.026,0.951,0.063,-0.063,0.437151,1.1e-06,19.0,0.026,0.026,0.063,0
WASP-44 b,WASP-44,1,12.3299,0.907929,-0.851884,2.423804,8e-06,-8e-06,1337.0,43.0,-42.0,5420.0,100.0,-100.0,0.906,0.053,-0.05,0.935,0.054,-0.052,0.8799064999999999,8e-06,42.5,0.051500000000000004,0.051500000000000004,0.053,0
WASP-45 b,WASP-45,1,10.603714,0.650122,-0.571659,3.126089,3e-06,-3e-06,1153.0,50.0,-50.0,5150.0,200.0,-200.0,0.855,0.039,-0.038,0.85,0.076,-0.07,0.6108905,3e-06,50.0,0.0385,0.0385,0.07300000000000001,0
WASP-46 b,WASP-46,1,13.159366,0.414733,-0.414733,1.43036763,9.3e-07,-9.3e-07,1636.0,44.0,-44.0,5600.0,,,0.858,0.027,-0.027,0.828,0.076,-0.076,0.414733,9.3e-07,44.0,0.027,0.027,0.076,0
WASP-5 b,WASP-5,1,12.184,0.762,-0.796,1.6284279,2.2e-06,-4.9e-06,1706.0,52.0,-48.0,5700.0,100.0,-100.0,1.029,0.056,-0.069,0.96,0.13,-0.09,0.779,3.55e-06,50.0,0.0625,0.0625,0.11,0
WASP-50 b,WASP-50,1,13.069694,0.481987,-0.481987,1.9551,5e-06,-5e-06,1394.84,32.7,-32.7,5400.0,100.0,-100.0,0.843,0.031,-0.031,0.892,0.08,-0.074,0.481987,5e-06,32.7,0.031,0.031,0.077,0
WASP-52 b,WASP-52,1,14.24,0.34,-0.34,1.7497798,1.2e-06,-1.2e-06,1315.0,35.0,-35.0,5000.0,100.0,-100.0,0.79,0.02,-0.02,0.87,0.03,-0.03,0.34,1.2e-06,35.0,0.02,0.02,0.03,0
WASP-53 b,WASP-53,1,12.038466,0.414733,-0.414733,3.3098443,2e-06,-2e-06,1053.0,16.0,-16.0,4953.0,60.0,-60.0,0.798,0.023,-0.023,0.839,0.054,-0.054,0.414733,2e-06,16.0,0.023,0.023,0.054,0
WASP-55 b,WASP-55,1,14.72860064,0.23538859,-0.28022452,4.465631,1.3e-06,-1.3e-06,1342.0,111.0,-110.0,6096.0,71.0,-71.0,1.09,0.012,-0.013,1.071,0.025,-0.025,0.257806555,1.3e-06,110.5,0.0125,0.0125,0.025,0
WASP-57 b,WASP-57,1,11.76945,0.594077,-0.594077,2.83891856,8.1e-07,-8.1e-07,1338.0,29.0,-29.0,5600.0,100.0,-100.0,0.927,0.033,-0.033,0.886,0.067,-0.067,0.594077,8.1e-07,29.0,0.033,0.033,0.067,0
WASP-59 b,WASP-59,1,8.687,0.762,-0.762,7.919585,1e-05,-1e-05,670.0,35.0,-35.0,4650.0,150.0,-150.0,0.613,0.044,-0.044,0.719,0.035,-0.035,0.762,1e-05,35.0,0.044,0.044,0.035,0
WASP-6 b,WASP-6,1,12.5428494,0.19055267,-0.20176165,3.3610026,6.1e-07,-6.3e-06,1167.0,96.0,-96.0,5438.0,50.0,-50.0,0.79,0.008,-0.009,0.854,0.027,-0.023,0.19615716,3.455e-06,96.0,0.0085,0.0085,0.025,0
WASP-64 b,WASP-64,1,14.247,0.437,-0.437,1.5732918,1.5e-06,-1.5e-06,1689.0,49.0,-49.0,5400.0,100.0,-100.0,1.058,0.025,-0.025,1.004,0.028,-0.028,0.437,1.5e-06,49.0,0.025,0.025,0.028,0
WASP-65 b,WASP-65,1,12.464,0.661,-0.661,2.3114243,1.5e-06,-1.5e-06,1480.0,10.0,-10.0,5600.0,100.0,-100.0,1.01,0.05,-0.05,0.93,0.14,-0.14,0.661,1.5e-06,10.0,0.05,0.05,0.14,0
WASP-69 b,WASP-69,1,11.21,0.22,-0.22,3.86813881,1.3e-07,-1.3e-07,971.0,33.0,-33.0,4792.0,158.0,-158.0,0.801,0.015,-0.015,0.83,0.05,-0.05,0.22,1.3e-07,33.0,0.015,0.015,0.05,0
WASP-7 b,WASP-7,1,14.90797,1.042437,-1.042437,4.9546416,3.5e-06,-3.5e-06,1487.0,48.0,-48.0,6400.0,100.0,-100.0,1.432,0.092,-0.092,1.276,0.065,-0.065,1.042437,3.5e-06,48.0,0.092,0.092,0.065,0
WASP-70 A b,WASP-70 A,1,13.047,0.818,-1.143,3.7130203,4.7e-06,-4.7e-06,1387.0,40.0,-40.0,5763.0,79.0,-79.0,1.215,0.064,-0.089,1.106,0.042,-0.042,0.9804999999999999,4.7e-06,40.0,0.0765,0.0765,0.042,0
WASP-75 b,WASP-75,1,14.235,0.538,-0.538,2.484193,3e-06,-3e-06,1710.0,20.0,-20.0,6100.0,100.0,-100.0,1.26,0.04,-0.04,1.14,0.07,-0.07,0.538,3e-06,20.0,0.04,0.04,0.07,0
WASP-76 b,WASP-76,1,20.78145022,0.86309151,-0.85188253,1.80988198,6.4e-07,-5.6e-07,2228.0,122.0,-122.0,6329.0,65.0,-65.0,1.756,0.071,-0.071,1.458,0.021,-0.021,0.85748702,6e-07,122.0,0.071,0.071,0.021,0
WASP-79 b,WASP-79,1,17.14974047,0.44835923,-0.44835923,3.662392,4e-06,-4e-06,1716.2,25.8,-24.4,6600.0,100.0,-100.0,1.51,0.04,-0.03,1.39,0.06,-0.06,0.44835923,4e-06,25.1,0.035,0.035,0.06,0
WASP-80 b,WASP-80,1,11.197791,0.33627,-0.347479,3.06785234,8.3e-07,-7.9e-07,825.0,19.0,-19.0,4143.0,92.0,-94.0,0.586,0.017,-0.018,0.577,0.051,-0.054,0.34187449999999997,8.1e-07,19.0,0.0175,0.0175,0.0525,0
WASP-81 b,WASP-81,1,16.017661,0.571659,-0.515614,2.7164762,2.3e-06,-2.3e-06,1623.0,38.0,-37.0,5870.0,120.0,-120.0,1.283,0.04,-0.037,1.08,0.059,-0.058,0.5436365000000001,2.3e-06,37.5,0.0385,0.0385,0.058499999999999996,0
WASP-83 b,WASP-83,1,11.65736,0.89672,-0.56045,4.971252,1.5e-05,-1.5e-05,1120.0,30.0,-30.0,5510.0,110.0,-110.0,1.05,0.06,-0.04,1.11,0.09,-0.09,0.728585,1.5e-05,30.0,0.05,0.05,0.09,0
WASP-85 A b,WASP-85 A,1,13.89916,0.33627,-0.33627,2.6556777,4.4e-07,-4.4e-07,1452.0,6.0,-6.0,6112.0,27.0,-27.0,0.935,0.023,-0.023,1.09,0.08,-0.08,0.33627,4.4e-07,6.0,0.023,0.023,0.08,0
WASP-89 b,WASP-89,1,11.65736,0.44836,-0.44836,3.3564227,2.5e-06,-2.5e-06,1120.0,20.0,-20.0,5130.0,90.0,-90.0,0.88,0.03,-0.03,0.92,0.08,-0.08,0.44836,2.5e-06,20.0,0.03,0.03,0.08,0
WASP-90 b,WASP-90,1,18.27067,1.00881,-1.00881,3.916243,3e-06,-3e-06,1840.0,50.0,-50.0,6430.0,130.0,-130.0,1.98,0.09,-0.09,1.55,0.1,-0.1,1.00881,3e-06,50.0,0.09,0.09,0.1,0
WASP-91 b,WASP-91,1,11.54527,0.44836,-0.44836,2.798581,3e-06,-3e-06,1160.0,30.0,-30.0,4920.0,80.0,-80.0,0.86,0.03,-0.03,0.84,0.07,-0.07,0.44836,3e-06,30.0,0.03,0.03,0.07,0
WASP-92 b,WASP-92,1,16.376349,0.863093,-0.863093,2.1746742,1.6e-06,-1.6e-06,1871.0,56.0,-56.0,6280.0,120.0,-120.0,1.341,0.058,-0.058,1.19,0.037,-0.037,0.863093,1.6e-06,56.0,0.058,0.058,0.037,0
WASP-93 b,WASP-93,1,17.900773,0.863093,-0.863093,2.7325321,2e-06,-2e-06,1942.0,38.0,-38.0,6700.0,100.0,-100.0,1.524,0.04,-0.04,1.334,0.033,-0.033,0.863093,2e-06,38.0,0.04,0.04,0.033,0
WASP-96 b,WASP-96,1,13.45,0.67,-0.67,3.4252602,2.7e-06,-2.7e-06,1285.0,40.0,-40.0,5540.0,140.0,-140.0,1.05,0.05,-0.05,1.06,0.09,-0.09,0.67,2.7e-06,40.0,0.05,0.05,0.09,0
WASP-98 b,WASP-98,1,12.823096,0.381106,-0.381106,2.96264036,4.3e-07,-4.3e-07,1171.0,26.0,-26.0,5473.0,121.0,-121.0,0.741,0.021,-0.021,0.809,0.064,-0.064,0.381106,4.3e-07,26.0,0.021,0.021,0.064,0
WD 1856+534 b,WD 1856+534,1,10.4,1.0,-1.0,1.4079405,1.1e-06,-1.1e-06,163.0,14.0,-18.0,4710.0,60.0,-60.0,0.0131,0.00054,-0.00054,0.518,0.055,-0.055,1.0,1.1e-06,16.0,0.00054,0.00054,0.055,0
WTS-1 b,WTS-1,1,16.7,1.79,-2.02,3.352057,1.3e-05,-1.5e-05,1500.0,100.0,-100.0,6250.0,200.0,-200.0,1.15,0.1,-0.12,1.2,0.1,-0.1,1.905,1.4e-05,100.0,0.11,0.11,0.1,0
WTS-2 b,WTS-2,1,15.277867,0.683749,-0.683749,1.0187068,6.5e-07,-6.5e-07,2000.0,100.0,-100.0,5000.0,250.0,-250.0,0.752,0.032,-0.032,0.82,0.082,-0.082,0.683749,6.5e-07,100.0,0.032,0.032,0.082,0
Wendelstein-1 b,Wendelstein-1,1,11.5609626,0.0683749,-0.0683749,2.663416,1e-06,-1e-06,2198.0,,,4251.0,175.0,-175.0,0.61,0.09,-0.09,0.65,0.1,-0.1,0.0683749,1e-06,0.0,0.09,0.09,0.1,0
Wendelstein-2 b,Wendelstein-2,1,12.9934728,0.2286636,-0.235389,1.7522239,8e-07,-8e-07,2470.0,,,4591.0,195.0,-195.0,0.66,0.1,-0.1,0.73,0.11,-0.11,0.2320263,8e-07,0.0,0.1,0.1,0.11,0
Wolf 327 b,Wolf 327,1,1.24,0.06,-0.06,0.5734745,3e-07,-3e-07,996.0,22.0,-22.0,3542.0,70.0,-70.0,0.406,0.015,-0.015,0.405,0.019,-0.019,0.06,3e-07,22.0,0.015,0.015,0.019,0
Wolf 503 b,Wolf 503,1,2.043,0.069,-0.069,6.00127,2.1e-05,-2.1e-05,790.0,15.0,-15.0,4716.0,60.0,-60.0,0.689,0.021,-0.02,0.688,0.023,-0.016,0.069,2.1e-05,15.0,0.0205,0.0205,0.0195,0
XO-3 b,XO-3,1,14.79585452,0.28022452,-0.28022452,3.19152309,1.4e-07,-1.4e-07,1890.0,32.0,-29.0,6970.0,110.0,-100.0,1.523,0.027,-0.027,1.449,0.056,-0.058,0.28022452,1.4e-07,30.5,0.027,0.027,0.057,0
XO-5 b,XO-5,1,12.78,0.34,-0.34,4.1877558,6e-07,-6e-07,1230.0,20.0,-20.0,5430.0,70.0,-70.0,1.13,0.03,-0.03,1.04,0.03,-0.03,0.34,6e-07,20.0,0.03,0.03,0.03,0
XO-6 b,XO-6,1,23.20263,2.46598,-2.46598,3.7650007,8.1e-06,-8.1e-06,1577.0,28.0,-28.0,6720.0,100.0,-100.0,1.93,0.18,-0.18,1.47,0.06,-0.06,2.46598,8.1e-06,28.0,0.18,0.18,0.06,0
XO-7 b,XO-7,1,15.389957,0.291434,-0.291434,2.8641424,4.3e-06,-4.3e-06,1743.0,23.0,-23.0,6250.0,100.0,-100.0,1.48,0.022,-0.022,1.405,0.059,-0.059,0.291434,4.3e-06,23.0,0.022,0.022,0.059,0
